source,date,call_time,station,threshold_mph,avg30,avg60,min30,max30,peak_gust30,pct_over_threshold30,mean_dir,dir_consistency,in_ideal_pct,trend,trend_delta,rh_delta,neighbor_max,minutes_past_sunrise,minutes_until_gate,verdict,score,gate_open_hour,label,sustained_minutes,pre_gate_sustained_minutes,missed_due_to_gate,cycle_type,human_note
backtest,2025-07-31,05:00,DP Soda Lakes,15,10,9.2,10,10,15.9,0,277,100,100,HOLDING,1.7,2,0.8,-119,60,MARGINAL,2,6,false,0,0,false,30min,
backtest,2025-07-31,05:15,DP Soda Lakes,15,10,9.2,10,10,15.9,0,277,100,100,HOLDING,1.7,2,0.8,-104,45,MARGINAL,2,6,false,0,0,false,30min,
backtest,2025-07-31,05:30,DP Soda Lakes,15,10.5,10.3,10.5,10.5,17.2,0,284,100,100,HOLDING,0.5,4,2,-89,30,MARGINAL,2,6,false,0,0,false,30min,
backtest,2025-07-31,05:45,DP Soda Lakes,15,10.5,10.3,10.5,10.5,17.2,0,284,100,100,HOLDING,0.5,4,2,-74,15,MARGINAL,2,6,false,0,0,false,30min,
backtest,2025-07-31,06:00,DP Soda Lakes,15,10.1,10.3,10.1,10.1,18.6,0,285,100,100,HOLDING,-0.4,6,1.3,-59,0,MARGINAL,1,6,false,0,0,false,30min,
backtest,2025-07-31,06:15,DP Soda Lakes,15,10.1,10.3,10.1,10.1,18.6,0,285,100,100,HOLDING,-0.4,6,1.3,-44,-15,MARGINAL,1,6,false,0,0,false,30min,
backtest,2025-07-31,06:30,DP Soda Lakes,15,11,10.6,11,11,18.3,0,280,100,100,HOLDING,0.9,7,1.1,-29,-30,MARGINAL,1,6,false,0,0,false,30min,
backtest,2025-07-31,06:45,DP Soda Lakes,15,11,10.6,11,11,18.3,0,280,100,100,HOLDING,0.9,7,1.1,-14,-45,MARGINAL,1,6,false,0,0,false,30min,
backtest,2025-07-31,07:00,DP Soda Lakes,15,12,11.5,12,12,19,0,274,100,100,HOLDING,1,7,2.6,1,-60,MARGINAL,1,6,false,0,0,false,30min,
backtest,2025-08-01,05:00,DP Soda Lakes,15,13.4,10.6,13.4,13.4,24.8,0,287,100,100,BUILDING,5.7,-18,0.9,-120,60,GO,6,6,true,30,0,false,30min,
backtest,2025-08-01,05:15,DP Soda Lakes,15,13.4,10.6,13.4,13.4,24.8,0,287,100,100,BUILDING,5.7,-18,0.9,-105,45,GO,6,6,true,30,0,false,30min,
backtest,2025-08-01,05:30,DP Soda Lakes,15,8,10.7,8,8,17.2,0,278,100,100,DECAYING,-5.4,-21,1.8,-90,30,NO_GO,0,6,true,30,0,false,30min,
backtest,2025-08-01,05:45,DP Soda Lakes,15,8,10.7,8,8,17.2,0,278,100,100,DECAYING,-5.4,-21,1.8,-75,15,NO_GO,0,6,true,30,0,false,30min,
backtest,2025-08-01,06:00,DP Soda Lakes,15,15.1,11.6,15.1,15.1,25.9,100,282,100,100,BUILDING,7.1,-26,2,-60,0,GO,7,6,true,30,0,false,30min,
backtest,2025-08-01,06:15,DP Soda Lakes,15,15.1,11.6,15.1,15.1,25.9,100,282,100,100,BUILDING,7.1,-26,2,-45,-15,GO,7,6,true,30,0,false,30min,
backtest,2025-08-01,06:30,DP Soda Lakes,15,4.8,9.9,4.8,4.8,21,0,312,100,50,DECAYING,-10.3,-24,2,-30,-30,NO_GO,0,6,true,30,0,false,30min,
backtest,2025-08-01,06:45,DP Soda Lakes,15,4.8,9.9,4.8,4.8,21,0,312,100,50,DECAYING,-10.3,-24,2,-15,-45,NO_GO,0,6,true,30,0,false,30min,
backtest,2025-08-01,07:00,DP Soda Lakes,15,3.1,4,3.1,3.1,6.9,0,62,0,0,HOLDING,-1.7,-3,2.5,0,-60,NO_GO,0,6,true,30,0,false,30min,
backtest,2025-08-02,05:00,DP Soda Lakes,15,2.5,3,2.5,2.5,7.8,0,314,100,50,HOLDING,-0.9,9,2,-121,60,NO_GO,0,6,false,0,0,false,30min,
backtest,2025-08-02,05:15,DP Soda Lakes,15,2.5,3,2.5,2.5,7.8,0,314,100,50,HOLDING,-0.9,9,2,-106,45,NO_GO,0,6,false,0,0,false,30min,
backtest,2025-08-02,05:30,DP Soda Lakes,15,3.9,3.2,3.9,3.9,12.8,0,294,0,0,HOLDING,1.4,-1,1.3,-91,30,NO_GO,0,6,false,0,0,false,30min,
backtest,2025-08-02,05:45,DP Soda Lakes,15,3.9,3.2,3.9,3.9,12.8,0,294,0,0,HOLDING,1.4,-1,1.3,-76,15,NO_GO,0,6,false,0,0,false,30min,
backtest,2025-08-02,06:00,DP Soda Lakes,15,2.8,3.3,2.8,2.8,8.5,0,280,100,50,HOLDING,-1.1,0,1.3,-61,0,NO_GO,0,6,false,0,0,false,30min,
backtest,2025-08-02,06:15,DP Soda Lakes,15,2.8,3.3,2.8,2.8,8.5,0,280,100,50,HOLDING,-1.1,0,1.3,-46,-15,NO_GO,0,6,false,0,0,false,30min,
backtest,2025-08-02,06:30,DP Soda Lakes,15,3,2.9,3,3,9.2,0,337,100,50,HOLDING,0.2,0,0.2,-31,-30,NO_GO,0,6,false,0,0,false,30min,
backtest,2025-08-02,06:45,DP Soda Lakes,15,3,2.9,3,3,9.2,0,337,100,50,HOLDING,0.2,0,0.2,-16,-45,NO_GO,0,6,false,0,0,false,30min,
backtest,2025-08-02,07:00,DP Soda Lakes,15,1.6,2.3,1.6,1.6,6.7,0,281,0,0,HOLDING,-1.4,-3,0.7,-1,-60,NO_GO,0,6,false,0,0,false,30min,
backtest,2025-08-03,05:00,DP Soda Lakes,15,11.8,11.4,11.8,11.8,25.5,0,291,100,100,HOLDING,0.8,-10,4.2,-122,60,MARGINAL,3,6,true,30,0,false,30min,
backtest,2025-08-03,05:15,DP Soda Lakes,15,11.8,11.4,11.8,11.8,25.5,0,291,100,100,HOLDING,0.8,-10,4.2,-107,45,MARGINAL,3,6,true,30,0,false,30min,
backtest,2025-08-03,05:30,DP Soda Lakes,15,10.8,11.3,10.8,10.8,23.3,0,295,100,100,HOLDING,-1,-9,3.7,-92,30,MARGINAL,3,6,true,30,0,false,30min,
backtest,2025-08-03,05:45,DP Soda Lakes,15,10.8,11.3,10.8,10.8,23.3,0,295,100,100,HOLDING,-1,-9,3.7,-77,15,MARGINAL,3,6,true,30,0,false,30min,
backtest,2025-08-03,06:00,DP Soda Lakes,15,12.8,11.8,12.8,12.8,31.3,0,299,100,100,HOLDING,2,-11,2.1,-62,0,GO,5,6,true,30,0,false,30min,
backtest,2025-08-03,06:15,DP Soda Lakes,15,12.8,11.8,12.8,12.8,31.3,0,299,100,100,HOLDING,2,-11,2.1,-47,-15,GO,5,6,true,30,0,false,30min,
backtest,2025-08-03,06:30,DP Soda Lakes,15,18.4,15.6,18.4,18.4,28.2,100,293,100,100,BUILDING,5.6,-11,1.1,-32,-30,GO,7,6,true,30,0,false,30min,
backtest,2025-08-03,06:45,DP Soda Lakes,15,18.4,15.6,18.4,18.4,28.2,100,293,100,100,BUILDING,5.6,-11,1.1,-17,-45,GO,7,6,true,30,0,false,30min,
backtest,2025-08-03,07:00,DP Soda Lakes,15,14.9,16.6,14.9,14.9,22.8,0,291,100,100,DECAYING,-3.5,-9,1.8,-2,-60,GO,4,6,true,30,0,false,30min,
backtest,2025-08-04,05:00,DP Soda Lakes,15,6.6,5.1,6.6,6.6,14.5,0,276,100,100,HOLDING,3,5,0.4,-123,60,NO_GO,0,6,false,0,0,false,30min,
backtest,2025-08-04,05:15,DP Soda Lakes,15,6.6,5.1,6.6,6.6,14.5,0,276,100,100,HOLDING,3,5,0.4,-108,45,NO_GO,0,6,false,0,0,false,30min,
backtest,2025-08-04,05:30,DP Soda Lakes,15,8.1,7.3,8.1,8.1,15.9,0,284,100,100,HOLDING,1.5,6,1.8,-93,30,NO_GO,0,6,false,0,0,false,30min,
backtest,2025-08-04,05:45,DP Soda Lakes,15,8.1,7.3,8.1,8.1,15.9,0,284,100,100,HOLDING,1.5,6,1.8,-78,15,NO_GO,0,6,false,0,0,false,30min,
backtest,2025-08-04,06:00,DP Soda Lakes,15,9.9,9,9.9,9.9,19,0,285,100,100,HOLDING,1.8,6,2,-63,0,MARGINAL,1,6,false,0,0,false,30min,
backtest,2025-08-04,06:15,DP Soda Lakes,15,9.9,9,9.9,9.9,19,0,285,100,100,HOLDING,1.8,6,2,-48,-15,MARGINAL,1,6,false,0,0,false,30min,
backtest,2025-08-04,06:30,DP Soda Lakes,15,8.2,9.1,8.2,8.2,18.3,0,280,100,100,HOLDING,-1.7,7,1.6,-33,-30,NO_GO,0,6,false,0,0,false,30min,
backtest,2025-08-04,06:45,DP Soda Lakes,15,8.2,9.1,8.2,8.2,18.3,0,280,100,100,HOLDING,-1.7,7,1.6,-18,-45,NO_GO,0,6,false,0,0,false,30min,
backtest,2025-08-04,07:00,DP Soda Lakes,15,4.6,6.4,4.6,4.6,12.5,0,278,100,100,DECAYING,-3.6,8,1.3,-3,-60,NO_GO,0,6,false,0,0,false,30min,
backtest,2025-08-05,05:00,DP Soda Lakes,15,3.1,6,3.1,3.1,16.6,0,1,0,50,DECAYING,-5.7,-13,1.8,-124,60,NO_GO,0,6,false,0,0,false,30min,
backtest,2025-08-05,05:15,DP Soda Lakes,15,3.1,6,3.1,3.1,16.6,0,1,0,50,DECAYING,-5.7,-13,1.8,-109,45,NO_GO,0,6,false,0,0,false,30min,
backtest,2025-08-05,05:30,DP Soda Lakes,15,2.7,2.9,2.7,2.7,7.4,0,81,100,0,HOLDING,-0.4,-10,2.5,-94,30,NO_GO,0,6,false,0,0,false,30min,
backtest,2025-08-05,05:45,DP Soda Lakes,15,2.7,2.9,2.7,2.7,7.4,0,81,100,0,HOLDING,-0.4,-10,2.5,-79,15,NO_GO,0,6,false,0,0,false,30min,
backtest,2025-08-05,06:00,DP Soda Lakes,15,2.2,2.5,2.2,2.2,6.7,0,113,100,0,HOLDING,-0.5,-4,2.4,-64,0,NO_GO,0,6,false,0,0,false,30min,
backtest,2025-08-05,06:15,DP Soda Lakes,15,2.2,2.5,2.2,2.2,6.7,0,113,100,0,HOLDING,-0.5,-4,2.4,-49,-15,NO_GO,0,6,false,0,0,false,30min,
backtest,2025-08-05,06:30,DP Soda Lakes,15,2.8,2.5,2.8,2.8,7.4,0,143,100,0,HOLDING,0.6,-2,1.9,-34,-30,NO_GO,0,6,false,0,0,false,30min,
backtest,2025-08-05,06:45,DP Soda Lakes,15,2.8,2.5,2.8,2.8,7.4,0,143,100,0,HOLDING,0.6,-2,1.9,-19,-45,NO_GO,0,6,false,0,0,false,30min,
backtest,2025-08-05,07:00,DP Soda Lakes,15,2.6,2.7,2.6,2.6,6,0,149,100,0,HOLDING,-0.2,-4,2.6,-4,-60,NO_GO,0,6,false,0,0,false,30min,
backtest,2025-08-06,05:00,DP Soda Lakes,15,4.6,4,4.6,4.6,13,0,235,0,50,HOLDING,1.2,3,2.7,-125,60,NO_GO,0,6,false,0,150,true,30min,
backtest,2025-08-06,05:15,DP Soda Lakes,15,4.6,4,4.6,4.6,13,0,235,0,50,HOLDING,1.2,3,2.7,-110,45,NO_GO,0,6,false,0,150,true,30min,
backtest,2025-08-06,05:30,DP Soda Lakes,15,4.8,4.7,4.8,4.8,18.3,0,299,100,100,HOLDING,0.2,2,2.3,-95,30,NO_GO,0,6,false,0,150,true,30min,
backtest,2025-08-06,05:45,DP Soda Lakes,15,4.8,4.7,4.8,4.8,18.3,0,299,100,100,HOLDING,0.2,2,2.3,-80,15,NO_GO,0,6,false,0,150,true,30min,
backtest,2025-08-06,06:00,DP Soda Lakes,15,4.4,4.6,4.4,4.4,11,0,289,100,100,HOLDING,-0.4,6,2.7,-65,0,NO_GO,0,6,false,0,150,true,30min,
backtest,2025-08-06,06:15,DP Soda Lakes,15,4.4,4.6,4.4,4.4,11,0,289,100,100,HOLDING,-0.4,6,2.7,-50,-15,NO_GO,0,6,false,0,150,true,30min,
backtest,2025-08-06,06:30,DP Soda Lakes,15,2.7,3.6,2.7,2.7,8.5,0,297,100,100,HOLDING,-1.7,8,2.4,-35,-30,NO_GO,0,6,false,0,150,true,30min,
backtest,2025-08-06,06:45,DP Soda Lakes,15,2.7,3.6,2.7,2.7,8.5,0,297,100,100,HOLDING,-1.7,8,2.4,-20,-45,NO_GO,0,6,false,0,150,true,30min,
backtest,2025-08-06,07:00,DP Soda Lakes,15,8.1,5.4,8.1,8.1,25.9,0,283,100,100,BUILDING,5.4,4,2.3,-5,-60,NO_GO,0,6,false,0,150,true,30min,
backtest,2025-08-07,05:00,DP Soda Lakes,15,15.8,14.2,15.8,15.8,25.3,100,271,100,100,BUILDING,3.2,0,1.6,-126,60,GO,6,6,true,60,60,false,30min,
backtest,2025-08-07,05:15,DP Soda Lakes,15,15.8,14.2,15.8,15.8,25.3,100,271,100,100,BUILDING,3.2,0,1.6,-111,45,GO,6,6,true,60,60,false,30min,
backtest,2025-08-07,05:30,DP Soda Lakes,15,15.2,15.5,15.2,15.2,21.9,100,272,100,100,HOLDING,-0.6,1,1.1,-96,30,GO,5,6,true,60,60,false,30min,
backtest,2025-08-07,05:45,DP Soda Lakes,15,15.2,15.5,15.2,15.2,21.9,100,272,100,100,HOLDING,-0.6,1,1.1,-81,15,GO,5,6,true,60,60,false,30min,
backtest,2025-08-07,06:00,DP Soda Lakes,15,13,14.1,13,13,21.7,0,269,100,50,HOLDING,-2.2,2,1.1,-66,0,MARGINAL,2,6,true,60,60,false,30min,
backtest,2025-08-07,06:15,DP Soda Lakes,15,13,14.1,13,13,21.7,0,269,100,50,HOLDING,-2.2,2,1.1,-51,-15,MARGINAL,2,6,true,60,60,false,30min,
backtest,2025-08-07,06:30,DP Soda Lakes,15,16,14.5,16,16,25.9,100,269,100,50,HOLDING,3,2,1,-36,-30,MARGINAL,3,6,true,60,60,false,30min,
backtest,2025-08-07,06:45,DP Soda Lakes,15,16,14.5,16,16,25.9,100,269,100,50,HOLDING,3,2,1,-21,-45,MARGINAL,3,6,true,60,60,false,30min,
backtest,2025-08-07,07:00,DP Soda Lakes,15,15.9,15.9,15.9,15.9,26.6,100,271,100,100,HOLDING,-0.1,1,1.3,-6,-60,GO,5,6,true,60,60,false,30min,
backtest,2025-08-08,05:00,DP Soda Lakes,15,12.2,12.4,12.2,12.2,18.1,0,273,100,50,HOLDING,-0.5,0,1.3,-127,60,NO_GO,0,6,false,0,0,false,30min,
backtest,2025-08-08,05:15,DP Soda Lakes,15,12.2,12.4,12.2,12.2,18.1,0,273,100,50,HOLDING,-0.5,0,1.3,-112,45,NO_GO,0,6,false,0,0,false,30min,
backtest,2025-08-08,05:30,DP Soda Lakes,15,11.3,11.8,11.3,11.3,17.9,0,282,100,100,HOLDING,-0.9,1,1.2,-97,30,MARGINAL,2,6,false,0,0,false,30min,
backtest,2025-08-08,05:45,DP Soda Lakes,15,11.3,11.8,11.3,11.3,17.9,0,282,100,100,HOLDING,-0.9,1,1.2,-82,15,MARGINAL,2,6,false,0,0,false,30min,
backtest,2025-08-08,06:00,DP Soda Lakes,15,9.6,10.4,9.6,9.6,15.9,0,284,100,100,HOLDING,-1.7,1,1.2,-67,0,MARGINAL,2,6,false,0,0,false,30min,
backtest,2025-08-08,06:15,DP Soda Lakes,15,9.6,10.4,9.6,9.6,15.9,0,284,100,100,HOLDING,-1.7,1,1.2,-52,-15,MARGINAL,2,6,false,0,0,false,30min,
backtest,2025-08-08,06:30,DP Soda Lakes,15,7.2,8.4,7.2,7.2,14.8,0,279,100,100,HOLDING,-2.4,1,1.3,-37,-30,NO_GO,0,6,false,0,0,false,30min,
backtest,2025-08-08,06:45,DP Soda Lakes,15,7.2,8.4,7.2,7.2,14.8,0,279,100,100,HOLDING,-2.4,1,1.3,-22,-45,NO_GO,0,6,false,0,0,false,30min,
backtest,2025-08-08,07:00,DP Soda Lakes,15,2.1,4.7,2.1,2.1,8.3,0,281,100,100,DECAYING,-5.1,6,1.3,-7,-60,NO_GO,0,6,false,0,0,false,30min,
backtest,2025-08-09,05:00,DP Soda Lakes,15,2.2,2.2,2.2,2.2,7.8,0,28,100,0,HOLDING,0.1,4,2.7,-128,60,NO_GO,0,6,true,30,0,false,30min,
backtest,2025-08-09,05:15,DP Soda Lakes,15,2.2,2.2,2.2,2.2,7.8,0,28,100,0,HOLDING,0.1,4,2.7,-113,45,NO_GO,0,6,true,30,0,false,30min,
backtest,2025-08-09,05:30,DP Soda Lakes,15,5.1,3.6,5.1,5.1,10.3,0,130,0,0,HOLDING,2.9,-4,1.9,-98,30,NO_GO,0,6,true,30,0,false,30min,
backtest,2025-08-09,05:45,DP Soda Lakes,15,5.1,3.6,5.1,5.1,10.3,0,130,0,0,HOLDING,2.9,-4,1.9,-83,15,NO_GO,0,6,true,30,0,false,30min,
backtest,2025-08-09,06:00,DP Soda Lakes,15,4.5,4.8,4.5,4.5,11,0,244,100,50,HOLDING,-0.6,-1,0.5,-68,0,NO_GO,0,6,true,30,0,false,30min,
backtest,2025-08-09,06:15,DP Soda Lakes,15,4.5,4.8,4.5,4.5,11,0,244,100,50,HOLDING,-0.6,-1,0.5,-53,-15,NO_GO,0,6,true,30,0,false,30min,
backtest,2025-08-09,06:30,DP Soda Lakes,15,3.8,4.2,3.8,3.8,14.1,0,290,100,100,HOLDING,-0.7,2,0.6,-38,-30,NO_GO,0,6,true,30,0,false,30min,
backtest,2025-08-09,06:45,DP Soda Lakes,15,3.8,4.2,3.8,3.8,14.1,0,290,100,100,HOLDING,-0.7,2,0.6,-23,-45,NO_GO,0,6,true,30,0,false,30min,
backtest,2025-08-09,07:00,DP Soda Lakes,15,8.9,6.3,8.9,8.9,18.3,0,288,100,100,BUILDING,5.1,0,1,-8,-60,NO_GO,0,6,true,30,0,false,30min,
backtest,2025-08-10,05:00,DP Soda Lakes,15,5.1,5.7,5.1,5.1,11.9,0,161,100,0,HOLDING,-1.1,-32,1.8,-129,60,NO_GO,0,6,false,0,0,false,30min,
backtest,2025-08-10,05:15,DP Soda Lakes,15,5.1,5.7,5.1,5.1,11.9,0,161,100,0,HOLDING,-1.1,-32,1.8,-114,45,NO_GO,0,6,false,0,0,false,30min,
backtest,2025-08-10,05:30,DP Soda Lakes,15,4.2,4.7,4.2,4.2,10.7,0,231,100,0,HOLDING,-0.9,-25,1.8,-99,30,NO_GO,0,6,false,0,0,false,30min,
backtest,2025-08-10,05:45,DP Soda Lakes,15,4.2,4.7,4.2,4.2,10.7,0,231,100,0,HOLDING,-0.9,-25,1.8,-84,15,NO_GO,0,6,false,0,0,false,30min,
backtest,2025-08-10,06:00,DP Soda Lakes,15,1.5,2.9,1.5,1.5,4,0,320,0,0,HOLDING,-2.7,-11,2.4,-69,0,NO_GO,0,6,false,0,0,false,30min,
backtest,2025-08-10,06:15,DP Soda Lakes,15,1.5,2.9,1.5,1.5,4,0,320,0,0,HOLDING,-2.7,-11,2.4,-54,-15,NO_GO,0,6,false,0,0,false,30min,
backtest,2025-08-10,06:30,DP Soda Lakes,15,2,1.8,2,2,5.4,0,346,100,50,HOLDING,0.5,-9,4.2,-39,-30,NO_GO,0,6,false,0,0,false,30min,
backtest,2025-08-10,06:45,DP Soda Lakes,15,2,1.8,2,2,5.4,0,346,100,50,HOLDING,0.5,-9,4.2,-24,-45,NO_GO,0,6,false,0,0,false,30min,
backtest,2025-08-10,07:00,DP Soda Lakes,15,1.3,1.6,1.3,1.3,6.3,0,329,100,50,HOLDING,-0.7,-9,6.2,-9,-60,NO_GO,0,6,false,0,0,false,30min,
backtest,2025-08-11,05:00,DP Soda Lakes,15,11.2,11.6,11.2,11.2,21,0,269,100,50,HOLDING,-0.8,4,0.7,-130,60,NO_GO,0,6,true,90,0,false,30min,
backtest,2025-08-11,05:15,DP Soda Lakes,15,11.2,11.6,11.2,11.2,21,0,269,100,50,HOLDING,-0.8,4,0.7,-115,45,NO_GO,0,6,true,90,0,false,30min,
backtest,2025-08-11,05:30,DP Soda Lakes,15,14.2,12.7,14.2,14.2,24.4,0,267,100,50,HOLDING,3,4,2,-100,30,MARGINAL,2,6,true,90,0,false,30min,
backtest,2025-08-11,05:45,DP Soda Lakes,15,14.2,12.7,14.2,14.2,24.4,0,267,100,50,HOLDING,3,4,2,-85,15,MARGINAL,2,6,true,90,0,false,30min,
backtest,2025-08-11,06:00,DP Soda Lakes,15,15.4,14.8,15.4,15.4,24.2,100,274,100,100,HOLDING,1.2,1,1.2,-70,0,GO,5,6,true,90,0,false,30min,
backtest,2025-08-11,06:15,DP Soda Lakes,15,15.4,14.8,15.4,15.4,24.2,100,274,100,100,HOLDING,1.2,1,1.2,-55,-15,GO,5,6,true,90,0,false,30min,
backtest,2025-08-11,06:30,DP Soda Lakes,15,18.2,16.8,18.2,18.2,27.7,100,276,100,100,HOLDING,2.8,-4,1,-40,-30,GO,5,6,true,90,0,false,30min,
backtest,2025-08-11,06:45,DP Soda Lakes,15,18.2,16.8,18.2,18.2,27.7,100,276,100,100,HOLDING,2.8,-4,1,-25,-45,GO,5,6,true,90,0,false,30min,
backtest,2025-08-11,07:00,DP Soda Lakes,15,19.2,18.7,19.2,19.2,29.8,100,276,100,100,HOLDING,1,-10,2.4,-10,-60,GO,6,6,true,90,0,false,30min,
backtest,2025-08-12,05:00,DP Soda Lakes,15,10.4,13.9,10.4,10.4,22.4,0,284,100,100,DECAYING,-7.1,4,0.6,-130,60,MARGINAL,1,6,false,0,240,true,30min,
backtest,2025-08-12,05:15,DP Soda Lakes,15,10.4,13.9,10.4,10.4,22.4,0,284,100,100,DECAYING,-7.1,4,0.6,-115,45,MARGINAL,1,6,false,0,240,true,30min,
backtest,2025-08-12,05:30,DP Soda Lakes,15,11,10.7,11,11,17.4,0,284,100,100,HOLDING,0.6,5,0.8,-100,30,MARGINAL,1,6,false,0,240,true,30min,
backtest,2025-08-12,05:45,DP Soda Lakes,15,11,10.7,11,11,17.4,0,284,100,100,HOLDING,0.6,5,0.8,-85,15,MARGINAL,1,6,false,0,240,true,30min,
backtest,2025-08-12,06:00,DP Soda Lakes,15,8.9,9.9,8.9,8.9,15.4,0,289,100,100,HOLDING,-2.1,6,1.6,-70,0,NO_GO,0,6,false,0,240,true,30min,
backtest,2025-08-12,06:15,DP Soda Lakes,15,8.9,9.9,8.9,8.9,15.4,0,289,100,100,HOLDING,-2.1,6,1.6,-55,-15,NO_GO,0,6,false,0,240,true,30min,
backtest,2025-08-12,06:30,DP Soda Lakes,15,8.5,8.7,8.5,8.5,14.5,0,297,100,100,HOLDING,-0.4,7,2.8,-40,-30,NO_GO,0,6,false,0,240,true,30min,
backtest,2025-08-12,06:45,DP Soda Lakes,15,8.5,8.7,8.5,8.5,14.5,0,297,100,100,HOLDING,-0.4,7,2.8,-25,-45,NO_GO,0,6,false,0,240,true,30min,
backtest,2025-08-12,07:00,DP Soda Lakes,15,8.5,8.5,8.5,8.5,16.8,0,283,100,100,HOLDING,0,8,2.1,-10,-60,NO_GO,0,6,false,0,240,true,30min,
backtest,2025-08-13,05:00,DP Soda Lakes,15,13.2,11.9,13.2,13.2,22.6,0,287,100,100,HOLDING,2.5,-3,1.3,-131,60,GO,4,6,true,30,30,false,30min,
backtest,2025-08-13,05:15,DP Soda Lakes,15,13.2,11.9,13.2,13.2,22.6,0,287,100,100,HOLDING,2.5,-3,1.3,-116,45,GO,4,6,true,30,30,false,30min,
backtest,2025-08-13,05:30,DP Soda Lakes,15,16.3,14.8,16.3,16.3,25.3,100,290,100,100,BUILDING,3.1,-3,1.1,-101,30,GO,6,6,true,30,30,false,30min,
backtest,2025-08-13,05:45,DP Soda Lakes,15,16.3,14.8,16.3,16.3,25.3,100,290,100,100,BUILDING,3.1,-3,1.1,-86,15,GO,6,6,true,30,30,false,30min,
backtest,2025-08-13,06:00,DP Soda Lakes,15,17,16.6,17,17,28,100,288,100,100,HOLDING,0.7,-4,1.4,-71,0,GO,5,6,true,30,30,false,30min,
backtest,2025-08-13,06:15,DP Soda Lakes,15,17,16.6,17,17,28,100,288,100,100,HOLDING,0.7,-4,1.4,-56,-15,GO,5,6,true,30,30,false,30min,
backtest,2025-08-13,06:30,DP Soda Lakes,15,8.1,12.6,8.1,8.1,28.2,0,281,100,100,DECAYING,-8.9,-6,2.2,-41,-30,NO_GO,0,6,true,30,30,false,30min,
backtest,2025-08-13,06:45,DP Soda Lakes,15,8.1,12.6,8.1,8.1,28.2,0,281,100,100,DECAYING,-8.9,-6,2.2,-26,-45,NO_GO,0,6,true,30,30,false,30min,
backtest,2025-08-13,07:00,DP Soda Lakes,15,7.3,7.7,7.3,7.3,25.3,0,293,100,100,HOLDING,-0.8,-6,3,-11,-60,NO_GO,0,6,true,30,30,false,30min,
backtest,2025-08-14,05:00,DP Soda Lakes,15,18.1,17.7,18.1,18.1,28.4,100,276,100,100,HOLDING,0.8,3,1.8,-132,60,GO,5,6,true,210,150,false,30min,
backtest,2025-08-14,05:15,DP Soda Lakes,15,18.1,17.7,18.1,18.1,28.4,100,276,100,100,HOLDING,0.8,3,1.8,-117,45,GO,5,6,true,210,150,false,30min,
backtest,2025-08-14,05:30,DP Soda Lakes,15,18.5,18.3,18.5,18.5,28.9,100,274,100,100,HOLDING,0.4,3,1.7,-102,30,GO,5,6,true,210,150,false,30min,
backtest,2025-08-14,05:45,DP Soda Lakes,15,18.5,18.3,18.5,18.5,28.9,100,274,100,100,HOLDING,0.4,3,1.7,-87,15,GO,5,6,true,210,150,false,30min,
backtest,2025-08-14,06:00,DP Soda Lakes,15,20.5,19.5,20.5,20.5,34,100,275,100,100,HOLDING,2,3,1.1,-72,0,GO,5,6,true,210,150,false,30min,
backtest,2025-08-14,06:15,DP Soda Lakes,15,20.5,19.5,20.5,20.5,34,100,275,100,100,HOLDING,2,3,1.1,-57,-15,GO,5,6,true,210,150,false,30min,
backtest,2025-08-14,06:30,DP Soda Lakes,15,19.3,19.9,19.3,19.3,35.3,100,274,100,100,HOLDING,-1.2,1,1.1,-42,-30,GO,5,6,true,210,150,false,30min,
backtest,2025-08-14,06:45,DP Soda Lakes,15,19.3,19.9,19.3,19.3,35.3,100,274,100,100,HOLDING,-1.2,1,1.1,-27,-45,GO,5,6,true,210,150,false,30min,
backtest,2025-08-14,07:00,DP Soda Lakes,15,20.3,19.8,20.3,20.3,31.1,100,274,100,100,HOLDING,1,2,2.2,-12,-60,GO,5,6,true,210,150,false,30min,
backtest,2025-08-15,05:00,DP Soda Lakes,15,12.3,10.4,12.3,12.3,19.2,0,278,100,100,BUILDING,3.7,4,2.2,-133,60,MARGINAL,3,6,true,180,0,false,30min,
backtest,2025-08-15,05:15,DP Soda Lakes,15,12.3,10.4,12.3,12.3,19.2,0,278,100,100,BUILDING,3.7,4,2.2,-118,45,MARGINAL,3,6,true,180,0,false,30min,
backtest,2025-08-15,05:30,DP Soda Lakes,15,14.7,13.5,14.7,14.7,22.1,0,280,100,100,HOLDING,2.4,5,3,-103,30,MARGINAL,3,6,true,180,0,false,30min,
backtest,2025-08-15,05:45,DP Soda Lakes,15,14.7,13.5,14.7,14.7,22.1,0,280,100,100,HOLDING,2.4,5,3,-88,15,MARGINAL,3,6,true,180,0,false,30min,
backtest,2025-08-15,06:00,DP Soda Lakes,15,15.7,15.2,15.7,15.7,24.6,100,277,100,100,HOLDING,1,3,3.3,-73,0,GO,5,6,true,180,0,false,30min,
backtest,2025-08-15,06:15,DP Soda Lakes,15,15.7,15.2,15.7,15.7,24.6,100,277,100,100,HOLDING,1,3,3.3,-58,-15,GO,5,6,true,180,0,false,30min,
backtest,2025-08-15,06:30,DP Soda Lakes,15,16.1,15.9,16.1,16.1,25.3,100,277,100,100,HOLDING,0.4,4,1.7,-43,-30,GO,5,6,true,180,0,false,30min,
backtest,2025-08-15,06:45,DP Soda Lakes,15,16.1,15.9,16.1,16.1,25.3,100,277,100,100,HOLDING,0.4,4,1.7,-28,-45,GO,5,6,true,180,0,false,30min,
backtest,2025-08-15,07:00,DP Soda Lakes,15,17.5,16.8,17.5,17.5,26.6,100,278,100,100,HOLDING,1.4,3,2.6,-13,-60,GO,5,6,true,180,0,false,30min,
backtest,2025-08-16,05:00,DP Soda Lakes,15,12.8,14.6,12.8,12.8,21.5,0,278,100,100,DECAYING,-3.5,2,1.3,-134,60,MARGINAL,3,6,true,30,30,false,30min,
backtest,2025-08-16,05:15,DP Soda Lakes,15,12.8,14.6,12.8,12.8,21.5,0,278,100,100,DECAYING,-3.5,2,1.3,-119,45,MARGINAL,3,6,true,30,30,false,30min,
backtest,2025-08-16,05:30,DP Soda Lakes,15,13.1,12.9,13.1,13.1,22.6,0,277,100,100,HOLDING,0.3,2,2.1,-104,30,GO,4,6,true,30,30,false,30min,
backtest,2025-08-16,05:45,DP Soda Lakes,15,13.1,12.9,13.1,13.1,22.6,0,277,100,100,HOLDING,0.3,2,2.1,-89,15,GO,4,6,true,30,30,false,30min,
backtest,2025-08-16,06:00,DP Soda Lakes,15,15.3,14.2,15.3,15.3,23.9,100,272,100,50,HOLDING,2.2,2,3.2,-74,0,MARGINAL,3,6,true,30,30,false,30min,
backtest,2025-08-16,06:15,DP Soda Lakes,15,15.3,14.2,15.3,15.3,23.9,100,272,100,50,HOLDING,2.2,2,3.2,-59,-15,MARGINAL,3,6,true,30,30,false,30min,
backtest,2025-08-16,06:30,DP Soda Lakes,15,14.6,14.9,14.6,14.6,20.4,0,269,100,50,HOLDING,-0.7,3,0.8,-44,-30,MARGINAL,2,6,true,30,30,false,30min,
backtest,2025-08-16,06:45,DP Soda Lakes,15,14.6,14.9,14.6,14.6,20.4,0,269,100,50,HOLDING,-0.7,3,0.8,-29,-45,MARGINAL,2,6,true,30,30,false,30min,
backtest,2025-08-16,07:00,DP Soda Lakes,15,14.6,14.6,14.6,14.6,21.7,0,271,100,100,HOLDING,0,3,1.3,-14,-60,GO,4,6,true,30,30,false,30min,
backtest,2025-08-17,05:00,DP Soda Lakes,15,14,16,14,14,24.6,0,285,100,100,DECAYING,-4,-1,2.5,-135,60,MARGINAL,3,6,false,0,60,true,30min,
backtest,2025-08-17,05:15,DP Soda Lakes,15,14,16,14,14,24.6,0,285,100,100,DECAYING,-4,-1,2.5,-120,45,MARGINAL,3,6,false,0,60,true,30min,
backtest,2025-08-17,05:30,DP Soda Lakes,15,15.8,14.9,15.8,15.8,24.4,100,278,100,100,HOLDING,1.8,-1,1.8,-105,30,GO,5,6,false,0,60,true,30min,
backtest,2025-08-17,05:45,DP Soda Lakes,15,15.8,14.9,15.8,15.8,24.4,100,278,100,100,HOLDING,1.8,-1,1.8,-90,15,GO,5,6,false,0,60,true,30min,
backtest,2025-08-17,06:00,DP Soda Lakes,15,13.6,14.7,13.6,13.6,20.8,0,286,100,100,HOLDING,-2.2,-2,1.7,-75,0,GO,4,6,false,0,60,true,30min,
backtest,2025-08-17,06:15,DP Soda Lakes,15,13.6,14.7,13.6,13.6,20.8,0,286,100,100,HOLDING,-2.2,-2,1.7,-60,-15,GO,4,6,false,0,60,true,30min,
backtest,2025-08-17,06:30,DP Soda Lakes,15,11.2,12.4,11.2,11.2,21,0,299,100,100,HOLDING,-2.4,-4,1.3,-45,-30,MARGINAL,2,6,false,0,60,true,30min,
backtest,2025-08-17,06:45,DP Soda Lakes,15,11.2,12.4,11.2,11.2,21,0,299,100,100,HOLDING,-2.4,-4,1.3,-30,-45,MARGINAL,2,6,false,0,60,true,30min,
backtest,2025-08-17,07:00,DP Soda Lakes,15,8.5,9.8,8.5,8.5,18.6,0,290,100,100,HOLDING,-2.7,-4,1.6,-15,-60,NO_GO,0,6,false,0,60,true,30min,
backtest,2025-08-18,05:00,DP Soda Lakes,15,14.7,15.1,14.7,14.7,23.3,0,274,100,100,HOLDING,-0.8,6,3.1,-136,60,MARGINAL,3,6,true,30,60,false,30min,
backtest,2025-08-18,05:15,DP Soda Lakes,15,14.7,15.1,14.7,14.7,23.3,0,274,100,100,HOLDING,-0.8,6,3.1,-121,45,MARGINAL,3,6,true,30,60,false,30min,
backtest,2025-08-18,05:30,DP Soda Lakes,15,15.8,15.3,15.8,15.8,24.2,100,273,100,100,HOLDING,1.1,5,3.3,-106,30,GO,4,6,true,30,60,false,30min,
backtest,2025-08-18,05:45,DP Soda Lakes,15,15.8,15.3,15.8,15.8,24.2,100,273,100,100,HOLDING,1.1,5,3.3,-91,15,GO,4,6,true,30,60,false,30min,
backtest,2025-08-18,06:00,DP Soda Lakes,15,13.8,14.8,13.8,13.8,21.5,0,280,100,100,HOLDING,-2,5,3,-76,0,MARGINAL,3,6,true,30,60,false,30min,
backtest,2025-08-18,06:15,DP Soda Lakes,15,13.8,14.8,13.8,13.8,21.5,0,280,100,100,HOLDING,-2,5,3,-61,-15,MARGINAL,3,6,true,30,60,false,30min,
backtest,2025-08-18,06:30,DP Soda Lakes,15,16.9,15.3,16.9,16.9,23.5,100,278,100,100,BUILDING,3.1,6,1.4,-46,-30,GO,5,6,true,30,60,false,30min,
backtest,2025-08-18,06:45,DP Soda Lakes,15,16.9,15.3,16.9,16.9,23.5,100,278,100,100,BUILDING,3.1,6,1.4,-31,-45,GO,5,6,true,30,60,false,30min,
backtest,2025-08-18,07:00,DP Soda Lakes,15,14.2,15.5,14.2,14.2,25.5,0,275,100,100,HOLDING,-2.7,7,1,-16,-60,MARGINAL,3,6,true,30,60,false,30min,
backtest,2025-08-19,05:00,DP Soda Lakes,15,9.2,7.6,9.2,9.2,17,0,265,100,50,BUILDING,3.2,-2,1.2,-137,60,MARGINAL,1,6,true,90,30,false,30min,
backtest,2025-08-19,05:15,DP Soda Lakes,15,9.2,7.6,9.2,9.2,17,0,265,100,50,BUILDING,3.2,-2,1.2,-122,45,MARGINAL,1,6,true,90,30,false,30min,
backtest,2025-08-19,05:30,DP Soda Lakes,15,16.2,12.7,16.2,16.2,25.9,100,273,100,100,BUILDING,7,-5,3.2,-107,30,GO,7,6,true,90,30,false,30min,
backtest,2025-08-19,05:45,DP Soda Lakes,15,16.2,12.7,16.2,16.2,25.9,100,273,100,100,BUILDING,7,-5,3.2,-92,15,GO,7,6,true,90,30,false,30min,
backtest,2025-08-19,06:00,DP Soda Lakes,15,17,16.6,17,17,28.6,100,279,100,100,HOLDING,0.8,-9,1.2,-77,0,GO,6,6,true,90,30,false,30min,
backtest,2025-08-19,06:15,DP Soda Lakes,15,17,16.6,17,17,28.6,100,279,100,100,HOLDING,0.8,-9,1.2,-62,-15,GO,6,6,true,90,30,false,30min,
backtest,2025-08-19,06:30,DP Soda Lakes,15,16.3,16.6,16.3,16.3,28.4,100,285,100,100,HOLDING,-0.7,-13,0.7,-47,-30,GO,6,6,true,90,30,false,30min,
backtest,2025-08-19,06:45,DP Soda Lakes,15,16.3,16.6,16.3,16.3,28.4,100,285,100,100,HOLDING,-0.7,-13,0.7,-32,-45,GO,6,6,true,90,30,false,30min,
backtest,2025-08-19,07:00,DP Soda Lakes,15,17.3,16.8,17.3,17.3,31.8,100,279,100,100,HOLDING,1,-14,2,-17,-60,GO,6,6,true,90,30,false,30min,
backtest,2025-08-20,05:00,DP Soda Lakes,15,13.9,13.7,13.9,13.9,22.4,0,286,100,100,HOLDING,0.4,-4,1.6,-138,60,GO,4,6,true,30,0,false,30min,
backtest,2025-08-20,05:15,DP Soda Lakes,15,13.9,13.7,13.9,13.9,22.4,0,286,100,100,HOLDING,0.4,-4,1.6,-123,45,GO,4,6,true,30,0,false,30min,
backtest,2025-08-20,05:30,DP Soda Lakes,15,14.3,14.1,14.3,14.3,21.7,0,285,100,100,HOLDING,0.4,-4,2.3,-108,30,GO,4,6,true,30,0,false,30min,
backtest,2025-08-20,05:45,DP Soda Lakes,15,14.3,14.1,14.3,14.3,21.7,0,285,100,100,HOLDING,0.4,-4,2.3,-93,15,GO,4,6,true,30,0,false,30min,
backtest,2025-08-20,06:00,DP Soda Lakes,15,14.3,14.3,14.3,14.3,23.7,0,276,100,50,HOLDING,0,-5,1.3,-78,0,MARGINAL,3,6,true,30,0,false,30min,
backtest,2025-08-20,06:15,DP Soda Lakes,15,14.3,14.3,14.3,14.3,23.7,0,276,100,50,HOLDING,0,-5,1.3,-63,-15,MARGINAL,3,6,true,30,0,false,30min,
backtest,2025-08-20,06:30,DP Soda Lakes,15,15.8,15.1,15.8,15.8,23,100,268,100,0,HOLDING,1.5,-4,0.8,-48,-30,MARGINAL,1,6,true,30,0,false,30min,
backtest,2025-08-20,06:45,DP Soda Lakes,15,15.8,15.1,15.8,15.8,23,100,268,100,0,HOLDING,1.5,-4,0.8,-33,-45,MARGINAL,1,6,true,30,0,false,30min,
backtest,2025-08-20,07:00,DP Soda Lakes,15,14.8,15.3,14.8,14.8,23,0,267,100,0,HOLDING,-1,-4,3.2,-18,-60,NO_GO,0,6,true,30,0,false,30min,
backtest,2025-08-21,05:00,DP Soda Lakes,15,13.6,13.1,13.6,13.6,25.1,0,282,100,100,HOLDING,1,-8,1.4,-139,60,GO,5,6,true,30,30,false,30min,
backtest,2025-08-21,05:15,DP Soda Lakes,15,13.6,13.1,13.6,13.6,25.1,0,282,100,100,HOLDING,1,-8,1.4,-124,45,GO,5,6,true,30,30,false,30min,
backtest,2025-08-21,05:30,DP Soda Lakes,15,18.1,15.9,18.1,18.1,29.3,100,291,100,100,BUILDING,4.5,-7,1.2,-109,30,GO,7,6,true,30,30,false,30min,
backtest,2025-08-21,05:45,DP Soda Lakes,15,18.1,15.9,18.1,18.1,29.3,100,291,100,100,BUILDING,4.5,-7,1.2,-94,15,GO,7,6,true,30,30,false,30min,
backtest,2025-08-21,06:00,DP Soda Lakes,15,17.7,17.9,17.7,17.7,23.3,100,290,100,100,HOLDING,-0.4,-8,0.9,-79,0,GO,6,6,true,30,30,false,30min,
backtest,2025-08-21,06:15,DP Soda Lakes,15,17.7,17.9,17.7,17.7,23.3,100,290,100,100,HOLDING,-0.4,-8,0.9,-64,-15,GO,6,6,true,30,30,false,30min,
backtest,2025-08-21,06:30,DP Soda Lakes,15,13.6,15.6,13.6,13.6,24.4,0,276,100,100,DECAYING,-4.1,-8,1.4,-49,-30,GO,4,6,true,30,30,false,30min,
backtest,2025-08-21,06:45,DP Soda Lakes,15,13.6,15.6,13.6,13.6,24.4,0,276,100,100,DECAYING,-4.1,-8,1.4,-34,-45,GO,4,6,true,30,30,false,30min,
backtest,2025-08-21,07:00,DP Soda Lakes,15,14.7,14.1,14.7,14.7,23.5,0,268,100,50,HOLDING,1.1,-7,2.2,-19,-60,MARGINAL,3,6,true,30,30,false,30min,
backtest,2025-08-22,05:00,DP Soda Lakes,15,7.7,8,7.7,7.7,16.3,0,270,100,50,HOLDING,-0.6,5,0.6,-140,60,NO_GO,0,6,false,0,0,false,30min,
backtest,2025-08-22,05:15,DP Soda Lakes,15,7.7,8,7.7,7.7,16.3,0,270,100,50,HOLDING,-0.6,5,0.6,-125,45,NO_GO,0,6,false,0,0,false,30min,
backtest,2025-08-22,05:30,DP Soda Lakes,15,9.8,8.8,9.8,9.8,15.4,0,272,100,50,HOLDING,2.1,5,1.5,-110,30,NO_GO,-1,6,false,0,0,false,30min,
backtest,2025-08-22,05:45,DP Soda Lakes,15,9.8,8.8,9.8,9.8,15.4,0,272,100,50,HOLDING,2.1,5,1.5,-95,15,NO_GO,-1,6,false,0,0,false,30min,
backtest,2025-08-22,06:00,DP Soda Lakes,15,11.9,10.9,11.9,11.9,19.5,0,281,100,100,HOLDING,2.1,4,1.7,-80,0,MARGINAL,2,6,false,0,0,false,30min,
backtest,2025-08-22,06:15,DP Soda Lakes,15,11.9,10.9,11.9,11.9,19.5,0,281,100,100,HOLDING,2.1,4,1.7,-65,-15,MARGINAL,2,6,false,0,0,false,30min,
backtest,2025-08-22,06:30,DP Soda Lakes,15,13.2,12.6,13.2,13.2,21.5,0,275,100,50,HOLDING,1.3,4,1.4,-50,-30,MARGINAL,2,6,false,0,0,false,30min,
backtest,2025-08-22,06:45,DP Soda Lakes,15,13.2,12.6,13.2,13.2,21.5,0,275,100,50,HOLDING,1.3,4,1.4,-35,-45,MARGINAL,2,6,false,0,0,false,30min,
backtest,2025-08-22,07:00,DP Soda Lakes,15,12.9,13.1,12.9,12.9,21.2,0,268,100,0,HOLDING,-0.3,4,1.2,-20,-60,NO_GO,0,6,false,0,0,false,30min,
backtest,2025-08-23,05:00,DP Soda Lakes,15,4.5,4.1,4.5,4.5,7.8,0,316,100,100,HOLDING,0.8,1,3.2,-141,60,NO_GO,0,6,false,0,0,false,30min,
backtest,2025-08-23,05:15,DP Soda Lakes,15,4.5,4.1,4.5,4.5,7.8,0,316,100,100,HOLDING,0.8,1,3.2,-126,45,NO_GO,0,6,false,0,0,false,30min,
backtest,2025-08-23,05:30,DP Soda Lakes,15,3.2,3.9,3.2,3.2,6.7,0,325,100,50,HOLDING,-1.3,3,2.4,-111,30,NO_GO,0,6,false,0,0,false,30min,
backtest,2025-08-23,05:45,DP Soda Lakes,15,3.2,3.9,3.2,3.2,6.7,0,325,100,50,HOLDING,-1.3,3,2.4,-96,15,NO_GO,0,6,false,0,0,false,30min,
backtest,2025-08-23,06:00,DP Soda Lakes,15,3.8,3.5,3.8,3.8,7.6,0,332,100,0,HOLDING,0.6,6,1.1,-81,0,NO_GO,0,6,false,0,0,false,30min,
backtest,2025-08-23,06:15,DP Soda Lakes,15,3.8,3.5,3.8,3.8,7.6,0,332,100,0,HOLDING,0.6,6,1.1,-66,-15,NO_GO,0,6,false,0,0,false,30min,
backtest,2025-08-23,06:30,DP Soda Lakes,15,5.5,4.7,5.5,5.5,9.2,0,327,100,50,HOLDING,1.7,6,1.4,-51,-30,NO_GO,0,6,false,0,0,false,30min,
backtest,2025-08-23,06:45,DP Soda Lakes,15,5.5,4.7,5.5,5.5,9.2,0,327,100,50,HOLDING,1.7,6,1.4,-36,-45,NO_GO,0,6,false,0,0,false,30min,
backtest,2025-08-23,07:00,DP Soda Lakes,15,5,5.3,5,5,9.2,0,327,100,50,HOLDING,-0.5,6,3.4,-21,-60,NO_GO,0,6,false,0,0,false,30min,
backtest,2025-08-24,05:00,DP Soda Lakes,15,11.9,10.9,11.9,11.9,18.3,0,271,100,50,HOLDING,1.9,1,1.3,-142,60,NO_GO,0,6,false,0,30,true,30min,
backtest,2025-08-24,05:15,DP Soda Lakes,15,11.9,10.9,11.9,11.9,18.3,0,271,100,50,HOLDING,1.9,1,1.3,-127,45,NO_GO,0,6,false,0,30,true,30min,
backtest,2025-08-24,05:30,DP Soda Lakes,15,13.1,12.5,13.1,13.1,20.6,0,274,100,100,HOLDING,1.2,0,1.2,-112,30,GO,4,6,false,0,30,true,30min,
backtest,2025-08-24,05:45,DP Soda Lakes,15,13.1,12.5,13.1,13.1,20.6,0,274,100,100,HOLDING,1.2,0,1.2,-97,15,GO,4,6,false,0,30,true,30min,
backtest,2025-08-24,06:00,DP Soda Lakes,15,12.2,12.6,12.2,12.2,19.7,0,278,100,100,HOLDING,-0.9,1,0.9,-82,0,MARGINAL,2,6,false,0,30,true,30min,
backtest,2025-08-24,06:15,DP Soda Lakes,15,12.2,12.6,12.2,12.2,19.7,0,278,100,100,HOLDING,-0.9,1,0.9,-67,-15,MARGINAL,2,6,false,0,30,true,30min,
backtest,2025-08-24,06:30,DP Soda Lakes,15,12.9,12.6,12.9,12.9,21.2,0,278,100,100,HOLDING,0.7,-1,1.7,-52,-30,GO,4,6,false,0,30,true,30min,
backtest,2025-08-24,06:45,DP Soda Lakes,15,12.9,12.6,12.9,12.9,21.2,0,278,100,100,HOLDING,0.7,-1,1.7,-37,-45,GO,4,6,false,0,30,true,30min,
backtest,2025-08-24,07:00,DP Soda Lakes,15,12.5,12.7,12.5,12.5,22.6,0,279,100,100,HOLDING,-0.4,0,2.4,-22,-60,MARGINAL,2,6,false,0,30,true,30min,
backtest,2025-08-25,05:00,DP Soda Lakes,15,7.7,7.3,7.7,7.7,13.4,0,290,100,100,HOLDING,0.7,-13,1.3,-143,60,NO_GO,0,6,false,0,0,false,30min,
backtest,2025-08-25,05:15,DP Soda Lakes,15,7.7,7.3,7.7,7.7,13.4,0,290,100,100,HOLDING,0.7,-13,1.3,-128,45,NO_GO,0,6,false,0,0,false,30min,
backtest,2025-08-25,05:30,DP Soda Lakes,15,5.5,6.6,5.5,5.5,12.5,0,310,100,100,HOLDING,-2.2,-12,0.8,-113,30,NO_GO,0,6,false,0,0,false,30min,
backtest,2025-08-25,05:45,DP Soda Lakes,15,5.5,6.6,5.5,5.5,12.5,0,310,100,100,HOLDING,-2.2,-12,0.8,-98,15,NO_GO,0,6,false,0,0,false,30min,
backtest,2025-08-25,06:00,DP Soda Lakes,15,2.5,4,2.5,2.5,6,0,329,100,50,HOLDING,-3,-10,1.3,-83,0,NO_GO,0,6,false,0,0,false,30min,
backtest,2025-08-25,06:15,DP Soda Lakes,15,2.5,4,2.5,2.5,6,0,329,100,50,HOLDING,-3,-10,1.3,-68,-15,NO_GO,0,6,false,0,0,false,30min,
backtest,2025-08-25,06:30,DP Soda Lakes,15,2.5,2.5,2.5,2.5,4.5,0,312,100,50,HOLDING,0,-8,2.4,-53,-30,NO_GO,0,6,false,0,0,false,30min,
backtest,2025-08-25,06:45,DP Soda Lakes,15,2.5,2.5,2.5,2.5,4.5,0,312,100,50,HOLDING,0,-8,2.4,-38,-45,NO_GO,0,6,false,0,0,false,30min,
backtest,2025-08-25,07:00,DP Soda Lakes,15,2.8,2.6,2.8,2.8,4.9,0,304,100,100,HOLDING,0.3,-7,2.3,-23,-60,NO_GO,0,6,false,0,0,false,30min,
backtest,2025-08-26,05:00,DP Soda Lakes,15,7.4,6.6,7.4,7.4,14.3,0,300,100,100,HOLDING,1.7,-1,0.8,-144,60,NO_GO,0,6,false,0,0,false,30min,
backtest,2025-08-26,05:15,DP Soda Lakes,15,7.4,6.6,7.4,7.4,14.3,0,300,100,100,HOLDING,1.7,-1,0.8,-129,45,NO_GO,0,6,false,0,0,false,30min,
backtest,2025-08-26,05:30,DP Soda Lakes,15,4.4,5.9,4.4,4.4,10.5,0,308,100,50,HOLDING,-3,1,1.9,-114,30,NO_GO,0,6,false,0,0,false,30min,
backtest,2025-08-26,05:45,DP Soda Lakes,15,4.4,5.9,4.4,4.4,10.5,0,308,100,50,HOLDING,-3,1,1.9,-99,15,NO_GO,0,6,false,0,0,false,30min,
backtest,2025-08-26,06:00,DP Soda Lakes,15,4.1,4.3,4.1,4.1,7.2,0,328,100,50,HOLDING,-0.3,3,2.3,-84,0,NO_GO,0,6,false,0,0,false,30min,
backtest,2025-08-26,06:15,DP Soda Lakes,15,4.1,4.3,4.1,4.1,7.2,0,328,100,50,HOLDING,-0.3,3,2.3,-69,-15,NO_GO,0,6,false,0,0,false,30min,
backtest,2025-08-26,06:30,DP Soda Lakes,15,2.5,3.3,2.5,2.5,6.3,0,310,100,100,HOLDING,-1.6,5,1.4,-54,-30,NO_GO,0,6,false,0,0,false,30min,
backtest,2025-08-26,06:45,DP Soda Lakes,15,2.5,3.3,2.5,2.5,6.3,0,310,100,100,HOLDING,-1.6,5,1.4,-39,-45,NO_GO,0,6,false,0,0,false,30min,
backtest,2025-08-26,07:00,DP Soda Lakes,15,1.3,1.9,1.3,1.3,4,0,283,100,100,HOLDING,-1.2,4,2.2,-24,-60,NO_GO,0,6,false,0,0,false,30min,
backtest,2025-08-27,05:00,DP Soda Lakes,15,3.4,3.4,3.4,3.4,7.6,0,167,100,0,HOLDING,0,3,5,-145,60,NO_GO,0,6,false,0,0,false,30min,
backtest,2025-08-27,05:15,DP Soda Lakes,15,3.4,3.4,3.4,3.4,7.6,0,167,100,0,HOLDING,0,3,5,-130,45,NO_GO,0,6,false,0,0,false,30min,
backtest,2025-08-27,05:30,DP Soda Lakes,15,2.1,2.8,2.1,2.1,5.6,0,241,0,50,HOLDING,-1.3,3,5.1,-115,30,NO_GO,0,6,false,0,0,false,30min,
backtest,2025-08-27,05:45,DP Soda Lakes,15,2.1,2.8,2.1,2.1,5.6,0,241,0,50,HOLDING,-1.3,3,5.1,-100,15,NO_GO,0,6,false,0,0,false,30min,
backtest,2025-08-27,06:00,DP Soda Lakes,15,2.8,2.5,2.8,2.8,7.6,0,241,0,50,HOLDING,0.7,4,3.7,-85,0,NO_GO,0,6,false,0,0,false,30min,
backtest,2025-08-27,06:15,DP Soda Lakes,15,2.8,2.5,2.8,2.8,7.6,0,241,0,50,HOLDING,0.7,4,3.7,-70,-15,NO_GO,0,6,false,0,0,false,30min,
backtest,2025-08-27,06:30,DP Soda Lakes,15,2.1,2.5,2.1,2.1,7.6,0,188,100,0,HOLDING,-0.7,5,3,-55,-30,NO_GO,0,6,false,0,0,false,30min,
backtest,2025-08-27,06:45,DP Soda Lakes,15,2.1,2.5,2.1,2.1,7.6,0,188,100,0,HOLDING,-0.7,5,3,-40,-45,NO_GO,0,6,false,0,0,false,30min,
backtest,2025-08-27,07:00,DP Soda Lakes,15,3.4,2.8,3.4,3.4,7.6,0,258,0,50,HOLDING,1.3,7,2.6,-25,-60,NO_GO,0,6,false,0,0,false,30min,
backtest,2025-08-28,05:00,DP Soda Lakes,15,4.5,5.5,4.5,4.5,9.4,0,267,100,50,HOLDING,-2,2,0.9,-146,60,NO_GO,0,6,false,0,0,false,30min,
backtest,2025-08-28,05:15,DP Soda Lakes,15,4.5,5.5,4.5,4.5,9.4,0,267,100,50,HOLDING,-2,2,0.9,-131,45,NO_GO,0,6,false,0,0,false,30min,
backtest,2025-08-28,05:30,DP Soda Lakes,15,2.4,3.5,2.4,2.4,6.7,0,253,100,0,HOLDING,-2.1,3,1,-116,30,NO_GO,0,6,false,0,0,false,30min,
backtest,2025-08-28,05:45,DP Soda Lakes,15,2.4,3.5,2.4,2.4,6.7,0,253,100,0,HOLDING,-2.1,3,1,-101,15,NO_GO,0,6,false,0,0,false,30min,
backtest,2025-08-28,06:00,DP Soda Lakes,15,7.4,4.9,7.4,7.4,16.3,0,264,100,50,BUILDING,5,-2,1.6,-86,0,NO_GO,0,6,false,0,0,false,30min,
backtest,2025-08-28,06:15,DP Soda Lakes,15,7.4,4.9,7.4,7.4,16.3,0,264,100,50,BUILDING,5,-2,1.6,-71,-15,NO_GO,0,6,false,0,0,false,30min,
backtest,2025-08-28,06:30,DP Soda Lakes,15,10.1,8.8,10.1,10.1,17.9,0,284,100,100,HOLDING,2.7,-6,1.7,-56,-30,MARGINAL,3,6,false,0,0,false,30min,
backtest,2025-08-28,06:45,DP Soda Lakes,15,10.1,8.8,10.1,10.1,17.9,0,284,100,100,HOLDING,2.7,-6,1.7,-41,-45,MARGINAL,3,6,false,0,0,false,30min,
backtest,2025-08-28,07:00,DP Soda Lakes,15,11.3,10.7,11.3,11.3,21.5,0,287,100,100,HOLDING,1.2,-5,3.1,-26,-60,MARGINAL,3,6,false,0,0,false,30min,
backtest,2025-08-29,05:00,DP Soda Lakes,15,10.6,11.1,10.6,10.6,18.3,0,281,100,100,HOLDING,-1.1,-8,1.7,-146,60,MARGINAL,3,6,false,0,0,false,30min,
backtest,2025-08-29,05:15,DP Soda Lakes,15,10.6,11.1,10.6,10.6,18.3,0,281,100,100,HOLDING,-1.1,-8,1.7,-131,45,MARGINAL,3,6,false,0,0,false,30min,
backtest,2025-08-29,05:30,DP Soda Lakes,15,5.3,7.9,5.3,5.3,15.7,0,274,100,50,DECAYING,-5.3,-7,1.7,-116,30,NO_GO,0,6,false,0,0,false,30min,
backtest,2025-08-29,05:45,DP Soda Lakes,15,5.3,7.9,5.3,5.3,15.7,0,274,100,50,DECAYING,-5.3,-7,1.7,-101,15,NO_GO,0,6,false,0,0,false,30min,
backtest,2025-08-29,06:00,DP Soda Lakes,15,6,5.7,6,6,11.4,0,294,100,50,HOLDING,0.7,-6,0.6,-86,0,NO_GO,0,6,false,0,0,false,30min,
backtest,2025-08-29,06:15,DP Soda Lakes,15,6,5.7,6,6,11.4,0,294,100,50,HOLDING,0.7,-6,0.6,-71,-15,NO_GO,0,6,false,0,0,false,30min,
backtest,2025-08-29,06:30,DP Soda Lakes,15,9.4,7.7,9.4,9.4,19.2,0,299,100,100,BUILDING,3.4,-9,0.6,-56,-30,GO,4,6,false,0,0,false,30min,
backtest,2025-08-29,06:45,DP Soda Lakes,15,9.4,7.7,9.4,9.4,19.2,0,299,100,100,BUILDING,3.4,-9,0.6,-41,-45,GO,4,6,false,0,0,false,30min,
backtest,2025-08-29,07:00,DP Soda Lakes,15,7.6,8.5,7.6,7.6,16.3,0,270,100,50,HOLDING,-1.8,-9,0.9,-26,-60,NO_GO,0,6,false,0,0,false,30min,
backtest,2025-08-30,05:00,DP Soda Lakes,15,2.8,2.5,2.8,2.8,8.7,0,12,100,0,HOLDING,0.5,-3,5.3,-147,60,NO_GO,0,6,false,0,0,false,30min,
backtest,2025-08-30,05:15,DP Soda Lakes,15,2.8,2.5,2.8,2.8,8.7,0,12,100,0,HOLDING,0.5,-3,5.3,-132,45,NO_GO,0,6,false,0,0,false,30min,
backtest,2025-08-30,05:30,DP Soda Lakes,15,4.3,3.5,4.3,4.3,8.9,0,353,100,0,HOLDING,1.5,-4,2.8,-117,30,NO_GO,0,6,false,0,0,false,30min,
backtest,2025-08-30,05:45,DP Soda Lakes,15,4.3,3.5,4.3,4.3,8.9,0,353,100,0,HOLDING,1.5,-4,2.8,-102,15,NO_GO,0,6,false,0,0,false,30min,
backtest,2025-08-30,06:00,DP Soda Lakes,15,2.9,3.6,2.9,2.9,7.6,0,347,100,0,HOLDING,-1.4,-6,3.2,-87,0,NO_GO,0,6,false,0,0,false,30min,
backtest,2025-08-30,06:15,DP Soda Lakes,15,2.9,3.6,2.9,2.9,7.6,0,347,100,0,HOLDING,-1.4,-6,3.2,-72,-15,NO_GO,0,6,false,0,0,false,30min,
backtest,2025-08-30,06:30,DP Soda Lakes,15,1.8,2.4,1.8,1.8,4.9,0,349,100,0,HOLDING,-1.1,-7,2.3,-57,-30,NO_GO,0,6,false,0,0,false,30min,
backtest,2025-08-30,06:45,DP Soda Lakes,15,1.8,2.4,1.8,1.8,4.9,0,349,100,0,HOLDING,-1.1,-7,2.3,-42,-45,NO_GO,0,6,false,0,0,false,30min,
backtest,2025-08-30,07:00,DP Soda Lakes,15,2.6,2.2,2.6,2.6,5.4,0,28,100,0,HOLDING,0.8,-6,1.4,-27,-60,NO_GO,0,6,false,0,0,false,30min,
backtest,2025-08-31,05:00,DP Soda Lakes,15,13.4,14.6,13.4,13.4,21,0,286,100,100,HOLDING,-2.3,0,3.7,-148,60,GO,4,6,true,30,240,false,30min,
backtest,2025-08-31,05:15,DP Soda Lakes,15,13.4,14.6,13.4,13.4,21,0,286,100,100,HOLDING,-2.3,0,3.7,-133,45,GO,4,6,true,30,240,false,30min,
backtest,2025-08-31,05:30,DP Soda Lakes,15,15.4,14.4,15.4,15.4,23.9,100,284,100,100,HOLDING,2,-1,3.9,-118,30,GO,5,6,true,30,240,false,30min,
backtest,2025-08-31,05:45,DP Soda Lakes,15,15.4,14.4,15.4,15.4,23.9,100,284,100,100,HOLDING,2,-1,3.9,-103,15,GO,5,6,true,30,240,false,30min,
backtest,2025-08-31,06:00,DP Soda Lakes,15,14,14.7,14,14,22.6,0,283,100,100,HOLDING,-1.4,-1,4,-88,0,GO,4,6,true,30,240,false,30min,
backtest,2025-08-31,06:15,DP Soda Lakes,15,14,14.7,14,14,22.6,0,283,100,100,HOLDING,-1.4,-1,4,-73,-15,GO,4,6,true,30,240,false,30min,
backtest,2025-08-31,06:30,DP Soda Lakes,15,12.4,13.2,12.4,12.4,20.6,0,283,100,100,HOLDING,-1.6,-2,3.2,-58,-30,MARGINAL,2,6,true,30,240,false,30min,
backtest,2025-08-31,06:45,DP Soda Lakes,15,12.4,13.2,12.4,12.4,20.6,0,283,100,100,HOLDING,-1.6,-2,3.2,-43,-45,MARGINAL,2,6,true,30,240,false,30min,
backtest,2025-08-31,07:00,DP Soda Lakes,15,13.9,13.2,13.9,13.9,21.5,0,277,100,100,HOLDING,1.5,-4,3.4,-28,-60,GO,4,6,true,30,240,false,30min,
backtest,2025-09-01,05:00,DP Soda Lakes,15,17,17.4,17,17,26.2,100,277,100,100,HOLDING,-0.7,4,0.7,-149,60,GO,5,6,true,150,210,false,30min,
backtest,2025-09-01,05:15,DP Soda Lakes,15,17,17.4,17,17,26.2,100,277,100,100,HOLDING,-0.7,4,0.7,-134,45,GO,5,6,true,150,210,false,30min,
backtest,2025-09-01,05:30,DP Soda Lakes,15,16.4,16.7,16.4,16.4,25.5,100,277,100,100,HOLDING,-0.6,5,0.7,-119,30,GO,4,6,true,150,210,false,30min,
backtest,2025-09-01,05:45,DP Soda Lakes,15,16.4,16.7,16.4,16.4,25.5,100,277,100,100,HOLDING,-0.6,5,0.7,-104,15,GO,4,6,true,150,210,false,30min,
backtest,2025-09-01,06:00,DP Soda Lakes,15,17.2,16.8,17.2,17.2,26.6,100,275,100,100,HOLDING,0.8,6,1.3,-89,0,GO,4,6,true,150,210,false,30min,
backtest,2025-09-01,06:15,DP Soda Lakes,15,17.2,16.8,17.2,17.2,26.6,100,275,100,100,HOLDING,0.8,6,1.3,-74,-15,GO,4,6,true,150,210,false,30min,
backtest,2025-09-01,06:30,DP Soda Lakes,15,16.2,16.7,16.2,16.2,23.7,100,276,100,100,HOLDING,-1,6,1.9,-59,-30,GO,4,6,true,150,210,false,30min,
backtest,2025-09-01,06:45,DP Soda Lakes,15,16.2,16.7,16.2,16.2,23.7,100,276,100,100,HOLDING,-1,6,1.9,-44,-45,GO,4,6,true,150,210,false,30min,
backtest,2025-09-01,07:00,DP Soda Lakes,15,15.7,15.9,15.7,15.7,23.7,100,279,100,100,HOLDING,-0.5,8,3.6,-29,-60,GO,4,6,true,150,210,false,30min,
backtest,2025-09-02,05:00,DP Soda Lakes,15,14.5,14.2,14.5,14.5,25.1,0,279,100,100,HOLDING,0.7,-1,0.8,-150,60,GO,4,6,true,60,180,false,30min,
backtest,2025-09-02,05:15,DP Soda Lakes,15,14.5,14.2,14.5,14.5,25.1,0,279,100,100,HOLDING,0.7,-1,0.8,-135,45,GO,4,6,true,60,180,false,30min,
backtest,2025-09-02,05:30,DP Soda Lakes,15,19.4,16.9,19.4,19.4,30.2,100,279,100,100,BUILDING,4.9,-1,0.7,-120,30,GO,6,6,true,60,180,false,30min,
backtest,2025-09-02,05:45,DP Soda Lakes,15,19.4,16.9,19.4,19.4,30.2,100,279,100,100,BUILDING,4.9,-1,0.7,-105,15,GO,6,6,true,60,180,false,30min,
backtest,2025-09-02,06:00,DP Soda Lakes,15,16.8,18.1,16.8,16.8,29.3,100,277,100,100,HOLDING,-2.6,-2,0.7,-90,0,GO,5,6,true,60,180,false,30min,
backtest,2025-09-02,06:15,DP Soda Lakes,15,16.8,18.1,16.8,16.8,29.3,100,277,100,100,HOLDING,-2.6,-2,0.7,-75,-15,GO,5,6,true,60,180,false,30min,
backtest,2025-09-02,06:30,DP Soda Lakes,15,16.9,16.9,16.9,16.9,28.6,100,280,100,100,HOLDING,0.1,-1,1.1,-60,-30,GO,5,6,true,60,180,false,30min,
backtest,2025-09-02,06:45,DP Soda Lakes,15,16.9,16.9,16.9,16.9,28.6,100,280,100,100,HOLDING,0.1,-1,1.1,-45,-45,GO,5,6,true,60,180,false,30min,
backtest,2025-09-02,07:00,DP Soda Lakes,15,13.8,15.3,13.8,13.8,22.4,0,282,100,100,DECAYING,-3.1,-2,1.6,-30,-60,MARGINAL,3,6,true,60,180,false,30min,
backtest,2025-09-03,05:00,DP Soda Lakes,15,16.3,16.1,16.3,16.3,29.8,100,292,100,100,HOLDING,0.3,-5,2.9,-151,60,GO,6,6,true,90,150,false,30min,
backtest,2025-09-03,05:15,DP Soda Lakes,15,16.3,16.1,16.3,16.3,29.8,100,292,100,100,HOLDING,0.3,-5,2.9,-136,45,GO,6,6,true,90,150,false,30min,
backtest,2025-09-03,05:30,DP Soda Lakes,15,18.5,17.4,18.5,18.5,30.4,100,289,100,100,HOLDING,2.2,-5,2.4,-121,30,GO,6,6,true,90,150,false,30min,
backtest,2025-09-03,05:45,DP Soda Lakes,15,18.5,17.4,18.5,18.5,30.4,100,289,100,100,HOLDING,2.2,-5,2.4,-106,15,GO,6,6,true,90,150,false,30min,
backtest,2025-09-03,06:00,DP Soda Lakes,15,17.1,17.8,17.1,17.1,29.8,100,283,100,100,HOLDING,-1.4,-6,2.9,-91,0,GO,6,6,true,90,150,false,30min,
backtest,2025-09-03,06:15,DP Soda Lakes,15,17.1,17.8,17.1,17.1,29.8,100,283,100,100,HOLDING,-1.4,-6,2.9,-76,-15,GO,6,6,true,90,150,false,30min,
backtest,2025-09-03,06:30,DP Soda Lakes,15,18.8,18,18.8,18.8,33.1,100,274,100,50,HOLDING,1.7,-6,1.7,-61,-30,GO,4,6,true,90,150,false,30min,
backtest,2025-09-03,06:45,DP Soda Lakes,15,18.8,18,18.8,18.8,33.1,100,274,100,50,HOLDING,1.7,-6,1.7,-46,-45,GO,4,6,true,90,150,false,30min,
backtest,2025-09-03,07:00,DP Soda Lakes,15,16.9,17.9,16.9,16.9,29.1,100,269,100,0,HOLDING,-1.9,-6,3.7,-31,-60,MARGINAL,2,6,true,90,150,false,30min,
backtest,2025-09-04,05:00,DP Soda Lakes,15,16.7,18.4,16.7,16.7,30.6,100,277,100,100,DECAYING,-3.5,-10,0.8,-152,60,GO,5,6,false,0,300,true,30min,
backtest,2025-09-04,05:15,DP Soda Lakes,15,16.7,18.4,16.7,16.7,30.6,100,277,100,100,DECAYING,-3.5,-10,0.8,-137,45,GO,5,6,false,0,300,true,30min,
backtest,2025-09-04,05:30,DP Soda Lakes,15,15.2,15.9,15.2,15.2,28.4,100,280,100,100,HOLDING,-1.5,-11,1.8,-122,30,GO,6,6,false,0,300,true,30min,
backtest,2025-09-04,05:45,DP Soda Lakes,15,15.2,15.9,15.2,15.2,28.4,100,280,100,100,HOLDING,-1.5,-11,1.8,-107,15,GO,6,6,false,0,300,true,30min,
backtest,2025-09-04,06:00,DP Soda Lakes,15,6.7,10.9,6.7,6.7,19.7,0,305,100,100,DECAYING,-8.5,-11,1.6,-92,0,NO_GO,0,6,false,0,300,true,30min,
backtest,2025-09-04,06:15,DP Soda Lakes,15,6.7,10.9,6.7,6.7,19.7,0,305,100,100,DECAYING,-8.5,-11,1.6,-77,-15,NO_GO,0,6,false,0,300,true,30min,
backtest,2025-09-04,06:30,DP Soda Lakes,15,7.4,7.1,7.4,7.4,18.1,0,335,100,50,HOLDING,0.7,-13,1.9,-62,-30,NO_GO,0,6,false,0,300,true,30min,
backtest,2025-09-04,06:45,DP Soda Lakes,15,7.4,7.1,7.4,7.4,18.1,0,335,100,50,HOLDING,0.7,-13,1.9,-47,-45,NO_GO,0,6,false,0,300,true,30min,
backtest,2025-09-04,07:00,DP Soda Lakes,15,6.6,7,6.6,6.6,18.6,0,350,100,0,HOLDING,-0.8,-13,1.2,-32,-60,NO_GO,0,6,false,0,300,true,30min,
backtest,2025-09-05,05:00,DP Soda Lakes,15,2.2,2.3,2.2,2.2,5.4,0,10,100,0,HOLDING,-0.2,10,0.5,-153,60,NO_GO,0,6,false,0,0,false,30min,
backtest,2025-09-05,05:15,DP Soda Lakes,15,2.2,2.3,2.2,2.2,5.4,0,10,100,0,HOLDING,-0.2,10,0.5,-138,45,NO_GO,0,6,false,0,0,false,30min,
backtest,2025-09-05,05:30,DP Soda Lakes,15,3.6,2.9,3.6,3.6,7.8,0,346,100,50,HOLDING,1.4,15,0.3,-123,30,NO_GO,0,6,false,0,0,false,30min,
backtest,2025-09-05,05:45,DP Soda Lakes,15,3.6,2.9,3.6,3.6,7.8,0,346,100,50,HOLDING,1.4,15,0.3,-108,15,NO_GO,0,6,false,0,0,false,30min,
backtest,2025-09-05,06:00,DP Soda Lakes,15,4,3.8,4,4,6.9,0,334,100,50,HOLDING,0.4,16,0.5,-93,0,NO_GO,0,6,false,0,0,false,30min,
backtest,2025-09-05,06:15,DP Soda Lakes,15,4,3.8,4,4,6.9,0,334,100,50,HOLDING,0.4,16,0.5,-78,-15,NO_GO,0,6,false,0,0,false,30min,
backtest,2025-09-05,06:30,DP Soda Lakes,15,2.7,3.4,2.7,2.7,6.7,0,348,100,0,HOLDING,-1.3,17,1.3,-63,-30,NO_GO,0,6,false,0,0,false,30min,
backtest,2025-09-05,06:45,DP Soda Lakes,15,2.7,3.4,2.7,2.7,6.7,0,348,100,0,HOLDING,-1.3,17,1.3,-48,-45,NO_GO,0,6,false,0,0,false,30min,
backtest,2025-09-05,07:00,DP Soda Lakes,15,4.2,3.5,4.2,4.2,9.4,0,355,100,0,HOLDING,1.5,18,1.8,-33,-60,NO_GO,0,6,false,0,0,false,30min,
backtest,2025-09-06,05:00,DP Soda Lakes,15,9.4,10.9,9.4,9.4,18.3,0,272,100,50,HOLDING,-3,5,0.1,-154,60,NO_GO,-1,6,true,60,0,false,30min,
backtest,2025-09-06,05:15,DP Soda Lakes,15,9.4,10.9,9.4,9.4,18.3,0,272,100,50,HOLDING,-3,5,0.1,-139,45,NO_GO,-1,6,true,60,0,false,30min,
backtest,2025-09-06,05:30,DP Soda Lakes,15,13.4,11.4,13.4,13.4,20.1,0,273,100,50,BUILDING,4,4,0.2,-124,30,MARGINAL,3,6,true,60,0,false,30min,
backtest,2025-09-06,05:45,DP Soda Lakes,15,13.4,11.4,13.4,13.4,20.1,0,273,100,50,BUILDING,4,4,0.2,-109,15,MARGINAL,3,6,true,60,0,false,30min,
backtest,2025-09-06,06:00,DP Soda Lakes,15,15.4,14.4,15.4,15.4,24.2,100,274,100,100,HOLDING,2,4,0.8,-94,0,GO,5,6,true,60,0,false,30min,
backtest,2025-09-06,06:15,DP Soda Lakes,15,15.4,14.4,15.4,15.4,24.2,100,274,100,100,HOLDING,2,4,0.8,-79,-15,GO,5,6,true,60,0,false,30min,
backtest,2025-09-06,06:30,DP Soda Lakes,15,16.1,15.8,16.1,16.1,26.4,100,273,100,100,HOLDING,0.7,3,0.7,-64,-30,GO,5,6,true,60,0,false,30min,
backtest,2025-09-06,06:45,DP Soda Lakes,15,16.1,15.8,16.1,16.1,26.4,100,273,100,100,HOLDING,0.7,3,0.7,-49,-45,GO,5,6,true,60,0,false,30min,
backtest,2025-09-06,07:00,DP Soda Lakes,15,14.1,15.1,14.1,14.1,21.2,0,272,100,100,HOLDING,-2,1,2.5,-34,-60,GO,4,6,true,60,0,false,30min,
backtest,2025-09-07,05:00,DP Soda Lakes,15,3,2.5,3,3,9.4,0,162,100,0,HOLDING,0.9,9,0.5,-155,60,NO_GO,0,6,false,0,0,false,30min,
backtest,2025-09-07,05:15,DP Soda Lakes,15,3,2.5,3,3,9.4,0,162,100,0,HOLDING,0.9,9,0.5,-140,45,NO_GO,0,6,false,0,0,false,30min,
backtest,2025-09-07,05:30,DP Soda Lakes,15,2.5,2.8,2.5,2.5,5.6,0,212,100,0,HOLDING,-0.5,10,1.3,-125,30,NO_GO,0,6,false,0,0,false,30min,
backtest,2025-09-07,05:45,DP Soda Lakes,15,2.5,2.8,2.5,2.5,5.6,0,212,100,0,HOLDING,-0.5,10,1.3,-110,15,NO_GO,0,6,false,0,0,false,30min,
backtest,2025-09-07,06:00,DP Soda Lakes,15,3.4,3,3.4,3.4,6,0,272,0,50,HOLDING,0.9,11,0.6,-95,0,NO_GO,0,6,false,0,0,false,30min,
backtest,2025-09-07,06:15,DP Soda Lakes,15,3.4,3,3.4,3.4,6,0,272,0,50,HOLDING,0.9,11,0.6,-80,-15,NO_GO,0,6,false,0,0,false,30min,
backtest,2025-09-07,06:30,DP Soda Lakes,15,3.2,3.3,3.2,3.2,6.9,0,320,100,100,HOLDING,-0.2,11,0.8,-65,-30,NO_GO,0,6,false,0,0,false,30min,
backtest,2025-09-07,06:45,DP Soda Lakes,15,3.2,3.3,3.2,3.2,6.9,0,320,100,100,HOLDING,-0.2,11,0.8,-50,-45,NO_GO,0,6,false,0,0,false,30min,
backtest,2025-09-07,07:00,DP Soda Lakes,15,1.9,2.5,1.9,1.9,4.7,0,299,100,100,HOLDING,-1.3,14,1.6,-35,-60,NO_GO,0,6,false,0,0,false,30min,
backtest,2025-09-08,05:00,DP Soda Lakes,15,4.8,7,4.8,4.8,16.1,0,304,100,100,DECAYING,-4.4,7,1.2,-156,60,NO_GO,0,6,false,0,0,false,30min,
backtest,2025-09-08,05:15,DP Soda Lakes,15,4.8,7,4.8,4.8,16.1,0,304,100,100,DECAYING,-4.4,7,1.2,-141,45,NO_GO,0,6,false,0,0,false,30min,
backtest,2025-09-08,05:30,DP Soda Lakes,15,5.2,5,5.2,5.2,17.2,0,310,100,100,HOLDING,0.4,5,3.1,-126,30,NO_GO,0,6,false,0,0,false,30min,
backtest,2025-09-08,05:45,DP Soda Lakes,15,5.2,5,5.2,5.2,17.2,0,310,100,100,HOLDING,0.4,5,3.1,-111,15,NO_GO,0,6,false,0,0,false,30min,
backtest,2025-09-08,06:00,DP Soda Lakes,15,5,5.1,5,5,12.5,0,306,100,100,HOLDING,-0.2,6,4.4,-96,0,NO_GO,0,6,false,0,0,false,30min,
backtest,2025-09-08,06:15,DP Soda Lakes,15,5,5.1,5,5,12.5,0,306,100,100,HOLDING,-0.2,6,4.4,-81,-15,NO_GO,0,6,false,0,0,false,30min,
backtest,2025-09-08,06:30,DP Soda Lakes,15,10,7.5,10,10,18.1,0,292,100,100,BUILDING,5,5,3.7,-66,-30,MARGINAL,2,6,false,0,0,false,30min,
backtest,2025-09-08,06:45,DP Soda Lakes,15,10,7.5,10,10,18.1,0,292,100,100,BUILDING,5,5,3.7,-51,-45,MARGINAL,2,6,false,0,0,false,30min,
backtest,2025-09-08,07:00,DP Soda Lakes,15,11.9,10.9,11.9,11.9,18.8,0,277,100,100,HOLDING,1.9,6,4.4,-36,-60,MARGINAL,1,6,false,0,0,false,30min,
backtest,2025-09-09,05:00,DP Soda Lakes,15,9.4,14.1,9.4,9.4,23.9,0,264,100,50,DECAYING,-9.4,-11,0.8,-157,60,NO_GO,0,6,true,90,180,false,30min,
backtest,2025-09-09,05:15,DP Soda Lakes,15,9.4,14.1,9.4,9.4,23.9,0,264,100,50,DECAYING,-9.4,-11,0.8,-142,45,NO_GO,0,6,true,90,180,false,30min,
backtest,2025-09-09,05:30,DP Soda Lakes,15,14.6,12,14.6,14.6,25.1,0,260,100,0,BUILDING,5.2,-10,0.9,-127,30,MARGINAL,2,6,true,90,180,false,30min,
backtest,2025-09-09,05:45,DP Soda Lakes,15,14.6,12,14.6,14.6,25.1,0,260,100,0,BUILDING,5.2,-10,0.9,-112,15,MARGINAL,2,6,true,90,180,false,30min,
backtest,2025-09-09,06:00,DP Soda Lakes,15,10.7,12.6,10.7,10.7,26.4,0,281,100,50,DECAYING,-3.9,-12,2.3,-97,0,NO_GO,0,6,true,90,180,false,30min,
backtest,2025-09-09,06:15,DP Soda Lakes,15,10.7,12.6,10.7,10.7,26.4,0,281,100,50,DECAYING,-3.9,-12,2.3,-82,-15,NO_GO,0,6,true,90,180,false,30min,
backtest,2025-09-09,06:30,DP Soda Lakes,15,9.2,9.9,9.2,9.2,22.4,0,293,100,100,HOLDING,-1.5,-12,2.2,-67,-30,MARGINAL,3,6,true,90,180,false,30min,
backtest,2025-09-09,06:45,DP Soda Lakes,15,9.2,9.9,9.2,9.2,22.4,0,293,100,100,HOLDING,-1.5,-12,2.2,-52,-45,MARGINAL,3,6,true,90,180,false,30min,
backtest,2025-09-09,07:00,DP Soda Lakes,15,11.2,10.2,11.2,11.2,25.9,0,284,100,100,HOLDING,2,-13,2.3,-37,-60,MARGINAL,3,6,true,90,180,false,30min,
backtest,2025-09-10,05:00,DP Soda Lakes,15,7.9,11.8,7.9,7.9,21.9,0,266,100,50,DECAYING,-7.8,0,0.9,-158,60,NO_GO,0,6,false,0,90,true,30min,
backtest,2025-09-10,05:15,DP Soda Lakes,15,7.9,11.8,7.9,7.9,21.9,0,266,100,50,DECAYING,-7.8,0,0.9,-143,45,NO_GO,0,6,false,0,90,true,30min,
backtest,2025-09-10,05:30,DP Soda Lakes,15,7.6,7.8,7.6,7.6,21.9,0,275,100,50,HOLDING,-0.3,-1,1.5,-128,30,NO_GO,0,6,false,0,90,true,30min,
backtest,2025-09-10,05:45,DP Soda Lakes,15,7.6,7.8,7.6,7.6,21.9,0,275,100,50,HOLDING,-0.3,-1,1.5,-113,15,NO_GO,0,6,false,0,90,true,30min,
backtest,2025-09-10,06:00,DP Soda Lakes,15,10.1,8.8,10.1,10.1,23.3,0,279,100,50,HOLDING,2.5,-2,1.1,-98,0,NO_GO,0,6,false,0,90,true,30min,
backtest,2025-09-10,06:15,DP Soda Lakes,15,10.1,8.8,10.1,10.1,23.3,0,279,100,50,HOLDING,2.5,-2,1.1,-83,-15,NO_GO,0,6,false,0,90,true,30min,
backtest,2025-09-10,06:30,DP Soda Lakes,15,5.9,8,5.9,5.9,15,0,234,100,0,DECAYING,-4.2,2,1.4,-68,-30,NO_GO,0,6,false,0,90,true,30min,
backtest,2025-09-10,06:45,DP Soda Lakes,15,5.9,8,5.9,5.9,15,0,234,100,0,DECAYING,-4.2,2,1.4,-53,-45,NO_GO,0,6,false,0,90,true,30min,
backtest,2025-09-10,07:00,DP Soda Lakes,15,3.2,4.6,3.2,3.2,11.6,0,253,0,50,HOLDING,-2.7,3,2,-38,-60,NO_GO,0,6,false,0,90,true,30min,
backtest,2025-09-11,05:00,DP Soda Lakes,15,3.7,5.1,3.7,3.7,11.4,0,305,100,100,HOLDING,-2.7,1,2.4,-158,60,NO_GO,0,6,false,0,0,false,30min,
backtest,2025-09-11,05:15,DP Soda Lakes,15,3.7,5.1,3.7,3.7,11.4,0,305,100,100,HOLDING,-2.7,1,2.4,-143,45,NO_GO,0,6,false,0,0,false,30min,
backtest,2025-09-11,05:30,DP Soda Lakes,15,6.6,5.2,6.6,6.6,13.2,0,306,100,100,HOLDING,2.9,0,3,-128,30,NO_GO,0,6,false,0,0,false,30min,
backtest,2025-09-11,05:45,DP Soda Lakes,15,6.6,5.2,6.6,6.6,13.2,0,306,100,100,HOLDING,2.9,0,3,-113,15,NO_GO,0,6,false,0,0,false,30min,
backtest,2025-09-11,06:00,DP Soda Lakes,15,6.1,6.3,6.1,6.1,12.8,0,310,100,100,HOLDING,-0.5,2,1.9,-98,0,NO_GO,0,6,false,0,0,false,30min,
backtest,2025-09-11,06:15,DP Soda Lakes,15,6.1,6.3,6.1,6.1,12.8,0,310,100,100,HOLDING,-0.5,2,1.9,-83,-15,NO_GO,0,6,false,0,0,false,30min,
backtest,2025-09-11,06:30,DP Soda Lakes,15,6.6,6.3,6.6,6.6,13,0,291,100,100,HOLDING,0.5,3,3.4,-68,-30,NO_GO,0,6,false,0,0,false,30min,
backtest,2025-09-11,06:45,DP Soda Lakes,15,6.6,6.3,6.6,6.6,13,0,291,100,100,HOLDING,0.5,3,3.4,-53,-45,NO_GO,0,6,false,0,0,false,30min,
backtest,2025-09-11,07:00,DP Soda Lakes,15,4,5.3,4,4,11,0,286,100,100,HOLDING,-2.6,2,2.3,-38,-60,NO_GO,0,6,false,0,0,false,30min,
backtest,2025-09-12,05:00,DP Soda Lakes,15,2.1,3.8,2.1,2.1,5.8,0,222,0,50,DECAYING,-3.3,0,1.4,-159,60,NO_GO,0,6,false,0,0,false,30min,
backtest,2025-09-12,05:15,DP Soda Lakes,15,2.1,3.8,2.1,2.1,5.8,0,222,0,50,DECAYING,-3.3,0,1.4,-144,45,NO_GO,0,6,false,0,0,false,30min,
backtest,2025-09-12,05:30,DP Soda Lakes,15,2.1,2.1,2.1,2.1,7.8,0,74,0,0,HOLDING,0,-1,2.7,-129,30,NO_GO,0,6,false,0,0,false,30min,
backtest,2025-09-12,05:45,DP Soda Lakes,15,2.1,2.1,2.1,2.1,7.8,0,74,0,0,HOLDING,0,-1,2.7,-114,15,NO_GO,0,6,false,0,0,false,30min,
backtest,2025-09-12,06:00,DP Soda Lakes,15,3.8,3,3.8,3.8,10.1,0,354,100,0,HOLDING,1.7,-5,2.9,-99,0,NO_GO,0,6,false,0,0,false,30min,
backtest,2025-09-12,06:15,DP Soda Lakes,15,3.8,3,3.8,3.8,10.1,0,354,100,0,HOLDING,1.7,-5,2.9,-84,-15,NO_GO,0,6,false,0,0,false,30min,
backtest,2025-09-12,06:30,DP Soda Lakes,15,7.9,5.8,7.9,7.9,18.6,0,10,100,0,BUILDING,4.1,-9,2.6,-69,-30,NO_GO,0,6,false,0,0,false,30min,
backtest,2025-09-12,06:45,DP Soda Lakes,15,7.9,5.8,7.9,7.9,18.6,0,10,100,0,BUILDING,4.1,-9,2.6,-54,-45,NO_GO,0,6,false,0,0,false,30min,
backtest,2025-09-12,07:00,DP Soda Lakes,15,4.2,6.1,4.2,4.2,12.8,0,355,100,50,DECAYING,-3.7,-10,3.1,-39,-60,NO_GO,0,6,false,0,0,false,30min,
backtest,2025-09-13,05:00,DP Soda Lakes,15,12.4,11.4,12.4,12.4,20.8,0,272,100,100,HOLDING,2.1,-4,3.1,-160,60,MARGINAL,2,6,true,30,0,false,30min,
backtest,2025-09-13,05:15,DP Soda Lakes,15,12.4,11.4,12.4,12.4,20.8,0,272,100,100,HOLDING,2.1,-4,3.1,-145,45,MARGINAL,2,6,true,30,0,false,30min,
backtest,2025-09-13,05:30,DP Soda Lakes,15,12.7,12.6,12.7,12.7,21.7,0,276,100,100,HOLDING,0.3,-4,2.3,-130,30,MARGINAL,2,6,true,30,0,false,30min,
backtest,2025-09-13,05:45,DP Soda Lakes,15,12.7,12.6,12.7,12.7,21.7,0,276,100,100,HOLDING,0.3,-4,2.3,-115,15,MARGINAL,2,6,true,30,0,false,30min,
backtest,2025-09-13,06:00,DP Soda Lakes,15,12.9,12.8,12.9,12.9,19.5,0,279,100,100,HOLDING,0.2,-4,1.6,-100,0,GO,4,6,true,30,0,false,30min,
backtest,2025-09-13,06:15,DP Soda Lakes,15,12.9,12.8,12.9,12.9,19.5,0,279,100,100,HOLDING,0.2,-4,1.6,-85,-15,GO,4,6,true,30,0,false,30min,
backtest,2025-09-13,06:30,DP Soda Lakes,15,10.8,11.9,10.8,10.8,17.2,0,277,100,100,HOLDING,-2.1,-4,2.7,-70,-30,MARGINAL,2,6,true,30,0,false,30min,
backtest,2025-09-13,06:45,DP Soda Lakes,15,10.8,11.9,10.8,10.8,17.2,0,277,100,100,HOLDING,-2.1,-4,2.7,-55,-45,MARGINAL,2,6,true,30,0,false,30min,
backtest,2025-09-13,07:00,DP Soda Lakes,15,11.4,11.1,11.4,11.4,19.5,0,278,100,100,HOLDING,0.6,-4,2.4,-40,-60,MARGINAL,2,6,true,30,0,false,30min,
backtest,2025-09-14,05:00,DP Soda Lakes,15,2.2,2.5,2.2,2.2,5.1,0,242,100,50,HOLDING,-0.6,7,1.7,-161,60,NO_GO,0,6,false,0,0,false,30min,
backtest,2025-09-14,05:15,DP Soda Lakes,15,2.2,2.5,2.2,2.2,5.1,0,242,100,50,HOLDING,-0.6,7,1.7,-146,45,NO_GO,0,6,false,0,0,false,30min,
backtest,2025-09-14,05:30,DP Soda Lakes,15,3.5,2.9,3.5,3.5,7.8,0,258,0,50,HOLDING,1.3,6,2.2,-131,30,NO_GO,0,6,false,0,0,false,30min,
backtest,2025-09-14,05:45,DP Soda Lakes,15,3.5,2.9,3.5,3.5,7.8,0,258,0,50,HOLDING,1.3,6,2.2,-116,15,NO_GO,0,6,false,0,0,false,30min,
backtest,2025-09-14,06:00,DP Soda Lakes,15,3.6,3.5,3.6,3.6,9.2,0,307,100,100,HOLDING,0.1,7,1.2,-101,0,NO_GO,0,6,false,0,0,false,30min,
backtest,2025-09-14,06:15,DP Soda Lakes,15,3.6,3.5,3.6,3.6,9.2,0,307,100,100,HOLDING,0.1,7,1.2,-86,-15,NO_GO,0,6,false,0,0,false,30min,
backtest,2025-09-14,06:30,DP Soda Lakes,15,4.5,4,4.5,4.5,10.7,0,297,100,100,HOLDING,0.9,8,1.3,-71,-30,NO_GO,0,6,false,0,0,false,30min,
backtest,2025-09-14,06:45,DP Soda Lakes,15,4.5,4,4.5,4.5,10.7,0,297,100,100,HOLDING,0.9,8,1.3,-56,-45,NO_GO,0,6,false,0,0,false,30min,
backtest,2025-09-14,07:00,DP Soda Lakes,15,10.6,7.5,10.6,10.6,16.1,0,281,100,100,BUILDING,6.1,8,2.9,-41,-60,MARGINAL,2,6,false,0,0,false,30min,
backtest,2025-09-15,05:00,DP Soda Lakes,15,21.2,20.6,21.2,21.2,29.5,100,273,100,100,HOLDING,1.1,-2,1.7,-162,60,GO,5,6,true,90,150,false,30min,
backtest,2025-09-15,05:15,DP Soda Lakes,15,21.2,20.6,21.2,21.2,29.5,100,273,100,100,HOLDING,1.1,-2,1.7,-147,45,GO,5,6,true,90,150,false,30min,
backtest,2025-09-15,05:30,DP Soda Lakes,15,19.5,20.4,19.5,19.5,29.5,100,273,100,100,HOLDING,-1.7,-5,1.2,-132,30,GO,6,6,true,90,150,false,30min,
backtest,2025-09-15,05:45,DP Soda Lakes,15,19.5,20.4,19.5,19.5,29.5,100,273,100,100,HOLDING,-1.7,-5,1.2,-117,15,GO,6,6,true,90,150,false,30min,
backtest,2025-09-15,06:00,DP Soda Lakes,15,18,18.8,18,18,28.9,100,269,100,50,HOLDING,-1.5,-5,1,-102,0,GO,4,6,true,90,150,false,30min,
backtest,2025-09-15,06:15,DP Soda Lakes,15,18,18.8,18,18,28.9,100,269,100,50,HOLDING,-1.5,-5,1,-87,-15,GO,4,6,true,90,150,false,30min,
backtest,2025-09-15,06:30,DP Soda Lakes,15,18.9,18.4,18.9,18.9,28.9,100,268,100,0,HOLDING,0.9,-5,1.4,-72,-30,MARGINAL,2,6,true,90,150,false,30min,
backtest,2025-09-15,06:45,DP Soda Lakes,15,18.9,18.4,18.9,18.9,28.9,100,268,100,0,HOLDING,0.9,-5,1.4,-57,-45,MARGINAL,2,6,true,90,150,false,30min,
backtest,2025-09-15,07:00,DP Soda Lakes,15,14.8,16.9,14.8,14.8,29.5,0,268,100,0,DECAYING,-4.1,-5,2.5,-42,-60,NO_GO,0,6,true,90,150,false,30min,
backtest,2025-09-16,05:00,DP Soda Lakes,15,7.8,7.3,7.8,7.8,13.2,0,302,100,100,HOLDING,1.1,6,3.2,-163,60,NO_GO,0,6,false,0,0,false,30min,
backtest,2025-09-16,05:15,DP Soda Lakes,15,7.8,7.3,7.8,7.8,13.2,0,302,100,100,HOLDING,1.1,6,3.2,-148,45,NO_GO,0,6,false,0,0,false,30min,
backtest,2025-09-16,05:30,DP Soda Lakes,15,8.1,7.9,8.1,8.1,13,0,291,100,100,HOLDING,0.3,7,2.5,-133,30,NO_GO,0,6,false,0,0,false,30min,
backtest,2025-09-16,05:45,DP Soda Lakes,15,8.1,7.9,8.1,8.1,13,0,291,100,100,HOLDING,0.3,7,2.5,-118,15,NO_GO,0,6,false,0,0,false,30min,
backtest,2025-09-16,06:00,DP Soda Lakes,15,11.8,9.9,11.8,11.8,18.8,0,279,100,100,BUILDING,3.7,8,1.4,-103,0,MARGINAL,2,6,false,0,0,false,30min,
backtest,2025-09-16,06:15,DP Soda Lakes,15,11.8,9.9,11.8,11.8,18.8,0,279,100,100,BUILDING,3.7,8,1.4,-88,-15,MARGINAL,2,6,false,0,0,false,30min,
backtest,2025-09-16,06:30,DP Soda Lakes,15,13.7,12.8,13.7,13.7,20.4,0,278,100,100,HOLDING,1.9,8,2.4,-73,-30,MARGINAL,3,6,false,0,0,false,30min,
backtest,2025-09-16,06:45,DP Soda Lakes,15,13.7,12.8,13.7,13.7,20.4,0,278,100,100,HOLDING,1.9,8,2.4,-58,-45,MARGINAL,3,6,false,0,0,false,30min,
backtest,2025-09-16,07:00,DP Soda Lakes,15,9.7,11.7,9.7,9.7,19.9,0,276,100,100,DECAYING,-4,8,2.3,-43,-60,NO_GO,0,6,false,0,0,false,30min,
backtest,2025-09-17,05:00,DP Soda Lakes,15,11.1,10.6,11.1,11.1,18.3,0,282,100,100,HOLDING,1.1,-14,1.6,-164,60,MARGINAL,3,6,true,60,0,false,30min,
backtest,2025-09-17,05:15,DP Soda Lakes,15,11.1,10.6,11.1,11.1,18.3,0,282,100,100,HOLDING,1.1,-14,1.6,-149,45,MARGINAL,3,6,true,60,0,false,30min,
backtest,2025-09-17,05:30,DP Soda Lakes,15,11.6,11.3,11.6,11.6,18.8,0,283,100,100,HOLDING,0.5,-15,2.7,-134,30,MARGINAL,3,6,true,60,0,false,30min,
backtest,2025-09-17,05:45,DP Soda Lakes,15,11.6,11.3,11.6,11.6,18.8,0,283,100,100,HOLDING,0.5,-15,2.7,-119,15,MARGINAL,3,6,true,60,0,false,30min,
backtest,2025-09-17,06:00,DP Soda Lakes,15,11.6,11.6,11.6,11.6,19.9,0,282,100,100,HOLDING,0,-17,1.9,-104,0,MARGINAL,3,6,true,60,0,false,30min,
backtest,2025-09-17,06:15,DP Soda Lakes,15,11.6,11.6,11.6,11.6,19.9,0,282,100,100,HOLDING,0,-17,1.9,-89,-15,MARGINAL,3,6,true,60,0,false,30min,
backtest,2025-09-17,06:30,DP Soda Lakes,15,13.3,12.4,13.3,13.3,26.4,0,283,100,100,HOLDING,1.7,-18,2.8,-74,-30,GO,5,6,true,60,0,false,30min,
backtest,2025-09-17,06:45,DP Soda Lakes,15,13.3,12.4,13.3,13.3,26.4,0,283,100,100,HOLDING,1.7,-18,2.8,-59,-45,GO,5,6,true,60,0,false,30min,
backtest,2025-09-17,07:00,DP Soda Lakes,15,20.2,16.8,20.2,20.2,27.7,100,277,100,100,BUILDING,6.9,-20,3,-44,-60,GO,7,6,true,60,0,false,30min,
backtest,2025-09-18,05:00,DP Soda Lakes,15,16.1,15.1,16.1,16.1,24.4,100,273,100,100,HOLDING,2.1,-11,1.8,-165,60,GO,6,6,true,180,60,false,30min,
backtest,2025-09-18,05:15,DP Soda Lakes,15,16.1,15.1,16.1,16.1,24.4,100,273,100,100,HOLDING,2.1,-11,1.8,-150,45,GO,6,6,true,180,60,false,30min,
backtest,2025-09-18,05:30,DP Soda Lakes,15,16.8,16.5,16.8,16.8,27.7,100,270,100,50,HOLDING,0.7,-13,2.3,-135,30,GO,4,6,true,180,60,false,30min,
backtest,2025-09-18,05:45,DP Soda Lakes,15,16.8,16.5,16.8,16.8,27.7,100,270,100,50,HOLDING,0.7,-13,2.3,-120,15,GO,4,6,true,180,60,false,30min,
backtest,2025-09-18,06:00,DP Soda Lakes,15,17,16.9,17,17,27.5,100,269,100,50,HOLDING,0.2,-16,2.2,-105,0,GO,4,6,true,180,60,false,30min,
backtest,2025-09-18,06:15,DP Soda Lakes,15,17,16.9,17,17,27.5,100,269,100,50,HOLDING,0.2,-16,2.2,-90,-15,GO,4,6,true,180,60,false,30min,
backtest,2025-09-18,06:30,DP Soda Lakes,15,18.2,17.6,18.2,18.2,26.4,100,270,100,50,HOLDING,1.2,-16,2.5,-75,-30,GO,4,6,true,180,60,false,30min,
backtest,2025-09-18,06:45,DP Soda Lakes,15,18.2,17.6,18.2,18.2,26.4,100,270,100,50,HOLDING,1.2,-16,2.5,-60,-45,GO,4,6,true,180,60,false,30min,
backtest,2025-09-18,07:00,DP Soda Lakes,15,17.6,17.9,17.6,17.6,26.8,100,273,100,50,HOLDING,-0.6,-19,3.1,-45,-60,GO,4,6,true,180,60,false,30min,
backtest,2025-09-19,05:00,DP Soda Lakes,15,11.5,12.7,11.5,11.5,19.9,0,273,100,100,HOLDING,-2.4,-3,1,-166,60,MARGINAL,2,6,true,150,180,false,30min,
backtest,2025-09-19,05:15,DP Soda Lakes,15,11.5,12.7,11.5,11.5,19.9,0,273,100,100,HOLDING,-2.4,-3,1,-151,45,MARGINAL,2,6,true,150,180,false,30min,
backtest,2025-09-19,05:30,DP Soda Lakes,15,14.9,13.2,14.9,14.9,23,0,274,100,100,BUILDING,3.4,-5,1,-136,30,GO,6,6,true,150,180,false,30min,
backtest,2025-09-19,05:45,DP Soda Lakes,15,14.9,13.2,14.9,14.9,23,0,274,100,100,BUILDING,3.4,-5,1,-121,15,GO,6,6,true,150,180,false,30min,
backtest,2025-09-19,06:00,DP Soda Lakes,15,13.9,14.4,13.9,13.9,23,0,275,100,100,HOLDING,-1,-5,1.2,-106,0,GO,5,6,true,150,180,false,30min,
backtest,2025-09-19,06:15,DP Soda Lakes,15,13.9,14.4,13.9,13.9,23,0,275,100,100,HOLDING,-1,-5,1.2,-91,-15,GO,5,6,true,150,180,false,30min,
backtest,2025-09-19,06:30,DP Soda Lakes,15,13.6,13.8,13.6,13.6,22.6,0,275,100,100,HOLDING,-0.3,-6,1.7,-76,-30,GO,5,6,true,150,180,false,30min,
backtest,2025-09-19,06:45,DP Soda Lakes,15,13.6,13.8,13.6,13.6,22.6,0,275,100,100,HOLDING,-0.3,-6,1.7,-61,-45,GO,5,6,true,150,180,false,30min,
backtest,2025-09-19,07:00,DP Soda Lakes,15,15.3,14.4,15.3,15.3,24.8,100,274,100,100,HOLDING,1.7,-6,3.3,-46,-60,GO,6,6,true,150,180,false,30min,
backtest,2025-09-20,05:00,DP Soda Lakes,15,6.9,9.2,6.9,6.9,19.2,0,263,100,50,DECAYING,-4.5,3,1.1,-167,60,NO_GO,0,6,false,0,0,false,30min,
backtest,2025-09-20,05:15,DP Soda Lakes,15,6.9,9.2,6.9,6.9,19.2,0,263,100,50,DECAYING,-4.5,3,1.1,-152,45,NO_GO,0,6,false,0,0,false,30min,
backtest,2025-09-20,05:30,DP Soda Lakes,15,2.8,4.8,2.8,2.8,6.9,0,281,100,50,DECAYING,-4.1,5,1.7,-137,30,NO_GO,0,6,false,0,0,false,30min,
backtest,2025-09-20,05:45,DP Soda Lakes,15,2.8,4.8,2.8,2.8,6.9,0,281,100,50,DECAYING,-4.1,5,1.7,-122,15,NO_GO,0,6,false,0,0,false,30min,
backtest,2025-09-20,06:00,DP Soda Lakes,15,3.6,3.2,3.6,3.6,8.7,0,296,100,100,HOLDING,0.8,7,1.5,-107,0,NO_GO,0,6,false,0,0,false,30min,
backtest,2025-09-20,06:15,DP Soda Lakes,15,3.6,3.2,3.6,3.6,8.7,0,296,100,100,HOLDING,0.8,7,1.5,-92,-15,NO_GO,0,6,false,0,0,false,30min,
backtest,2025-09-20,06:30,DP Soda Lakes,15,10.3,7,10.3,10.3,17.2,0,279,100,100,BUILDING,6.7,5,1.8,-77,-30,MARGINAL,2,6,false,0,0,false,30min,
backtest,2025-09-20,06:45,DP Soda Lakes,15,10.3,7,10.3,10.3,17.2,0,279,100,100,BUILDING,6.7,5,1.8,-62,-45,MARGINAL,2,6,false,0,0,false,30min,
backtest,2025-09-20,07:00,DP Soda Lakes,15,12.2,11.3,12.2,12.2,20.8,0,277,100,100,HOLDING,1.9,4,3.6,-47,-60,MARGINAL,2,6,false,0,0,false,30min,
backtest,2025-09-21,05:00,DP Soda Lakes,15,14,12.4,14,14,20.4,0,293,100,100,BUILDING,3.1,-1,4.1,-168,60,GO,5,6,true,30,30,false,30min,
backtest,2025-09-21,05:15,DP Soda Lakes,15,14,12.4,14,14,20.4,0,293,100,100,BUILDING,3.1,-1,4.1,-153,45,GO,5,6,true,30,30,false,30min,
backtest,2025-09-21,05:30,DP Soda Lakes,15,13.6,13.8,13.6,13.6,20.8,0,293,100,100,HOLDING,-0.4,-4,3.3,-138,30,GO,4,6,true,30,30,false,30min,
backtest,2025-09-21,05:45,DP Soda Lakes,15,13.6,13.8,13.6,13.6,20.8,0,293,100,100,HOLDING,-0.4,-4,3.3,-123,15,GO,4,6,true,30,30,false,30min,
backtest,2025-09-21,06:00,DP Soda Lakes,15,10.9,12.3,10.9,10.9,20.6,0,287,100,100,HOLDING,-2.7,-5,3,-108,0,MARGINAL,3,6,true,30,30,false,30min,
backtest,2025-09-21,06:15,DP Soda Lakes,15,10.9,12.3,10.9,10.9,20.6,0,287,100,100,HOLDING,-2.7,-5,3,-93,-15,MARGINAL,3,6,true,30,30,false,30min,
backtest,2025-09-21,06:30,DP Soda Lakes,15,7,8.9,7,7,15.7,0,286,100,100,DECAYING,-3.9,-4,3.2,-78,-30,NO_GO,0,6,true,30,30,false,30min,
backtest,2025-09-21,06:45,DP Soda Lakes,15,7,8.9,7,7,15.7,0,286,100,100,DECAYING,-3.9,-4,3.2,-63,-45,NO_GO,0,6,true,30,30,false,30min,
backtest,2025-09-21,07:00,DP Soda Lakes,15,13.1,10.1,13.1,13.1,21.9,0,278,100,50,BUILDING,6.1,-7,2.2,-48,-60,GO,4,6,true,30,30,false,30min,
backtest,2025-09-22,05:00,DP Soda Lakes,15,9.6,10.7,9.6,9.6,17,0,282,100,100,HOLDING,-2.2,5,1.2,-169,60,MARGINAL,1,6,true,60,30,false,30min,
backtest,2025-09-22,05:15,DP Soda Lakes,15,9.6,10.7,9.6,9.6,17,0,282,100,100,HOLDING,-2.2,5,1.2,-154,45,MARGINAL,1,6,true,60,30,false,30min,
backtest,2025-09-22,05:30,DP Soda Lakes,15,9.2,9.4,9.2,9.2,16.6,0,292,100,100,HOLDING,-0.4,4,1.8,-139,30,MARGINAL,2,6,true,60,30,false,30min,
backtest,2025-09-22,05:45,DP Soda Lakes,15,9.2,9.4,9.2,9.2,16.6,0,292,100,100,HOLDING,-0.4,4,1.8,-124,15,MARGINAL,2,6,true,60,30,false,30min,
backtest,2025-09-22,06:00,DP Soda Lakes,15,11.9,10.6,11.9,11.9,18.6,0,288,100,100,HOLDING,2.7,7,1.2,-109,0,MARGINAL,1,6,true,60,30,false,30min,
backtest,2025-09-22,06:15,DP Soda Lakes,15,11.9,10.6,11.9,11.9,18.6,0,288,100,100,HOLDING,2.7,7,1.2,-94,-15,MARGINAL,1,6,true,60,30,false,30min,
backtest,2025-09-22,06:30,DP Soda Lakes,15,14.6,13.3,14.6,14.6,22.6,0,279,100,100,HOLDING,2.7,6,1.2,-79,-30,MARGINAL,3,6,true,60,30,false,30min,
backtest,2025-09-22,06:45,DP Soda Lakes,15,14.6,13.3,14.6,14.6,22.6,0,279,100,100,HOLDING,2.7,6,1.2,-64,-45,MARGINAL,3,6,true,60,30,false,30min,
backtest,2025-09-22,07:00,DP Soda Lakes,15,15.4,15,15.4,15.4,24.6,100,277,100,100,HOLDING,0.8,7,2.8,-49,-60,GO,4,6,true,60,30,false,30min,
backtest,2025-09-23,05:00,DP Soda Lakes,15,2.8,3.6,2.8,2.8,7.8,0,314,100,100,HOLDING,-1.6,1,1.5,-169,60,NO_GO,0,6,false,0,0,false,30min,
backtest,2025-09-23,05:15,DP Soda Lakes,15,2.8,3.6,2.8,2.8,7.8,0,314,100,100,HOLDING,-1.6,1,1.5,-154,45,NO_GO,0,6,false,0,0,false,30min,
backtest,2025-09-23,05:30,DP Soda Lakes,15,1.1,1.9,1.1,1.1,3.8,0,20,0,50,HOLDING,-1.7,1,1.5,-139,30,NO_GO,0,6,false,0,0,false,30min,
backtest,2025-09-23,05:45,DP Soda Lakes,15,1.1,1.9,1.1,1.1,3.8,0,20,0,50,HOLDING,-1.7,1,1.5,-124,15,NO_GO,0,6,false,0,0,false,30min,
backtest,2025-09-23,06:00,DP Soda Lakes,15,1.8,1.5,1.8,1.8,4.5,0,66,100,0,HOLDING,0.7,4,0.7,-109,0,NO_GO,0,6,false,0,0,false,30min,
backtest,2025-09-23,06:15,DP Soda Lakes,15,1.8,1.5,1.8,1.8,4.5,0,66,100,0,HOLDING,0.7,4,0.7,-94,-15,NO_GO,0,6,false,0,0,false,30min,
backtest,2025-09-23,06:30,DP Soda Lakes,15,2,1.9,2,2,14.1,0,47,100,0,HOLDING,0.2,5,1.8,-79,-30,NO_GO,0,6,false,0,0,false,30min,
backtest,2025-09-23,06:45,DP Soda Lakes,15,2,1.9,2,2,14.1,0,47,100,0,HOLDING,0.2,5,1.8,-64,-45,NO_GO,0,6,false,0,0,false,30min,
backtest,2025-09-23,07:00,DP Soda Lakes,15,3.7,2.9,3.7,3.7,14.1,0,43,100,0,HOLDING,1.7,-7,2.1,-49,-60,NO_GO,0,6,false,0,0,false,30min,
backtest,2025-09-24,05:00,DP Soda Lakes,15,9.3,8.3,9.3,9.3,17.4,0,280,100,100,HOLDING,2,-7,1.9,-170,60,MARGINAL,3,6,false,0,0,false,30min,
backtest,2025-09-24,05:15,DP Soda Lakes,15,9.3,8.3,9.3,9.3,17.4,0,280,100,100,HOLDING,2,-7,1.9,-155,45,MARGINAL,3,6,false,0,0,false,30min,
backtest,2025-09-24,05:30,DP Soda Lakes,15,10.4,9.9,10.4,10.4,16.8,0,274,100,100,HOLDING,1.1,-6,1.7,-140,30,MARGINAL,3,6,false,0,0,false,30min,
backtest,2025-09-24,05:45,DP Soda Lakes,15,10.4,9.9,10.4,10.4,16.8,0,274,100,100,HOLDING,1.1,-6,1.7,-125,15,MARGINAL,3,6,false,0,0,false,30min,
backtest,2025-09-24,06:00,DP Soda Lakes,15,12.9,11.7,12.9,12.9,21.2,0,272,100,50,HOLDING,2.5,-7,1.7,-110,0,MARGINAL,3,6,false,0,0,false,30min,
backtest,2025-09-24,06:15,DP Soda Lakes,15,12.9,11.7,12.9,12.9,21.2,0,272,100,50,HOLDING,2.5,-7,1.7,-95,-15,MARGINAL,3,6,false,0,0,false,30min,
backtest,2025-09-24,06:30,DP Soda Lakes,15,12.7,12.8,12.7,12.7,19.9,0,271,100,50,HOLDING,-0.2,-9,2.3,-80,-30,MARGINAL,1,6,false,0,0,false,30min,
backtest,2025-09-24,06:45,DP Soda Lakes,15,12.7,12.8,12.7,12.7,19.9,0,271,100,50,HOLDING,-0.2,-9,2.3,-65,-45,MARGINAL,1,6,false,0,0,false,30min,
backtest,2025-09-24,07:00,DP Soda Lakes,15,11.4,12.1,11.4,11.4,20.4,0,277,100,100,HOLDING,-1.3,-7,3,-50,-60,MARGINAL,3,6,false,0,0,false,30min,
backtest,2025-09-25,05:00,DP Soda Lakes,15,22.5,22.4,22.5,22.5,33.3,100,275,100,100,HOLDING,0.2,-20,1.7,-171,60,GO,6,6,true,240,300,false,30min,
backtest,2025-09-25,05:15,DP Soda Lakes,15,22.5,22.4,22.5,22.5,33.3,100,275,100,100,HOLDING,0.2,-20,1.7,-156,45,GO,6,6,true,240,300,false,30min,
backtest,2025-09-25,05:30,DP Soda Lakes,15,23.7,23.1,23.7,23.7,32.9,100,274,100,100,HOLDING,1.2,-20,1.7,-141,30,GO,6,6,true,240,300,false,30min,
backtest,2025-09-25,05:45,DP Soda Lakes,15,23.7,23.1,23.7,23.7,32.9,100,274,100,100,HOLDING,1.2,-20,1.7,-126,15,GO,6,6,true,240,300,false,30min,
backtest,2025-09-25,06:00,DP Soda Lakes,15,22.7,23.2,22.7,22.7,33.8,100,275,100,100,HOLDING,-1,-22,2.6,-111,0,GO,6,6,true,240,300,false,30min,
backtest,2025-09-25,06:15,DP Soda Lakes,15,22.7,23.2,22.7,22.7,33.8,100,275,100,100,HOLDING,-1,-22,2.6,-96,-15,GO,6,6,true,240,300,false,30min,
backtest,2025-09-25,06:30,DP Soda Lakes,15,23.1,22.9,23.1,23.1,32.7,100,276,100,100,HOLDING,0.4,-22,2.6,-81,-30,GO,6,6,true,240,300,false,30min,
backtest,2025-09-25,06:45,DP Soda Lakes,15,23.1,22.9,23.1,23.1,32.7,100,276,100,100,HOLDING,0.4,-22,2.6,-66,-45,GO,6,6,true,240,300,false,30min,
backtest,2025-09-25,07:00,DP Soda Lakes,15,24.6,23.9,24.6,24.6,33.8,100,274,100,100,HOLDING,1.5,-25,2.3,-51,-60,GO,6,6,true,240,300,false,30min,
backtest,2025-09-26,05:00,DP Soda Lakes,15,17.2,17.1,17.2,17.2,28.2,100,279,100,100,HOLDING,0.1,-1,1.6,-172,60,GO,5,6,true,30,120,false,30min,
backtest,2025-09-26,05:15,DP Soda Lakes,15,17.2,17.1,17.2,17.2,28.2,100,279,100,100,HOLDING,0.1,-1,1.6,-157,45,GO,5,6,true,30,120,false,30min,
backtest,2025-09-26,05:30,DP Soda Lakes,15,18.7,17.9,18.7,18.7,28.4,100,285,100,100,HOLDING,1.5,0,2.5,-142,30,GO,5,6,true,30,120,false,30min,
backtest,2025-09-26,05:45,DP Soda Lakes,15,18.7,17.9,18.7,18.7,28.4,100,285,100,100,HOLDING,1.5,0,2.5,-127,15,GO,5,6,true,30,120,false,30min,
backtest,2025-09-26,06:00,DP Soda Lakes,15,19.3,19,19.3,19.3,30,100,286,100,100,HOLDING,0.6,-2,2.4,-112,0,GO,5,6,true,30,120,false,30min,
backtest,2025-09-26,06:15,DP Soda Lakes,15,19.3,19,19.3,19.3,30,100,286,100,100,HOLDING,0.6,-2,2.4,-97,-15,GO,5,6,true,30,120,false,30min,
backtest,2025-09-26,06:30,DP Soda Lakes,15,13.4,16.4,13.4,13.4,23.5,0,274,100,50,DECAYING,-5.9,-3,1.9,-82,-30,MARGINAL,1,6,true,30,120,false,30min,
backtest,2025-09-26,06:45,DP Soda Lakes,15,13.4,16.4,13.4,13.4,23.5,0,274,100,50,DECAYING,-5.9,-3,1.9,-67,-45,MARGINAL,1,6,true,30,120,false,30min,
backtest,2025-09-26,07:00,DP Soda Lakes,15,11.6,12.5,11.6,11.6,27.7,0,265,100,0,HOLDING,-1.8,-3,3.1,-52,-60,NO_GO,-2,6,true,30,120,false,30min,
backtest,2025-09-27,05:00,DP Soda Lakes,15,10.2,11.2,10.2,10.2,19.7,0,286,100,100,HOLDING,-2,10,5.3,-173,60,NO_GO,0,6,true,30,210,false,30min,
backtest,2025-09-27,05:15,DP Soda Lakes,15,10.2,11.2,10.2,10.2,19.7,0,286,100,100,HOLDING,-2,10,5.3,-158,45,NO_GO,0,6,true,30,210,false,30min,
backtest,2025-09-27,05:30,DP Soda Lakes,15,10.6,10.4,10.6,10.6,18.1,0,286,100,100,HOLDING,0.4,10,5.1,-143,30,MARGINAL,1,6,true,30,210,false,30min,
backtest,2025-09-27,05:45,DP Soda Lakes,15,10.6,10.4,10.6,10.6,18.1,0,286,100,100,HOLDING,0.4,10,5.1,-128,15,MARGINAL,1,6,true,30,210,false,30min,
backtest,2025-09-27,06:00,DP Soda Lakes,15,10.5,10.6,10.5,10.5,17.2,0,285,100,100,HOLDING,-0.1,12,3.6,-113,0,MARGINAL,1,6,true,30,210,false,30min,
backtest,2025-09-27,06:15,DP Soda Lakes,15,10.5,10.6,10.5,10.5,17.2,0,285,100,100,HOLDING,-0.1,12,3.6,-98,-15,MARGINAL,1,6,true,30,210,false,30min,
backtest,2025-09-27,06:30,DP Soda Lakes,15,10.5,10.5,10.5,10.5,18.3,0,286,100,100,HOLDING,0,13,3.2,-83,-30,MARGINAL,1,6,true,30,210,false,30min,
backtest,2025-09-27,06:45,DP Soda Lakes,15,10.5,10.5,10.5,10.5,18.3,0,286,100,100,HOLDING,0,13,3.2,-68,-45,MARGINAL,1,6,true,30,210,false,30min,
backtest,2025-09-27,07:00,DP Soda Lakes,15,10.3,10.4,10.3,10.3,19.7,0,290,100,100,HOLDING,-0.2,14,4.3,-53,-60,MARGINAL,1,6,true,30,210,false,30min,
backtest,2025-09-28,05:00,DP Soda Lakes,15,4.3,4.5,4.3,4.3,14.3,0,306,100,50,HOLDING,-0.4,6,1.8,-174,60,NO_GO,0,6,false,0,0,false,30min,
backtest,2025-09-28,05:15,DP Soda Lakes,15,4.3,4.5,4.3,4.3,14.3,0,306,100,50,HOLDING,-0.4,6,1.8,-159,45,NO_GO,0,6,false,0,0,false,30min,
backtest,2025-09-28,05:30,DP Soda Lakes,15,2.8,3.5,2.8,2.8,7.2,0,312,100,50,HOLDING,-1.5,6,0.4,-144,30,NO_GO,0,6,false,0,0,false,30min,
backtest,2025-09-28,05:45,DP Soda Lakes,15,2.8,3.5,2.8,2.8,7.2,0,312,100,50,HOLDING,-1.5,6,0.4,-129,15,NO_GO,0,6,false,0,0,false,30min,
backtest,2025-09-28,06:00,DP Soda Lakes,15,2.7,2.8,2.7,2.7,12.3,0,274,100,50,HOLDING,-0.1,10,0.8,-114,0,NO_GO,0,6,false,0,0,false,30min,
backtest,2025-09-28,06:15,DP Soda Lakes,15,2.7,2.8,2.7,2.7,12.3,0,274,100,50,HOLDING,-0.1,10,0.8,-99,-15,NO_GO,0,6,false,0,0,false,30min,
backtest,2025-09-28,06:30,DP Soda Lakes,15,9,5.8,9,9,19.5,0,267,100,50,BUILDING,6.3,-1,3.9,-84,-30,MARGINAL,1,6,false,0,0,false,30min,
backtest,2025-09-28,06:45,DP Soda Lakes,15,9,5.8,9,9,19.5,0,267,100,50,BUILDING,6.3,-1,3.9,-69,-45,MARGINAL,1,6,false,0,0,false,30min,
backtest,2025-09-28,07:00,DP Soda Lakes,15,4.2,6.6,4.2,4.2,17,0,267,100,50,DECAYING,-4.8,0,2.7,-54,-60,NO_GO,0,6,false,0,0,false,30min,
backtest,2025-09-29,05:00,DP Soda Lakes,15,18.9,18.5,18.9,18.9,26.2,100,273,100,100,HOLDING,0.8,5,1.4,-175,60,GO,4,6,true,240,240,false,30min,
backtest,2025-09-29,05:15,DP Soda Lakes,15,18.9,18.5,18.9,18.9,26.2,100,273,100,100,HOLDING,0.8,5,1.4,-160,45,GO,4,6,true,240,240,false,30min,
backtest,2025-09-29,05:30,DP Soda Lakes,15,19.6,19.3,19.6,19.6,29.1,100,272,100,100,HOLDING,0.7,5,0.9,-145,30,GO,4,6,true,240,240,false,30min,
backtest,2025-09-29,05:45,DP Soda Lakes,15,19.6,19.3,19.6,19.6,29.1,100,272,100,100,HOLDING,0.7,5,0.9,-130,15,GO,4,6,true,240,240,false,30min,
backtest,2025-09-29,06:00,DP Soda Lakes,15,20.9,20.3,20.9,20.9,29.5,100,271,100,100,HOLDING,1.3,5,1,-115,0,GO,4,6,true,240,240,false,30min,
backtest,2025-09-29,06:15,DP Soda Lakes,15,20.9,20.3,20.9,20.9,29.5,100,271,100,100,HOLDING,1.3,5,1,-100,-15,GO,4,6,true,240,240,false,30min,
backtest,2025-09-29,06:30,DP Soda Lakes,15,21.6,21.3,21.6,21.6,30.4,100,272,100,100,HOLDING,0.7,5,2.3,-85,-30,GO,4,6,true,240,240,false,30min,
backtest,2025-09-29,06:45,DP Soda Lakes,15,21.6,21.3,21.6,21.6,30.4,100,272,100,100,HOLDING,0.7,5,2.3,-70,-45,GO,4,6,true,240,240,false,30min,
backtest,2025-09-29,07:00,DP Soda Lakes,15,21.1,21.4,21.1,21.1,30.6,100,274,100,100,HOLDING,-0.5,5,2.5,-55,-60,GO,4,6,true,240,240,false,30min,
backtest,2025-09-30,05:00,DP Soda Lakes,15,19.5,19.8,19.5,19.5,28.2,100,272,100,100,HOLDING,-0.5,0,1.5,-176,60,GO,5,6,true,210,180,false,30min,
backtest,2025-09-30,05:15,DP Soda Lakes,15,19.5,19.8,19.5,19.5,28.2,100,272,100,100,HOLDING,-0.5,0,1.5,-161,45,GO,5,6,true,210,180,false,30min,
backtest,2025-09-30,05:30,DP Soda Lakes,15,20.5,20,20.5,20.5,28.9,100,270,100,100,HOLDING,1,-2,2.7,-146,30,GO,5,6,true,210,180,false,30min,
backtest,2025-09-30,05:45,DP Soda Lakes,15,20.5,20,20.5,20.5,28.9,100,270,100,100,HOLDING,1,-2,2.7,-131,15,GO,5,6,true,210,180,false,30min,
backtest,2025-09-30,06:00,DP Soda Lakes,15,20.4,20.4,20.4,20.4,30.4,100,271,100,100,HOLDING,-0.1,-3,2.4,-116,0,GO,5,6,true,210,180,false,30min,
backtest,2025-09-30,06:15,DP Soda Lakes,15,20.4,20.4,20.4,20.4,30.4,100,271,100,100,HOLDING,-0.1,-3,2.4,-101,-15,GO,5,6,true,210,180,false,30min,
backtest,2025-09-30,06:30,DP Soda Lakes,15,20.3,20.4,20.3,20.3,31.8,100,272,100,100,HOLDING,-0.1,-4,3.3,-86,-30,GO,5,6,true,210,180,false,30min,
backtest,2025-09-30,06:45,DP Soda Lakes,15,20.3,20.4,20.3,20.3,31.8,100,272,100,100,HOLDING,-0.1,-4,3.3,-71,-45,GO,5,6,true,210,180,false,30min,
backtest,2025-09-30,07:00,DP Soda Lakes,15,19.5,19.9,19.5,19.5,32.7,100,272,100,100,HOLDING,-0.8,-5,5,-56,-60,GO,6,6,true,210,180,false,30min,
backtest,2025-10-01,05:00,DP Soda Lakes,15,13.4,14.1,13.4,13.4,22.1,0,269,100,50,HOLDING,-1.4,-3,6.5,-177,120,MARGINAL,2,7,false,0,90,true,30min,
backtest,2025-10-01,05:15,DP Soda Lakes,15,13.4,14.1,13.4,13.4,22.1,0,269,100,50,HOLDING,-1.4,-3,6.5,-162,105,MARGINAL,2,7,false,0,90,true,30min,
backtest,2025-10-01,05:30,DP Soda Lakes,15,10.9,12.2,10.9,10.9,19,0,269,100,50,HOLDING,-2.5,-3,5.1,-147,90,NO_GO,0,7,false,0,90,true,30min,
backtest,2025-10-01,05:45,DP Soda Lakes,15,10.9,12.2,10.9,10.9,19,0,269,100,50,HOLDING,-2.5,-3,5.1,-132,75,NO_GO,0,7,false,0,90,true,30min,
backtest,2025-10-01,06:00,DP Soda Lakes,15,9.6,10.3,9.6,9.6,18.1,0,269,100,50,HOLDING,-1.3,2,4.8,-117,60,NO_GO,-1,7,false,0,90,true,30min,
backtest,2025-10-01,06:15,DP Soda Lakes,15,9.6,10.3,9.6,9.6,18.1,0,269,100,50,HOLDING,-1.3,2,4.8,-102,45,NO_GO,-1,7,false,0,90,true,30min,
backtest,2025-10-01,06:30,DP Soda Lakes,15,13.2,11.4,13.2,13.2,24.8,0,274,100,50,BUILDING,3.6,2,7.3,-87,30,MARGINAL,2,7,false,0,90,true,30min,
backtest,2025-10-01,06:45,DP Soda Lakes,15,13.2,11.4,13.2,13.2,24.8,0,274,100,50,BUILDING,3.6,2,7.3,-72,15,MARGINAL,2,7,false,0,90,true,30min,
backtest,2025-10-01,07:00,DP Soda Lakes,15,11.9,12.6,11.9,11.9,18.6,0,277,100,100,HOLDING,-1.3,0,6.7,-57,0,MARGINAL,1,7,false,0,90,true,30min,
backtest,2025-10-02,05:00,DP Soda Lakes,15,11.1,10.1,11.1,11.1,19,0,267,100,0,HOLDING,2,-1,0.4,-178,120,NO_GO,-2,7,true,180,90,false,30min,
backtest,2025-10-02,05:15,DP Soda Lakes,15,11.1,10.1,11.1,11.1,19,0,267,100,0,HOLDING,2,-1,0.4,-163,105,NO_GO,-2,7,true,180,90,false,30min,
backtest,2025-10-02,05:30,DP Soda Lakes,15,15.4,13.3,15.4,15.4,24.4,100,273,100,50,BUILDING,4.3,-1,0.5,-148,90,GO,4,7,true,180,90,false,30min,
backtest,2025-10-02,05:45,DP Soda Lakes,15,15.4,13.3,15.4,15.4,24.4,100,273,100,50,BUILDING,4.3,-1,0.5,-133,75,GO,4,7,true,180,90,false,30min,
backtest,2025-10-02,06:00,DP Soda Lakes,15,18.8,17.1,18.8,18.8,27.3,100,280,100,100,BUILDING,3.4,-1,1.9,-118,60,GO,6,7,true,180,90,false,30min,
backtest,2025-10-02,06:15,DP Soda Lakes,15,18.8,17.1,18.8,18.8,27.3,100,280,100,100,BUILDING,3.4,-1,1.9,-103,45,GO,6,7,true,180,90,false,30min,
backtest,2025-10-02,06:30,DP Soda Lakes,15,18.7,18.8,18.7,18.7,29.8,100,275,100,100,HOLDING,-0.1,-1,3.2,-88,30,GO,5,7,true,180,90,false,30min,
backtest,2025-10-02,06:45,DP Soda Lakes,15,18.7,18.8,18.7,18.7,29.8,100,275,100,100,HOLDING,-0.1,-1,3.2,-73,15,GO,5,7,true,180,90,false,30min,
backtest,2025-10-02,07:00,DP Soda Lakes,15,20.6,19.6,20.6,20.6,28,100,277,100,100,HOLDING,1.9,-1,2,-58,0,GO,5,7,true,180,90,false,30min,
backtest,2025-10-03,05:00,DP Soda Lakes,15,7.6,5.5,7.6,7.6,15.7,0,272,100,50,BUILDING,4.1,-2,1.4,-179,120,NO_GO,0,7,true,90,60,false,30min,
backtest,2025-10-03,05:15,DP Soda Lakes,15,7.6,5.5,7.6,7.6,15.7,0,272,100,50,BUILDING,4.1,-2,1.4,-164,105,NO_GO,0,7,true,90,60,false,30min,
backtest,2025-10-03,05:30,DP Soda Lakes,15,9.5,8.6,9.5,9.5,16.1,0,288,100,100,HOLDING,1.9,-3,1.8,-149,90,MARGINAL,2,7,true,90,60,false,30min,
backtest,2025-10-03,05:45,DP Soda Lakes,15,9.5,8.6,9.5,9.5,16.1,0,288,100,100,HOLDING,1.9,-3,1.8,-134,75,MARGINAL,2,7,true,90,60,false,30min,
backtest,2025-10-03,06:00,DP Soda Lakes,15,11.8,10.7,11.8,11.8,17.2,0,290,100,100,HOLDING,2.3,-3,1.6,-119,60,MARGINAL,2,7,true,90,60,false,30min,
backtest,2025-10-03,06:15,DP Soda Lakes,15,11.8,10.7,11.8,11.8,17.2,0,290,100,100,HOLDING,2.3,-3,1.6,-104,45,MARGINAL,2,7,true,90,60,false,30min,
backtest,2025-10-03,06:30,DP Soda Lakes,15,6.3,9.1,6.3,6.3,17.7,0,282,100,100,DECAYING,-5.5,0,2.7,-89,30,NO_GO,0,7,true,90,60,false,30min,
backtest,2025-10-03,06:45,DP Soda Lakes,15,6.3,9.1,6.3,6.3,17.7,0,282,100,100,DECAYING,-5.5,0,2.7,-74,15,NO_GO,0,7,true,90,60,false,30min,
backtest,2025-10-03,07:00,DP Soda Lakes,15,12.3,9.3,12.3,12.3,20.1,0,280,100,100,BUILDING,6,-2,2.8,-59,0,MARGINAL,3,7,true,90,60,false,30min,
backtest,2025-10-04,05:00,DP Soda Lakes,15,10,8.3,10,10,31.3,0,245,0,50,BUILDING,3.5,-6,4.2,-180,120,MARGINAL,2,7,false,0,0,false,30min,
backtest,2025-10-04,05:15,DP Soda Lakes,15,10,8.3,10,10,31.3,0,245,0,50,BUILDING,3.5,-6,4.2,-165,105,MARGINAL,2,7,false,0,0,false,30min,
backtest,2025-10-04,05:30,DP Soda Lakes,15,8.9,9.4,8.9,8.9,26.6,0,346,100,50,HOLDING,-1.1,-5,6.8,-150,90,NO_GO,0,7,false,0,0,false,30min,
backtest,2025-10-04,05:45,DP Soda Lakes,15,8.9,9.4,8.9,8.9,26.6,0,346,100,50,HOLDING,-1.1,-5,6.8,-135,75,NO_GO,0,7,false,0,0,false,30min,
backtest,2025-10-04,06:00,DP Soda Lakes,15,5.9,7.4,5.9,5.9,17.9,0,26,100,0,HOLDING,-3,-5,3.6,-120,60,NO_GO,0,7,false,0,0,false,30min,
backtest,2025-10-04,06:15,DP Soda Lakes,15,5.9,7.4,5.9,5.9,17.9,0,26,100,0,HOLDING,-3,-5,3.6,-105,45,NO_GO,0,7,false,0,0,false,30min,
backtest,2025-10-04,06:30,DP Soda Lakes,15,7.7,6.8,7.7,7.7,25.5,0,73,100,0,HOLDING,1.8,-4,1.9,-90,30,NO_GO,0,7,false,0,0,false,30min,
backtest,2025-10-04,06:45,DP Soda Lakes,15,7.7,6.8,7.7,7.7,25.5,0,73,100,0,HOLDING,1.8,-4,1.9,-75,15,NO_GO,0,7,false,0,0,false,30min,
backtest,2025-10-04,07:00,DP Soda Lakes,15,8.1,7.9,8.1,8.1,17.7,0,118,100,0,HOLDING,0.4,-4,2.6,-60,0,NO_GO,0,7,false,0,0,false,30min,
backtest,2025-10-05,05:00,DP Soda Lakes,15,17.3,15.4,17.3,17.3,26.6,100,272,100,100,BUILDING,3.7,-8,2.4,-181,120,GO,7,7,true,60,30,false,30min,
backtest,2025-10-05,05:15,DP Soda Lakes,15,17.3,15.4,17.3,17.3,26.6,100,272,100,100,BUILDING,3.7,-8,2.4,-166,105,GO,7,7,true,60,30,false,30min,
backtest,2025-10-05,05:30,DP Soda Lakes,15,14,15.7,14,14,22.1,0,273,100,100,DECAYING,-3.3,-10,1.8,-151,90,GO,4,7,true,60,30,false,30min,
backtest,2025-10-05,05:45,DP Soda Lakes,15,14,15.7,14,14,22.1,0,273,100,100,DECAYING,-3.3,-10,1.8,-136,75,GO,4,7,true,60,30,false,30min,
backtest,2025-10-05,06:00,DP Soda Lakes,15,14.8,14.4,14.8,14.8,21.9,0,274,100,100,HOLDING,0.8,-10,3.4,-121,60,GO,5,7,true,60,30,false,30min,
backtest,2025-10-05,06:15,DP Soda Lakes,15,14.8,14.4,14.8,14.8,21.9,0,274,100,100,HOLDING,0.8,-10,3.4,-106,45,GO,5,7,true,60,30,false,30min,
backtest,2025-10-05,06:30,DP Soda Lakes,15,14.4,14.6,14.4,14.4,22.4,0,272,100,100,HOLDING,-0.4,-11,3.1,-91,30,GO,5,7,true,60,30,false,30min,
backtest,2025-10-05,06:45,DP Soda Lakes,15,14.4,14.6,14.4,14.4,22.4,0,272,100,100,HOLDING,-0.4,-11,3.1,-76,15,GO,5,7,true,60,30,false,30min,
backtest,2025-10-05,07:00,DP Soda Lakes,15,14.6,14.5,14.6,14.6,22.6,0,273,100,100,HOLDING,0.2,-10,3.3,-61,0,GO,5,7,true,60,30,false,30min,
backtest,2025-10-06,05:00,DP Soda Lakes,15,4.3,5,4.3,4.3,9.8,0,324,100,100,HOLDING,-1.4,2,2.6,-182,120,NO_GO,0,7,false,0,0,false,30min,
backtest,2025-10-06,05:15,DP Soda Lakes,15,4.3,5,4.3,4.3,9.8,0,324,100,100,HOLDING,-1.4,2,2.6,-167,105,NO_GO,0,7,false,0,0,false,30min,
backtest,2025-10-06,05:30,DP Soda Lakes,15,6.9,5.6,6.9,6.9,14.1,0,336,100,50,HOLDING,2.6,2,4.8,-152,90,NO_GO,0,7,false,0,0,false,30min,
backtest,2025-10-06,05:45,DP Soda Lakes,15,6.9,5.6,6.9,6.9,14.1,0,336,100,50,HOLDING,2.6,2,4.8,-137,75,NO_GO,0,7,false,0,0,false,30min,
backtest,2025-10-06,06:00,DP Soda Lakes,15,3.9,5.4,3.9,3.9,7.8,0,13,100,0,DECAYING,-3,4,6.2,-122,60,NO_GO,0,7,false,0,0,false,30min,
backtest,2025-10-06,06:15,DP Soda Lakes,15,3.9,5.4,3.9,3.9,7.8,0,13,100,0,DECAYING,-3,4,6.2,-107,45,NO_GO,0,7,false,0,0,false,30min,
backtest,2025-10-06,06:30,DP Soda Lakes,15,3,3.5,3,3,5.8,0,40,100,0,HOLDING,-0.9,5,6.4,-92,30,NO_GO,0,7,false,0,0,false,30min,
backtest,2025-10-06,06:45,DP Soda Lakes,15,3,3.5,3,3,5.8,0,40,100,0,HOLDING,-0.9,5,6.4,-77,15,NO_GO,0,7,false,0,0,false,30min,
backtest,2025-10-06,07:00,DP Soda Lakes,15,2.5,2.8,2.5,2.5,6,0,31,100,0,HOLDING,-0.5,5,5.9,-62,0,NO_GO,0,7,false,0,0,false,30min,
backtest,2025-10-07,05:00,DP Soda Lakes,15,1.2,1.8,1.2,1.2,4,0,62,100,0,HOLDING,-1.1,-2,1.9,-183,120,NO_GO,0,7,false,0,0,false,30min,
backtest,2025-10-07,05:15,DP Soda Lakes,15,1.2,1.8,1.2,1.2,4,0,62,100,0,HOLDING,-1.1,-2,1.9,-168,105,NO_GO,0,7,false,0,0,false,30min,
backtest,2025-10-07,05:30,DP Soda Lakes,15,4,2.6,4,4,9.2,0,7,0,50,HOLDING,2.8,-12,1.9,-153,90,NO_GO,0,7,false,0,0,false,30min,
backtest,2025-10-07,05:45,DP Soda Lakes,15,4,2.6,4,4,9.2,0,7,0,50,HOLDING,2.8,-12,1.9,-138,75,NO_GO,0,7,false,0,0,false,30min,
backtest,2025-10-07,06:00,DP Soda Lakes,15,3.9,4,3.9,3.9,7.2,0,277,100,50,HOLDING,-0.1,-17,2,-123,60,NO_GO,0,7,false,0,0,false,30min,
backtest,2025-10-07,06:15,DP Soda Lakes,15,3.9,4,3.9,3.9,7.2,0,277,100,50,HOLDING,-0.1,-17,2,-108,45,NO_GO,0,7,false,0,0,false,30min,
backtest,2025-10-07,06:30,DP Soda Lakes,15,4.9,4.4,4.9,4.9,10.5,0,260,100,0,HOLDING,1,-15,2.4,-93,30,NO_GO,0,7,false,0,0,false,30min,
backtest,2025-10-07,06:45,DP Soda Lakes,15,4.9,4.4,4.9,4.9,10.5,0,260,100,0,HOLDING,1,-15,2.4,-78,15,NO_GO,0,7,false,0,0,false,30min,
backtest,2025-10-07,07:00,DP Soda Lakes,15,11.9,8.4,11.9,11.9,25.3,0,268,100,0,BUILDING,7,-16,3.2,-63,0,NO_GO,0,7,false,0,0,false,30min,
backtest,2025-10-08,05:00,DP Soda Lakes,15,15.9,15.4,15.9,15.9,23.9,100,275,100,100,HOLDING,0.9,-18,3.1,-184,120,GO,6,7,true,30,60,false,30min,
backtest,2025-10-08,05:15,DP Soda Lakes,15,15.9,15.4,15.9,15.9,23.9,100,275,100,100,HOLDING,0.9,-18,3.1,-169,105,GO,6,7,true,30,60,false,30min,
backtest,2025-10-08,05:30,DP Soda Lakes,15,13.3,14.6,13.3,13.3,23.5,0,274,100,100,HOLDING,-2.6,-20,3,-154,90,GO,5,7,true,30,60,false,30min,
backtest,2025-10-08,05:45,DP Soda Lakes,15,13.3,14.6,13.3,13.3,23.5,0,274,100,100,HOLDING,-2.6,-20,3,-139,75,GO,5,7,true,30,60,false,30min,
backtest,2025-10-08,06:00,DP Soda Lakes,15,13.6,13.4,13.6,13.6,22.8,0,281,100,100,HOLDING,0.3,-22,4,-124,60,GO,5,7,true,30,60,false,30min,
backtest,2025-10-08,06:15,DP Soda Lakes,15,13.6,13.4,13.6,13.6,22.8,0,281,100,100,HOLDING,0.3,-22,4,-109,45,GO,5,7,true,30,60,false,30min,
backtest,2025-10-08,06:30,DP Soda Lakes,15,14.6,14.1,14.6,14.6,21.2,0,286,100,100,HOLDING,1,-25,3.3,-94,30,GO,5,7,true,30,60,false,30min,
backtest,2025-10-08,06:45,DP Soda Lakes,15,14.6,14.1,14.6,14.6,21.2,0,286,100,100,HOLDING,1,-25,3.3,-79,15,GO,5,7,true,30,60,false,30min,
backtest,2025-10-08,07:00,DP Soda Lakes,15,15.2,14.9,15.2,15.2,24.8,100,285,100,100,HOLDING,0.6,-27,3.7,-64,0,GO,6,7,true,30,60,false,30min,
backtest,2025-10-09,05:00,DP Soda Lakes,15,23.3,23.9,23.3,23.3,32.9,100,270,100,50,HOLDING,-1.1,-4,1.3,-185,120,MARGINAL,3,7,true,210,360,false,30min,
backtest,2025-10-09,05:15,DP Soda Lakes,15,23.3,23.9,23.3,23.3,32.9,100,270,100,50,HOLDING,-1.1,-4,1.3,-170,105,MARGINAL,3,7,true,210,360,false,30min,
backtest,2025-10-09,05:30,DP Soda Lakes,15,23,23.1,23,23,32.7,100,269,100,50,HOLDING,-0.3,-3,1.2,-155,90,MARGINAL,3,7,true,210,360,false,30min,
backtest,2025-10-09,05:45,DP Soda Lakes,15,23,23.1,23,23,32.7,100,269,100,50,HOLDING,-0.3,-3,1.2,-140,75,MARGINAL,3,7,true,210,360,false,30min,
backtest,2025-10-09,06:00,DP Soda Lakes,15,23.5,23.3,23.5,23.5,32.7,100,270,100,50,HOLDING,0.5,-1,2.4,-125,60,MARGINAL,3,7,true,210,360,false,30min,
backtest,2025-10-09,06:15,DP Soda Lakes,15,23.5,23.3,23.5,23.5,32.7,100,270,100,50,HOLDING,0.5,-1,2.4,-110,45,MARGINAL,3,7,true,210,360,false,30min,
backtest,2025-10-09,06:30,DP Soda Lakes,15,24.2,23.9,24.2,24.2,33.3,100,272,100,100,HOLDING,0.7,-1,2.6,-95,30,GO,5,7,true,210,360,false,30min,
backtest,2025-10-09,06:45,DP Soda Lakes,15,24.2,23.9,24.2,24.2,33.3,100,272,100,100,HOLDING,0.7,-1,2.6,-80,15,GO,5,7,true,210,360,false,30min,
backtest,2025-10-09,07:00,DP Soda Lakes,15,24.2,24.2,24.2,24.2,33.1,100,270,100,50,HOLDING,0,-2,1.7,-65,0,MARGINAL,3,7,true,210,360,false,30min,
backtest,2025-10-10,05:00,DP Soda Lakes,15,3.9,3.7,3.9,3.9,13.2,0,263,100,0,HOLDING,0.4,4,0.6,-186,120,NO_GO,0,7,false,0,90,true,30min,
backtest,2025-10-10,05:15,DP Soda Lakes,15,3.9,3.7,3.9,3.9,13.2,0,263,100,0,HOLDING,0.4,4,0.6,-171,105,NO_GO,0,7,false,0,90,true,30min,
backtest,2025-10-10,05:30,DP Soda Lakes,15,3.1,3.5,3.1,3.1,8.7,0,253,100,0,HOLDING,-0.8,6,0.6,-156,90,NO_GO,0,7,false,0,90,true,30min,
backtest,2025-10-10,05:45,DP Soda Lakes,15,3.1,3.5,3.1,3.1,8.7,0,253,100,0,HOLDING,-0.8,6,0.6,-141,75,NO_GO,0,7,false,0,90,true,30min,
backtest,2025-10-10,06:00,DP Soda Lakes,15,2,2.5,2,2,8.1,0,247,100,0,HOLDING,-1.1,9,1.4,-126,60,NO_GO,0,7,false,0,90,true,30min,
backtest,2025-10-10,06:15,DP Soda Lakes,15,2,2.5,2,2,8.1,0,247,100,0,HOLDING,-1.1,9,1.4,-111,45,NO_GO,0,7,false,0,90,true,30min,
backtest,2025-10-10,06:30,DP Soda Lakes,15,2.9,2.5,2.9,2.9,8.1,0,256,100,0,HOLDING,0.9,6,3.3,-96,30,NO_GO,0,7,false,0,90,true,30min,
backtest,2025-10-10,06:45,DP Soda Lakes,15,2.9,2.5,2.9,2.9,8.1,0,256,100,0,HOLDING,0.9,6,3.3,-81,15,NO_GO,0,7,false,0,90,true,30min,
backtest,2025-10-10,07:00,DP Soda Lakes,15,3.5,3.2,3.5,3.5,8.7,0,278,100,50,HOLDING,0.6,6,2.1,-66,0,NO_GO,0,7,false,0,90,true,30min,
backtest,2025-10-11,05:00,DP Soda Lakes,15,12.4,9.3,12.4,12.4,21.2,0,276,100,100,BUILDING,6.3,-2,2.7,-187,120,MARGINAL,3,7,false,0,60,true,30min,
backtest,2025-10-11,05:15,DP Soda Lakes,15,12.4,9.3,12.4,12.4,21.2,0,276,100,100,BUILDING,6.3,-2,2.7,-172,105,MARGINAL,3,7,false,0,60,true,30min,
backtest,2025-10-11,05:30,DP Soda Lakes,15,13.8,13.1,13.8,13.8,21.2,0,276,100,100,HOLDING,1.4,-5,2.9,-157,90,GO,5,7,false,0,60,true,30min,
backtest,2025-10-11,05:45,DP Soda Lakes,15,13.8,13.1,13.8,13.8,21.2,0,276,100,100,HOLDING,1.4,-5,2.9,-142,75,GO,5,7,false,0,60,true,30min,
backtest,2025-10-11,06:00,DP Soda Lakes,15,10.4,12.1,10.4,10.4,17,0,280,100,100,DECAYING,-3.4,-4,2.7,-127,60,MARGINAL,1,7,false,0,60,true,30min,
backtest,2025-10-11,06:15,DP Soda Lakes,15,10.4,12.1,10.4,10.4,17,0,280,100,100,DECAYING,-3.4,-4,2.7,-112,45,MARGINAL,1,7,false,0,60,true,30min,
backtest,2025-10-11,06:30,DP Soda Lakes,15,4.9,7.7,4.9,4.9,13.7,0,238,0,50,DECAYING,-5.5,3,1.8,-97,30,NO_GO,0,7,false,0,60,true,30min,
backtest,2025-10-11,06:45,DP Soda Lakes,15,4.9,7.7,4.9,4.9,13.7,0,238,0,50,DECAYING,-5.5,3,1.8,-82,15,NO_GO,0,7,false,0,60,true,30min,
backtest,2025-10-11,07:00,DP Soda Lakes,15,9.1,7,9.1,9.1,19,0,246,0,50,BUILDING,4.2,1,2.1,-67,0,MARGINAL,1,7,false,0,60,true,30min,
backtest,2025-10-12,05:00,DP Soda Lakes,15,7.6,10.9,7.6,7.6,20.4,0,283,100,100,DECAYING,-6.7,-8,3.4,-188,120,NO_GO,0,7,false,0,0,false,30min,
backtest,2025-10-12,05:15,DP Soda Lakes,15,7.6,10.9,7.6,7.6,20.4,0,283,100,100,DECAYING,-6.7,-8,3.4,-173,105,NO_GO,0,7,false,0,0,false,30min,
backtest,2025-10-12,05:30,DP Soda Lakes,15,4.1,5.8,4.1,4.1,11.4,0,295,100,100,DECAYING,-3.5,-5,2.2,-158,90,NO_GO,0,7,false,0,0,false,30min,
backtest,2025-10-12,05:45,DP Soda Lakes,15,4.1,5.8,4.1,4.1,11.4,0,295,100,100,DECAYING,-3.5,-5,2.2,-143,75,NO_GO,0,7,false,0,0,false,30min,
backtest,2025-10-12,06:00,DP Soda Lakes,15,6.4,5.3,6.4,6.4,16.1,0,287,100,100,HOLDING,2.3,-6,3.8,-128,60,NO_GO,0,7,false,0,0,false,30min,
backtest,2025-10-12,06:15,DP Soda Lakes,15,6.4,5.3,6.4,6.4,16.1,0,287,100,100,HOLDING,2.3,-6,3.8,-113,45,NO_GO,0,7,false,0,0,false,30min,
backtest,2025-10-12,06:30,DP Soda Lakes,15,4.3,5.3,4.3,4.3,14.1,0,276,100,100,HOLDING,-2.1,-3,3.3,-98,30,NO_GO,0,7,false,0,0,false,30min,
backtest,2025-10-12,06:45,DP Soda Lakes,15,4.3,5.3,4.3,4.3,14.1,0,276,100,100,HOLDING,-2.1,-3,3.3,-83,15,NO_GO,0,7,false,0,0,false,30min,
backtest,2025-10-12,07:00,DP Soda Lakes,15,9.2,6.8,9.2,9.2,21.2,0,290,100,100,BUILDING,4.9,0,4.1,-68,0,MARGINAL,3,7,false,0,0,false,30min,
backtest,2025-10-13,05:00,DP Soda Lakes,15,3.9,3.5,3.9,3.9,8.5,0,331,100,0,HOLDING,0.7,7,0.6,-189,120,NO_GO,0,7,false,0,0,false,30min,
backtest,2025-10-13,05:15,DP Soda Lakes,15,3.9,3.5,3.9,3.9,8.5,0,331,100,0,HOLDING,0.7,7,0.6,-174,105,NO_GO,0,7,false,0,0,false,30min,
backtest,2025-10-13,05:30,DP Soda Lakes,15,4.9,4.4,4.9,4.9,8.7,0,318,100,50,HOLDING,1,7,1.1,-159,90,NO_GO,0,7,false,0,0,false,30min,
backtest,2025-10-13,05:45,DP Soda Lakes,15,4.9,4.4,4.9,4.9,8.7,0,318,100,50,HOLDING,1,7,1.1,-144,75,NO_GO,0,7,false,0,0,false,30min,
backtest,2025-10-13,06:00,DP Soda Lakes,15,3,4,3,3,9.6,0,285,100,50,HOLDING,-1.9,10,3.4,-129,60,NO_GO,0,7,false,0,0,false,30min,
backtest,2025-10-13,06:15,DP Soda Lakes,15,3,4,3,3,9.6,0,285,100,50,HOLDING,-1.9,10,3.4,-114,45,NO_GO,0,7,false,0,0,false,30min,
backtest,2025-10-13,06:30,DP Soda Lakes,15,3.2,3.1,3.2,3.2,11,0,344,0,0,HOLDING,0.2,6,3,-99,30,NO_GO,0,7,false,0,0,false,30min,
backtest,2025-10-13,06:45,DP Soda Lakes,15,3.2,3.1,3.2,3.2,11,0,344,0,0,HOLDING,0.2,6,3,-84,15,NO_GO,0,7,false,0,0,false,30min,
backtest,2025-10-13,07:00,DP Soda Lakes,15,2.2,2.7,2.2,2.2,5.4,0,18,100,0,HOLDING,-1,13,3.5,-69,0,NO_GO,0,7,false,0,0,false,30min,
backtest,2025-10-14,05:00,DP Soda Lakes,15,2.3,2.8,2.3,2.3,5.4,0,204,100,0,HOLDING,-1,4,1.7,-190,120,NO_GO,0,7,false,0,0,false,30min,
backtest,2025-10-14,05:15,DP Soda Lakes,15,2.3,2.8,2.3,2.3,5.4,0,204,100,0,HOLDING,-1,4,1.7,-175,105,NO_GO,0,7,false,0,0,false,30min,
backtest,2025-10-14,05:30,DP Soda Lakes,15,1.9,2.1,1.9,1.9,4.9,0,256,100,50,HOLDING,-0.4,4,1.3,-160,90,NO_GO,0,7,false,0,0,false,30min,
backtest,2025-10-14,05:45,DP Soda Lakes,15,1.9,2.1,1.9,1.9,4.9,0,256,100,50,HOLDING,-0.4,4,1.3,-145,75,NO_GO,0,7,false,0,0,false,30min,
backtest,2025-10-14,06:00,DP Soda Lakes,15,3,2.5,3,3,7.2,0,302,100,100,HOLDING,1.1,6,3.2,-130,60,NO_GO,0,7,false,0,0,false,30min,
backtest,2025-10-14,06:15,DP Soda Lakes,15,3,2.5,3,3,7.2,0,302,100,100,HOLDING,1.1,6,3.2,-115,45,NO_GO,0,7,false,0,0,false,30min,
backtest,2025-10-14,06:30,DP Soda Lakes,15,1.8,2.4,1.8,1.8,4.9,0,337,100,50,HOLDING,-1.2,6,2.6,-100,30,NO_GO,0,7,false,0,0,false,30min,
backtest,2025-10-14,06:45,DP Soda Lakes,15,1.8,2.4,1.8,1.8,4.9,0,337,100,50,HOLDING,-1.2,6,2.6,-85,15,NO_GO,0,7,false,0,0,false,30min,
backtest,2025-10-14,07:00,DP Soda Lakes,15,3.4,2.6,3.4,3.4,6.7,0,333,100,50,HOLDING,1.6,8,2.9,-70,0,NO_GO,0,7,false,0,0,false,30min,
backtest,2025-10-15,05:00,DP Soda Lakes,15,5.9,6.8,5.9,5.9,16.3,0,277,100,50,HOLDING,-1.9,-1,1.4,-191,120,NO_GO,0,7,false,0,0,false,30min,
backtest,2025-10-15,05:15,DP Soda Lakes,15,5.9,6.8,5.9,5.9,16.3,0,277,100,50,HOLDING,-1.9,-1,1.4,-176,105,NO_GO,0,7,false,0,0,false,30min,
backtest,2025-10-15,05:30,DP Soda Lakes,15,2.9,4.4,2.9,2.9,8.1,0,299,100,0,DECAYING,-3,3,1.8,-161,90,NO_GO,0,7,false,0,0,false,30min,
backtest,2025-10-15,05:45,DP Soda Lakes,15,2.9,4.4,2.9,2.9,8.1,0,299,100,0,DECAYING,-3,3,1.8,-146,75,NO_GO,0,7,false,0,0,false,30min,
backtest,2025-10-15,06:00,DP Soda Lakes,15,3.9,3.4,3.9,3.9,8.5,0,308,100,50,HOLDING,1,5,3.1,-131,60,NO_GO,0,7,false,0,0,false,30min,
backtest,2025-10-15,06:15,DP Soda Lakes,15,3.9,3.4,3.9,3.9,8.5,0,308,100,50,HOLDING,1,5,3.1,-116,45,NO_GO,0,7,false,0,0,false,30min,
backtest,2025-10-15,06:30,DP Soda Lakes,15,2.5,3.2,2.5,2.5,7.2,0,273,100,50,HOLDING,-1.4,9,2.8,-101,30,NO_GO,0,7,false,0,0,false,30min,
backtest,2025-10-15,06:45,DP Soda Lakes,15,2.5,3.2,2.5,2.5,7.2,0,273,100,50,HOLDING,-1.4,9,2.8,-86,15,NO_GO,0,7,false,0,0,false,30min,
backtest,2025-10-15,07:00,DP Soda Lakes,15,3.1,2.8,3.1,3.1,11,0,232,100,0,HOLDING,0.6,8,2.8,-71,0,NO_GO,0,7,false,0,0,false,30min,
backtest,2025-10-16,05:00,DP Soda Lakes,15,5.6,4.9,5.6,5.6,14.8,0,297,100,100,HOLDING,1.3,15,1.4,-192,120,NO_GO,0,7,false,0,0,false,30min,
backtest,2025-10-16,05:15,DP Soda Lakes,15,5.6,4.9,5.6,5.6,14.8,0,297,100,100,HOLDING,1.3,15,1.4,-177,105,NO_GO,0,7,false,0,0,false,30min,
backtest,2025-10-16,05:30,DP Soda Lakes,15,4.1,4.8,4.1,4.1,11.9,0,280,100,100,HOLDING,-1.5,15,2.9,-162,90,NO_GO,0,7,false,0,0,false,30min,
backtest,2025-10-16,05:45,DP Soda Lakes,15,4.1,4.8,4.1,4.1,11.9,0,280,100,100,HOLDING,-1.5,15,2.9,-147,75,NO_GO,0,7,false,0,0,false,30min,
backtest,2025-10-16,06:00,DP Soda Lakes,15,4.3,4.2,4.3,4.3,10.3,0,277,100,100,HOLDING,0.2,16,3.1,-132,60,NO_GO,0,7,false,0,0,false,30min,
backtest,2025-10-16,06:15,DP Soda Lakes,15,4.3,4.2,4.3,4.3,10.3,0,277,100,100,HOLDING,0.2,16,3.1,-117,45,NO_GO,0,7,false,0,0,false,30min,
backtest,2025-10-16,06:30,DP Soda Lakes,15,5.2,4.8,5.2,5.2,14.3,0,283,100,100,HOLDING,0.9,16,5.5,-102,30,NO_GO,0,7,false,0,0,false,30min,
backtest,2025-10-16,06:45,DP Soda Lakes,15,5.2,4.8,5.2,5.2,14.3,0,283,100,100,HOLDING,0.9,16,5.5,-87,15,NO_GO,0,7,false,0,0,false,30min,
backtest,2025-10-16,07:00,DP Soda Lakes,15,4.3,4.8,4.3,4.3,13.9,0,281,100,100,HOLDING,-0.9,16,5.3,-72,0,NO_GO,0,7,false,0,0,false,30min,
backtest,2025-10-17,05:00,DP Soda Lakes,15,15.4,15.4,15.4,15.4,22.4,100,275,100,100,HOLDING,-0.1,-4,7.9,-193,120,GO,4,7,false,0,120,true,30min,
backtest,2025-10-17,05:15,DP Soda Lakes,15,15.4,15.4,15.4,15.4,22.4,100,275,100,100,HOLDING,-0.1,-4,7.9,-178,105,GO,4,7,false,0,120,true,30min,
backtest,2025-10-17,05:30,DP Soda Lakes,15,16.1,15.8,16.1,16.1,25.5,100,274,100,100,HOLDING,0.7,-4,2.7,-163,90,GO,5,7,false,0,120,true,30min,
backtest,2025-10-17,05:45,DP Soda Lakes,15,16.1,15.8,16.1,16.1,25.5,100,274,100,100,HOLDING,0.7,-4,2.7,-148,75,GO,5,7,false,0,120,true,30min,
backtest,2025-10-17,06:00,DP Soda Lakes,15,17.7,16.9,17.7,17.7,26.4,100,275,100,100,HOLDING,1.6,-5,7.1,-133,60,GO,6,7,false,0,120,true,30min,
backtest,2025-10-17,06:15,DP Soda Lakes,15,17.7,16.9,17.7,17.7,26.4,100,275,100,100,HOLDING,1.6,-5,7.1,-118,45,GO,6,7,false,0,120,true,30min,
backtest,2025-10-17,06:30,DP Soda Lakes,15,11.6,14.6,11.6,11.6,23.9,0,273,100,100,DECAYING,-6.1,-4,6.5,-103,30,NO_GO,0,7,false,0,120,true,30min,
backtest,2025-10-17,06:45,DP Soda Lakes,15,11.6,14.6,11.6,11.6,23.9,0,273,100,100,DECAYING,-6.1,-4,6.5,-88,15,NO_GO,0,7,false,0,120,true,30min,
backtest,2025-10-17,07:00,DP Soda Lakes,15,10.3,10.9,10.3,10.3,21.7,0,280,100,100,HOLDING,-1.3,-3,5.1,-73,0,MARGINAL,2,7,false,0,120,true,30min,
backtest,2025-10-18,05:00,DP Soda Lakes,15,9.8,8.7,9.8,9.8,26.6,0,225,100,0,HOLDING,2.3,1,5.4,-194,120,NO_GO,-3,7,true,90,30,false,30min,
backtest,2025-10-18,05:15,DP Soda Lakes,15,9.8,8.7,9.8,9.8,26.6,0,225,100,0,HOLDING,2.3,1,5.4,-179,105,NO_GO,-3,7,true,90,30,false,30min,
backtest,2025-10-18,05:30,DP Soda Lakes,15,11.5,10.7,11.5,11.5,24.4,0,279,100,50,HOLDING,1.7,0,14.1,-164,90,NO_GO,-2,7,true,90,30,false,30min,
backtest,2025-10-18,05:45,DP Soda Lakes,15,11.5,10.7,11.5,11.5,24.4,0,279,100,50,HOLDING,1.7,0,14.1,-149,75,NO_GO,-2,7,true,90,30,false,30min,
backtest,2025-10-18,06:00,DP Soda Lakes,15,15.9,13.7,15.9,15.9,31.3,100,314,100,100,BUILDING,4.4,-1,12.4,-134,60,GO,5,7,true,90,30,false,30min,
backtest,2025-10-18,06:15,DP Soda Lakes,15,15.9,13.7,15.9,15.9,31.3,100,314,100,100,BUILDING,4.4,-1,12.4,-119,45,GO,5,7,true,90,30,false,30min,
backtest,2025-10-18,06:30,DP Soda Lakes,15,8.2,12.1,8.2,8.2,20.6,0,308,100,100,DECAYING,-7.7,0,5.4,-104,30,NO_GO,0,7,true,90,30,false,30min,
backtest,2025-10-18,06:45,DP Soda Lakes,15,8.2,12.1,8.2,8.2,20.6,0,308,100,100,DECAYING,-7.7,0,5.4,-89,15,NO_GO,0,7,true,90,30,false,30min,
backtest,2025-10-18,07:00,DP Soda Lakes,15,9.7,8.9,9.7,9.7,23.5,0,309,100,100,HOLDING,1.5,1,3,-74,0,MARGINAL,2,7,true,90,30,false,30min,
backtest,2025-10-19,05:00,DP Soda Lakes,15,4.8,5.4,4.8,4.8,16.1,0,260,0,50,HOLDING,-1.2,-15,2.4,-195,120,NO_GO,0,7,true,90,0,false,30min,
backtest,2025-10-19,05:15,DP Soda Lakes,15,4.8,5.4,4.8,4.8,16.1,0,260,0,50,HOLDING,-1.2,-15,2.4,-180,105,NO_GO,0,7,true,90,0,false,30min,
backtest,2025-10-19,05:30,DP Soda Lakes,15,4.7,4.8,4.7,4.7,18.6,0,194,100,0,HOLDING,-0.1,-21,3,-165,90,NO_GO,0,7,true,90,0,false,30min,
backtest,2025-10-19,05:45,DP Soda Lakes,15,4.7,4.8,4.7,4.7,18.6,0,194,100,0,HOLDING,-0.1,-21,3,-150,75,NO_GO,0,7,true,90,0,false,30min,
backtest,2025-10-19,06:00,DP Soda Lakes,15,6.9,5.8,6.9,6.9,21.5,0,205,100,0,HOLDING,2.2,-24,4.2,-135,60,NO_GO,0,7,true,90,0,false,30min,
backtest,2025-10-19,06:15,DP Soda Lakes,15,6.9,5.8,6.9,6.9,21.5,0,205,100,0,HOLDING,2.2,-24,4.2,-120,45,NO_GO,0,7,true,90,0,false,30min,
backtest,2025-10-19,06:30,DP Soda Lakes,15,11.2,9.1,11.2,11.2,24.6,0,245,100,0,BUILDING,4.3,-31,2.9,-105,30,NO_GO,0,7,true,90,0,false,30min,
backtest,2025-10-19,06:45,DP Soda Lakes,15,11.2,9.1,11.2,11.2,24.6,0,245,100,0,BUILDING,4.3,-31,2.9,-90,15,NO_GO,0,7,true,90,0,false,30min,
backtest,2025-10-19,07:00,DP Soda Lakes,15,14,12.6,14,14,25.5,0,263,100,0,HOLDING,2.8,-34,2.1,-75,0,MARGINAL,1,7,true,90,0,false,30min,
backtest,2025-10-20,05:00,DP Soda Lakes,15,4.3,3.8,4.3,4.3,13.7,0,293,100,100,HOLDING,0.9,12,7.1,-196,120,NO_GO,0,7,true,150,0,false,30min,
backtest,2025-10-20,05:15,DP Soda Lakes,15,4.3,3.8,4.3,4.3,13.7,0,293,100,100,HOLDING,0.9,12,7.1,-181,105,NO_GO,0,7,true,150,0,false,30min,
backtest,2025-10-20,05:30,DP Soda Lakes,15,2.5,3.4,2.5,2.5,6,0,279,100,100,HOLDING,-1.8,13,8.7,-166,90,NO_GO,0,7,true,150,0,false,30min,
backtest,2025-10-20,05:45,DP Soda Lakes,15,2.5,3.4,2.5,2.5,6,0,279,100,100,HOLDING,-1.8,13,8.7,-151,75,NO_GO,0,7,true,150,0,false,30min,
backtest,2025-10-20,06:00,DP Soda Lakes,15,8,5.3,8,8,21.5,0,284,100,100,BUILDING,5.5,7,5.4,-136,60,NO_GO,0,7,true,150,0,false,30min,
backtest,2025-10-20,06:15,DP Soda Lakes,15,8,5.3,8,8,21.5,0,284,100,100,BUILDING,5.5,7,5.4,-121,45,NO_GO,0,7,true,150,0,false,30min,
backtest,2025-10-20,06:30,DP Soda Lakes,15,9.3,8.7,9.3,9.3,23.5,0,306,100,100,HOLDING,1.3,1,6.4,-106,30,MARGINAL,1,7,true,150,0,false,30min,
backtest,2025-10-20,06:45,DP Soda Lakes,15,9.3,8.7,9.3,9.3,23.5,0,306,100,100,HOLDING,1.3,1,6.4,-91,15,MARGINAL,1,7,true,150,0,false,30min,
backtest,2025-10-20,07:00,DP Soda Lakes,15,3.4,6.4,3.4,3.4,14.5,0,255,0,50,DECAYING,-5.9,23,10.4,-76,0,NO_GO,0,7,true,150,0,false,30min,
backtest,2025-10-21,05:00,DP Soda Lakes,15,4.2,3.6,4.2,4.2,10.7,0,57,100,0,HOLDING,1.2,4,2.4,-197,120,NO_GO,0,7,false,0,30,true,30min,
backtest,2025-10-21,05:15,DP Soda Lakes,15,4.2,3.6,4.2,4.2,10.7,0,57,100,0,HOLDING,1.2,4,2.4,-182,105,NO_GO,0,7,false,0,30,true,30min,
backtest,2025-10-21,05:30,DP Soda Lakes,15,5.1,4.7,5.1,5.1,11.6,0,23,0,50,HOLDING,0.9,1,4.2,-167,90,NO_GO,0,7,false,0,30,true,30min,
backtest,2025-10-21,05:45,DP Soda Lakes,15,5.1,4.7,5.1,5.1,11.6,0,23,0,50,HOLDING,0.9,1,4.2,-152,75,NO_GO,0,7,false,0,30,true,30min,
backtest,2025-10-21,06:00,DP Soda Lakes,15,8.2,6.6,8.2,8.2,23.7,0,308,100,100,BUILDING,3.1,-5,3.3,-137,60,NO_GO,0,7,false,0,30,true,30min,
backtest,2025-10-21,06:15,DP Soda Lakes,15,8.2,6.6,8.2,8.2,23.7,0,308,100,100,BUILDING,3.1,-5,3.3,-122,45,NO_GO,0,7,false,0,30,true,30min,
backtest,2025-10-21,06:30,DP Soda Lakes,15,8.5,8.3,8.5,8.5,22.1,0,283,100,100,HOLDING,0.3,-7,2.5,-107,30,NO_GO,0,7,false,0,30,true,30min,
backtest,2025-10-21,06:45,DP Soda Lakes,15,8.5,8.3,8.5,8.5,22.1,0,283,100,100,HOLDING,0.3,-7,2.5,-92,15,NO_GO,0,7,false,0,30,true,30min,
backtest,2025-10-21,07:00,DP Soda Lakes,15,5.3,6.9,5.3,5.3,19.9,0,277,100,100,DECAYING,-3.2,-5,2.9,-77,0,NO_GO,0,7,false,0,30,true,30min,
backtest,2025-10-22,05:00,DP Soda Lakes,15,17.3,16.6,17.3,17.3,25.1,100,279,100,100,HOLDING,1.4,3,1.7,-198,120,GO,5,7,true,150,210,false,30min,
backtest,2025-10-22,05:15,DP Soda Lakes,15,17.3,16.6,17.3,17.3,25.1,100,279,100,100,HOLDING,1.4,3,1.7,-183,105,GO,5,7,true,150,210,false,30min,
backtest,2025-10-22,05:30,DP Soda Lakes,15,20.4,18.9,20.4,20.4,30.4,100,274,100,50,BUILDING,3.1,2,1.6,-168,90,GO,4,7,true,150,210,false,30min,
backtest,2025-10-22,05:45,DP Soda Lakes,15,20.4,18.9,20.4,20.4,30.4,100,274,100,50,BUILDING,3.1,2,1.6,-153,75,GO,4,7,true,150,210,false,30min,
backtest,2025-10-22,06:00,DP Soda Lakes,15,19.4,19.9,19.4,19.4,27.1,100,270,100,50,HOLDING,-1,2,3.3,-138,60,MARGINAL,3,7,true,150,210,false,30min,
backtest,2025-10-22,06:15,DP Soda Lakes,15,19.4,19.9,19.4,19.4,27.1,100,270,100,50,HOLDING,-1,2,3.3,-123,45,MARGINAL,3,7,true,150,210,false,30min,
backtest,2025-10-22,06:30,DP Soda Lakes,15,20.3,19.9,20.3,20.3,28.6,100,270,100,50,HOLDING,0.9,2,2.1,-108,30,MARGINAL,3,7,true,150,210,false,30min,
backtest,2025-10-22,06:45,DP Soda Lakes,15,20.3,19.9,20.3,20.3,28.6,100,270,100,50,HOLDING,0.9,2,2.1,-93,15,MARGINAL,3,7,true,150,210,false,30min,
backtest,2025-10-22,07:00,DP Soda Lakes,15,17.1,18.7,17.1,17.1,24.6,100,269,100,50,DECAYING,-3.2,2,3.2,-78,0,MARGINAL,2,7,true,150,210,false,30min,
backtest,2025-10-23,05:00,DP Soda Lakes,15,15.8,16.6,15.8,15.8,27.1,100,275,100,100,HOLDING,-1.7,0,2.1,-199,120,GO,5,7,true,180,360,false,30min,
backtest,2025-10-23,05:15,DP Soda Lakes,15,15.8,16.6,15.8,15.8,27.1,100,275,100,100,HOLDING,-1.7,0,2.1,-184,105,GO,5,7,true,180,360,false,30min,
backtest,2025-10-23,05:30,DP Soda Lakes,15,19,17.4,19,19,30.2,100,277,100,100,BUILDING,3.2,1,2.3,-169,90,GO,6,7,true,180,360,false,30min,
backtest,2025-10-23,05:45,DP Soda Lakes,15,19,17.4,19,19,30.2,100,277,100,100,BUILDING,3.2,1,2.3,-154,75,GO,6,7,true,180,360,false,30min,
backtest,2025-10-23,06:00,DP Soda Lakes,15,20.6,19.8,20.6,20.6,31.5,100,274,100,100,HOLDING,1.6,1,3.2,-139,60,GO,5,7,true,180,360,false,30min,
backtest,2025-10-23,06:15,DP Soda Lakes,15,20.6,19.8,20.6,20.6,31.5,100,274,100,100,HOLDING,1.6,1,3.2,-124,45,GO,5,7,true,180,360,false,30min,
backtest,2025-10-23,06:30,DP Soda Lakes,15,20.7,20.6,20.7,20.7,34.9,100,272,100,100,HOLDING,0.1,-1,2.1,-109,30,GO,5,7,true,180,360,false,30min,
backtest,2025-10-23,06:45,DP Soda Lakes,15,20.7,20.6,20.7,20.7,34.9,100,272,100,100,HOLDING,0.1,-1,2.1,-94,15,GO,5,7,true,180,360,false,30min,
backtest,2025-10-23,07:00,DP Soda Lakes,15,19.8,20.3,19.8,19.8,30.6,100,276,100,100,HOLDING,-0.9,1,2.6,-79,0,GO,5,7,true,180,360,false,30min,
backtest,2025-10-24,05:00,DP Soda Lakes,15,3.9,4.3,3.9,3.9,8.7,0,201,100,0,HOLDING,-0.8,19,2,-200,120,NO_GO,0,7,true,30,0,false,30min,
backtest,2025-10-24,05:15,DP Soda Lakes,15,3.9,4.3,3.9,3.9,8.7,0,201,100,0,HOLDING,-0.8,19,2,-185,105,NO_GO,0,7,true,30,0,false,30min,
backtest,2025-10-24,05:30,DP Soda Lakes,15,3.6,3.8,3.6,3.6,8.7,0,269,100,50,HOLDING,-0.3,18,2.9,-170,90,NO_GO,0,7,true,30,0,false,30min,
backtest,2025-10-24,05:45,DP Soda Lakes,15,3.6,3.8,3.6,3.6,8.7,0,269,100,50,HOLDING,-0.3,18,2.9,-155,75,NO_GO,0,7,true,30,0,false,30min,
backtest,2025-10-24,06:00,DP Soda Lakes,15,3.1,3.4,3.1,3.1,7.6,0,309,100,100,HOLDING,-0.5,19,2,-140,60,NO_GO,0,7,true,30,0,false,30min,
backtest,2025-10-24,06:15,DP Soda Lakes,15,3.1,3.4,3.1,3.1,7.6,0,309,100,100,HOLDING,-0.5,19,2,-125,45,NO_GO,0,7,true,30,0,false,30min,
backtest,2025-10-24,06:30,DP Soda Lakes,15,3.2,3.2,3.2,3.2,8.3,0,309,100,100,HOLDING,0.1,19,2.9,-110,30,NO_GO,0,7,true,30,0,false,30min,
backtest,2025-10-24,06:45,DP Soda Lakes,15,3.2,3.2,3.2,3.2,8.3,0,309,100,100,HOLDING,0.1,19,2.9,-95,15,NO_GO,0,7,true,30,0,false,30min,
backtest,2025-10-24,07:00,DP Soda Lakes,15,2.8,3,2.8,2.8,10.7,0,291,100,100,HOLDING,-0.4,21,2.1,-80,0,NO_GO,0,7,true,30,0,false,30min,
backtest,2025-10-25,05:00,DP Soda Lakes,15,20.4,20.1,20.4,20.4,29.1,100,275,100,100,HOLDING,0.5,6,1.2,-202,120,GO,4,7,true,150,360,false,30min,
backtest,2025-10-25,05:15,DP Soda Lakes,15,20.4,20.1,20.4,20.4,29.1,100,275,100,100,HOLDING,0.5,6,1.2,-187,105,GO,4,7,true,150,360,false,30min,
backtest,2025-10-25,05:30,DP Soda Lakes,15,20.4,20.4,20.4,20.4,28.9,100,273,100,100,HOLDING,0,5,2.1,-172,90,GO,4,7,true,150,360,false,30min,
backtest,2025-10-25,05:45,DP Soda Lakes,15,20.4,20.4,20.4,20.4,28.9,100,273,100,100,HOLDING,0,5,2.1,-157,75,GO,4,7,true,150,360,false,30min,
backtest,2025-10-25,06:00,DP Soda Lakes,15,22.2,21.3,22.2,22.2,31.1,100,272,100,100,HOLDING,1.8,4,2.3,-142,60,GO,5,7,true,150,360,false,30min,
backtest,2025-10-25,06:15,DP Soda Lakes,15,22.2,21.3,22.2,22.2,31.1,100,272,100,100,HOLDING,1.8,4,2.3,-127,45,GO,5,7,true,150,360,false,30min,
backtest,2025-10-25,06:30,DP Soda Lakes,15,20.5,21.4,20.5,20.5,30,100,274,100,100,HOLDING,-1.7,4,2.9,-112,30,GO,5,7,true,150,360,false,30min,
backtest,2025-10-25,06:45,DP Soda Lakes,15,20.5,21.4,20.5,20.5,30,100,274,100,100,HOLDING,-1.7,4,2.9,-97,15,GO,5,7,true,150,360,false,30min,
backtest,2025-10-25,07:00,DP Soda Lakes,15,21.8,21.1,21.8,21.8,33.3,100,277,100,100,HOLDING,1.3,3,3,-82,0,GO,5,7,true,150,360,false,30min,
backtest,2025-10-26,05:00,DP Soda Lakes,15,19.8,19.9,19.8,19.8,27.5,100,273,100,100,HOLDING,-0.1,-4,2.6,-203,120,GO,5,7,true,150,330,false,30min,
backtest,2025-10-26,05:15,DP Soda Lakes,15,19.8,19.9,19.8,19.8,27.5,100,273,100,100,HOLDING,-0.1,-4,2.6,-188,105,GO,5,7,true,150,330,false,30min,
backtest,2025-10-26,05:30,DP Soda Lakes,15,17.5,18.6,17.5,17.5,27.5,100,278,100,100,HOLDING,-2.3,-3,2.1,-173,90,GO,5,7,true,150,330,false,30min,
backtest,2025-10-26,05:45,DP Soda Lakes,15,17.5,18.6,17.5,17.5,27.5,100,278,100,100,HOLDING,-2.3,-3,2.1,-158,75,GO,5,7,true,150,330,false,30min,
backtest,2025-10-26,06:00,DP Soda Lakes,15,17,17.3,17,17,28.4,100,279,100,100,HOLDING,-0.5,-4,3.5,-143,60,GO,5,7,true,150,330,false,30min,
backtest,2025-10-26,06:15,DP Soda Lakes,15,17,17.3,17,17,28.4,100,279,100,100,HOLDING,-0.5,-4,3.5,-128,45,GO,5,7,true,150,330,false,30min,
backtest,2025-10-26,06:30,DP Soda Lakes,15,10.5,13.8,10.5,10.5,23,0,272,100,50,DECAYING,-6.5,-4,5.6,-113,30,NO_GO,-2,7,true,150,330,false,30min,
backtest,2025-10-26,06:45,DP Soda Lakes,15,10.5,13.8,10.5,10.5,23,0,272,100,50,DECAYING,-6.5,-4,5.6,-98,15,NO_GO,-2,7,true,150,330,false,30min,
backtest,2025-10-26,07:00,DP Soda Lakes,15,8.4,9.4,8.4,8.4,19.5,0,267,100,0,HOLDING,-2.1,-3,3.6,-83,0,NO_GO,0,7,true,150,330,false,30min,
backtest,2025-10-27,05:00,DP Soda Lakes,15,5.4,6.6,5.4,5.4,18.3,0,254,100,50,HOLDING,-2.3,4,2.8,-204,120,NO_GO,0,7,false,0,60,true,30min,
backtest,2025-10-27,05:15,DP Soda Lakes,15,5.4,6.6,5.4,5.4,18.3,0,254,100,50,HOLDING,-2.3,4,2.8,-189,105,NO_GO,0,7,false,0,60,true,30min,
backtest,2025-10-27,05:30,DP Soda Lakes,15,3.8,4.6,3.8,3.8,8.5,0,258,100,50,HOLDING,-1.6,7,4,-174,90,NO_GO,0,7,false,0,60,true,30min,
backtest,2025-10-27,05:45,DP Soda Lakes,15,3.8,4.6,3.8,3.8,8.5,0,258,100,50,HOLDING,-1.6,7,4,-159,75,NO_GO,0,7,false,0,60,true,30min,
backtest,2025-10-27,06:00,DP Soda Lakes,15,3,3.4,3,3,10.5,0,267,100,50,HOLDING,-0.8,10,3.9,-144,60,NO_GO,0,7,false,0,60,true,30min,
backtest,2025-10-27,06:15,DP Soda Lakes,15,3,3.4,3,3,10.5,0,267,100,50,HOLDING,-0.8,10,3.9,-129,45,NO_GO,0,7,false,0,60,true,30min,
backtest,2025-10-27,06:30,DP Soda Lakes,15,4.3,3.6,4.3,4.3,14.8,0,262,100,50,HOLDING,1.3,8,3.6,-114,30,NO_GO,0,7,false,0,60,true,30min,
backtest,2025-10-27,06:45,DP Soda Lakes,15,4.3,3.6,4.3,4.3,14.8,0,262,100,50,HOLDING,1.3,8,3.6,-99,15,NO_GO,0,7,false,0,60,true,30min,
backtest,2025-10-27,07:00,DP Soda Lakes,15,8.7,6.5,8.7,8.7,17.4,0,278,100,100,BUILDING,4.4,5,4.9,-84,0,NO_GO,0,7,false,0,60,true,30min,
backtest,2025-10-28,05:00,DP Soda Lakes,15,15.2,16.5,15.2,15.2,30.2,100,332,100,50,HOLDING,-2.7,-11,4.7,-205,120,GO,4,7,false,0,60,true,30min,
backtest,2025-10-28,05:15,DP Soda Lakes,15,15.2,16.5,15.2,15.2,30.2,100,332,100,50,HOLDING,-2.7,-11,4.7,-190,105,GO,4,7,false,0,60,true,30min,
backtest,2025-10-28,05:30,DP Soda Lakes,15,11.7,13.4,11.7,11.7,20.8,0,349,100,0,DECAYING,-3.5,-9,2.8,-175,90,NO_GO,-2,7,false,0,60,true,30min,
backtest,2025-10-28,05:45,DP Soda Lakes,15,11.7,13.4,11.7,11.7,20.8,0,349,100,0,DECAYING,-3.5,-9,2.8,-160,75,NO_GO,-2,7,false,0,60,true,30min,
backtest,2025-10-28,06:00,DP Soda Lakes,15,9.7,10.7,9.7,9.7,16.8,0,350,100,0,HOLDING,-2,-8,3.2,-145,60,NO_GO,-1,7,false,0,60,true,30min,
backtest,2025-10-28,06:15,DP Soda Lakes,15,9.7,10.7,9.7,9.7,16.8,0,350,100,0,HOLDING,-2,-8,3.2,-130,45,NO_GO,-1,7,false,0,60,true,30min,
backtest,2025-10-28,06:30,DP Soda Lakes,15,6.2,7.9,6.2,6.2,11.6,0,352,100,0,DECAYING,-3.5,-6,3.4,-115,30,NO_GO,0,7,false,0,60,true,30min,
backtest,2025-10-28,06:45,DP Soda Lakes,15,6.2,7.9,6.2,6.2,11.6,0,352,100,0,DECAYING,-3.5,-6,3.4,-100,15,NO_GO,0,7,false,0,60,true,30min,
backtest,2025-10-28,07:00,DP Soda Lakes,15,5.7,6,5.7,5.7,9.8,0,350,100,0,HOLDING,-0.5,-3,2.3,-85,0,NO_GO,0,7,false,0,60,true,30min,
backtest,2025-10-29,05:00,DP Soda Lakes,15,11.6,12.1,11.6,11.6,17.7,0,271,100,100,HOLDING,-0.9,-3,4.1,-206,120,MARGINAL,2,7,false,0,30,true,30min,
backtest,2025-10-29,05:15,DP Soda Lakes,15,11.6,12.1,11.6,11.6,17.7,0,271,100,100,HOLDING,-0.9,-3,4.1,-191,105,MARGINAL,2,7,false,0,30,true,30min,
backtest,2025-10-29,05:30,DP Soda Lakes,15,9.7,10.6,9.7,9.7,18.3,0,269,100,50,HOLDING,-1.9,-2,2.9,-176,90,NO_GO,0,7,false,0,30,true,30min,
backtest,2025-10-29,05:45,DP Soda Lakes,15,9.7,10.6,9.7,9.7,18.3,0,269,100,50,HOLDING,-1.9,-2,2.9,-161,75,NO_GO,0,7,false,0,30,true,30min,
backtest,2025-10-29,06:00,DP Soda Lakes,15,10,9.8,10,10,18.1,0,270,100,50,HOLDING,0.3,-2,2.3,-146,60,NO_GO,0,7,false,0,30,true,30min,
backtest,2025-10-29,06:15,DP Soda Lakes,15,10,9.8,10,10,18.1,0,270,100,50,HOLDING,0.3,-2,2.3,-131,45,NO_GO,0,7,false,0,30,true,30min,
backtest,2025-10-29,06:30,DP Soda Lakes,15,11.6,10.8,11.6,11.6,18.6,0,270,100,50,HOLDING,1.6,-3,3.1,-116,30,NO_GO,0,7,false,0,30,true,30min,
backtest,2025-10-29,06:45,DP Soda Lakes,15,11.6,10.8,11.6,11.6,18.6,0,270,100,50,HOLDING,1.6,-3,3.1,-101,15,NO_GO,0,7,false,0,30,true,30min,
backtest,2025-10-29,07:00,DP Soda Lakes,15,13.6,12.6,13.6,13.6,20.6,0,270,100,50,HOLDING,2,-3,3.2,-86,0,MARGINAL,2,7,false,0,30,true,30min,
backtest,2025-10-30,05:00,DP Soda Lakes,15,12.5,15.1,12.5,12.5,27.1,0,289,100,100,DECAYING,-5.1,-15,3.2,-207,120,MARGINAL,2,7,false,0,90,true,30min,
backtest,2025-10-30,05:15,DP Soda Lakes,15,12.5,15.1,12.5,12.5,27.1,0,289,100,100,DECAYING,-5.1,-15,3.2,-192,105,MARGINAL,2,7,false,0,90,true,30min,
backtest,2025-10-30,05:30,DP Soda Lakes,15,5.6,9.1,5.6,5.6,17,0,343,0,50,DECAYING,-6.9,-3,2.7,-177,90,NO_GO,0,7,false,0,90,true,30min,
backtest,2025-10-30,05:45,DP Soda Lakes,15,5.6,9.1,5.6,5.6,17,0,343,0,50,DECAYING,-6.9,-3,2.7,-162,75,NO_GO,0,7,false,0,90,true,30min,
backtest,2025-10-30,06:00,DP Soda Lakes,15,5,5.3,5,5,13.7,0,338,0,50,HOLDING,-0.6,-2,2.9,-147,60,NO_GO,0,7,false,0,90,true,30min,
backtest,2025-10-30,06:15,DP Soda Lakes,15,5,5.3,5,5,13.7,0,338,0,50,HOLDING,-0.6,-2,2.9,-132,45,NO_GO,0,7,false,0,90,true,30min,
backtest,2025-10-30,06:30,DP Soda Lakes,15,5.5,5.3,5.5,5.5,15.9,0,312,100,50,HOLDING,0.5,-3,2.9,-117,30,NO_GO,0,7,false,0,90,true,30min,
backtest,2025-10-30,06:45,DP Soda Lakes,15,5.5,5.3,5.5,5.5,15.9,0,312,100,50,HOLDING,0.5,-3,2.9,-102,15,NO_GO,0,7,false,0,90,true,30min,
backtest,2025-10-30,07:00,DP Soda Lakes,15,5.6,5.5,5.6,5.6,13,0,330,100,50,HOLDING,0.1,0,3,-87,0,NO_GO,0,7,false,0,90,true,30min,
backtest,2025-10-31,05:00,DP Soda Lakes,15,12.2,10.6,12.2,12.2,22.4,0,280,100,100,BUILDING,3.1,0,2.3,-208,120,MARGINAL,3,7,false,0,150,true,30min,
backtest,2025-10-31,05:15,DP Soda Lakes,15,12.2,10.6,12.2,12.2,22.4,0,280,100,100,BUILDING,3.1,0,2.3,-193,105,MARGINAL,3,7,false,0,150,true,30min,
backtest,2025-10-31,05:30,DP Soda Lakes,15,11,11.6,11,11,20.8,0,281,100,100,HOLDING,-1.2,1,3.3,-178,90,MARGINAL,2,7,false,0,150,true,30min,
backtest,2025-10-31,05:45,DP Soda Lakes,15,11,11.6,11,11,20.8,0,281,100,100,HOLDING,-1.2,1,3.3,-163,75,MARGINAL,2,7,false,0,150,true,30min,
backtest,2025-10-31,06:00,DP Soda Lakes,15,12.1,11.6,12.1,12.1,21,0,281,100,100,HOLDING,1.1,1,3.4,-148,60,MARGINAL,2,7,false,0,150,true,30min,
backtest,2025-10-31,06:15,DP Soda Lakes,15,12.1,11.6,12.1,12.1,21,0,281,100,100,HOLDING,1.1,1,3.4,-133,45,MARGINAL,2,7,false,0,150,true,30min,
backtest,2025-10-31,06:30,DP Soda Lakes,15,8.5,10.3,8.5,8.5,14.3,0,287,100,100,DECAYING,-3.6,2,3.4,-118,30,NO_GO,0,7,false,0,150,true,30min,
backtest,2025-10-31,06:45,DP Soda Lakes,15,8.5,10.3,8.5,8.5,14.3,0,287,100,100,DECAYING,-3.6,2,3.4,-103,15,NO_GO,0,7,false,0,150,true,30min,
backtest,2025-10-31,07:00,DP Soda Lakes,15,8.9,8.7,8.9,8.9,17.9,0,288,100,100,HOLDING,0.4,2,2.8,-88,0,NO_GO,0,7,false,0,150,true,30min,
backtest,2025-11-01,05:00,DP Soda Lakes,15,19.8,19.1,19.8,19.8,27.5,100,269,100,50,HOLDING,1.4,-5,3.2,-209,180,GO,4,8,false,0,90,true,30min,
backtest,2025-11-01,05:15,DP Soda Lakes,15,19.8,19.1,19.8,19.8,27.5,100,269,100,50,HOLDING,1.4,-5,3.2,-194,165,GO,4,8,false,0,90,true,30min,
backtest,2025-11-01,05:30,DP Soda Lakes,15,17.3,18.6,17.3,17.3,25.7,100,271,100,50,HOLDING,-2.5,-10,2.9,-179,150,GO,4,8,false,0,90,true,30min,
backtest,2025-11-01,05:45,DP Soda Lakes,15,17.3,18.6,17.3,17.3,25.7,100,271,100,50,HOLDING,-2.5,-10,2.9,-164,135,GO,4,8,false,0,90,true,30min,
backtest,2025-11-01,06:00,DP Soda Lakes,15,14.9,16.1,14.9,14.9,20.6,0,280,100,100,HOLDING,-2.4,-13,2.7,-149,120,GO,5,8,false,0,90,true,30min,
backtest,2025-11-01,06:15,DP Soda Lakes,15,14.9,16.1,14.9,14.9,20.6,0,280,100,100,HOLDING,-2.4,-13,2.7,-134,105,GO,5,8,false,0,90,true,30min,
backtest,2025-11-01,06:30,DP Soda Lakes,15,11.5,13.2,11.5,11.5,21,0,279,100,100,DECAYING,-3.4,-15,4.1,-119,90,MARGINAL,2,8,false,0,90,true,30min,
backtest,2025-11-01,06:45,DP Soda Lakes,15,11.5,13.2,11.5,11.5,21,0,279,100,100,DECAYING,-3.4,-15,4.1,-104,75,MARGINAL,2,8,false,0,90,true,30min,
backtest,2025-11-01,07:00,DP Soda Lakes,15,3.9,7.7,3.9,3.9,16.3,0,253,100,50,DECAYING,-7.6,-8,4.1,-89,60,NO_GO,0,8,false,0,90,true,30min,
backtest,2025-11-02,05:00,DP Soda Lakes,15,3.1,3.5,3.1,3.1,9.6,0,122,0,0,HOLDING,-0.8,11,3.3,-151,180,NO_GO,0,8,true,60,0,false,30min,
backtest,2025-11-02,05:15,DP Soda Lakes,15,3.1,3.5,3.1,3.1,9.6,0,122,0,0,HOLDING,-0.8,11,3.3,-136,165,NO_GO,0,8,true,60,0,false,30min,
backtest,2025-11-02,05:30,DP Soda Lakes,15,4.1,3.6,4.1,4.1,10.7,0,9,100,0,HOLDING,1,16,3.1,-121,150,NO_GO,0,8,true,60,0,false,30min,
backtest,2025-11-02,05:45,DP Soda Lakes,15,4.1,3.6,4.1,4.1,10.7,0,9,100,0,HOLDING,1,16,3.1,-106,135,NO_GO,0,8,true,60,0,false,30min,
backtest,2025-11-02,06:00,DP Soda Lakes,15,4.8,4.4,4.8,4.8,12.8,0,353,100,0,HOLDING,0.7,16,2.7,-91,120,NO_GO,0,8,true,60,0,false,30min,
backtest,2025-11-02,06:15,DP Soda Lakes,15,4.8,4.4,4.8,4.8,12.8,0,353,100,0,HOLDING,0.7,16,2.7,-76,105,NO_GO,0,8,true,60,0,false,30min,
backtest,2025-11-02,06:30,DP Soda Lakes,15,7.2,6,7.2,7.2,27.5,0,10,100,0,HOLDING,2.4,8,3.2,-61,90,NO_GO,0,8,true,60,0,false,30min,
backtest,2025-11-02,06:45,DP Soda Lakes,15,7.2,6,7.2,7.2,27.5,0,10,100,0,HOLDING,2.4,8,3.2,-46,75,NO_GO,0,8,true,60,0,false,30min,
backtest,2025-11-02,07:00,DP Soda Lakes,15,13.9,10.6,13.9,13.9,26.2,0,339,100,50,BUILDING,6.7,-8,3.7,-31,60,GO,4,8,true,60,0,false,30min,
backtest,2025-11-03,05:00,DP Soda Lakes,15,3.3,3.5,3.3,3.3,7.2,0,298,100,100,HOLDING,-0.4,30,2.6,-152,180,NO_GO,0,8,false,0,0,false,30min,
backtest,2025-11-03,05:15,DP Soda Lakes,15,3.3,3.5,3.3,3.3,7.2,0,298,100,100,HOLDING,-0.4,30,2.6,-137,165,NO_GO,0,8,false,0,0,false,30min,
backtest,2025-11-03,05:30,DP Soda Lakes,15,4.4,3.9,4.4,4.4,9.6,0,293,100,100,HOLDING,1.1,29,2.9,-122,150,NO_GO,0,8,false,0,0,false,30min,
backtest,2025-11-03,05:45,DP Soda Lakes,15,4.4,3.9,4.4,4.4,9.6,0,293,100,100,HOLDING,1.1,29,2.9,-107,135,NO_GO,0,8,false,0,0,false,30min,
backtest,2025-11-03,06:00,DP Soda Lakes,15,4.8,4.6,4.8,4.8,10.5,0,292,100,100,HOLDING,0.4,23,3.6,-92,120,NO_GO,0,8,false,0,0,false,30min,
backtest,2025-11-03,06:15,DP Soda Lakes,15,4.8,4.6,4.8,4.8,10.5,0,292,100,100,HOLDING,0.4,23,3.6,-77,105,NO_GO,0,8,false,0,0,false,30min,
backtest,2025-11-03,06:30,DP Soda Lakes,15,4.7,4.8,4.7,4.7,11.2,0,293,100,100,HOLDING,-0.1,18,3.3,-62,90,NO_GO,0,8,false,0,0,false,30min,
backtest,2025-11-03,06:45,DP Soda Lakes,15,4.7,4.8,4.7,4.7,11.2,0,293,100,100,HOLDING,-0.1,18,3.3,-47,75,NO_GO,0,8,false,0,0,false,30min,
backtest,2025-11-03,07:00,DP Soda Lakes,15,2.3,3.5,2.3,2.3,5.4,0,294,100,100,HOLDING,-2.4,21,1.8,-32,60,NO_GO,0,8,false,0,0,false,30min,
backtest,2025-11-04,05:00,DP Soda Lakes,15,3.9,4.5,3.9,3.9,11,0,271,100,50,HOLDING,-1.3,-29,4.3,-153,180,NO_GO,0,8,true,90,30,false,30min,
backtest,2025-11-04,05:15,DP Soda Lakes,15,3.9,4.5,3.9,3.9,11,0,271,100,50,HOLDING,-1.3,-29,4.3,-138,165,NO_GO,0,8,true,90,30,false,30min,
backtest,2025-11-04,05:30,DP Soda Lakes,15,2.5,3.2,2.5,2.5,8.7,0,258,100,0,HOLDING,-1.4,-20,7,-123,150,NO_GO,0,8,true,90,30,false,30min,
backtest,2025-11-04,05:45,DP Soda Lakes,15,2.5,3.2,2.5,2.5,8.7,0,258,100,0,HOLDING,-1.4,-20,7,-108,135,NO_GO,0,8,true,90,30,false,30min,
backtest,2025-11-04,06:00,DP Soda Lakes,15,4.5,3.5,4.5,4.5,15.2,0,267,100,50,HOLDING,2,-26,9.6,-93,120,NO_GO,0,8,true,90,30,false,30min,
backtest,2025-11-04,06:15,DP Soda Lakes,15,4.5,3.5,4.5,4.5,15.2,0,267,100,50,HOLDING,2,-26,9.6,-78,105,NO_GO,0,8,true,90,30,false,30min,
backtest,2025-11-04,06:30,DP Soda Lakes,15,3.4,4,3.4,3.4,13.9,0,266,100,50,HOLDING,-1.1,-27,6.8,-63,90,NO_GO,0,8,true,90,30,false,30min,
backtest,2025-11-04,06:45,DP Soda Lakes,15,3.4,4,3.4,3.4,13.9,0,266,100,50,HOLDING,-1.1,-27,6.8,-48,75,NO_GO,0,8,true,90,30,false,30min,
backtest,2025-11-04,07:00,DP Soda Lakes,15,12.1,7.8,12.1,12.1,25.7,0,263,100,50,BUILDING,8.7,-32,4.1,-33,60,MARGINAL,2,8,true,90,30,false,30min,
backtest,2025-11-05,05:00,DP Soda Lakes,15,8.4,7.5,8.4,8.4,15.4,0,308,100,100,HOLDING,1.8,5,3.1,-154,180,NO_GO,0,8,false,0,0,false,30min,
backtest,2025-11-05,05:15,DP Soda Lakes,15,8.4,7.5,8.4,8.4,15.4,0,308,100,100,HOLDING,1.8,5,3.1,-139,165,NO_GO,0,8,false,0,0,false,30min,
backtest,2025-11-05,05:30,DP Soda Lakes,15,5.4,6.9,5.4,5.4,12.5,0,306,100,100,HOLDING,-3,8,4,-124,150,NO_GO,0,8,false,0,0,false,30min,
backtest,2025-11-05,05:45,DP Soda Lakes,15,5.4,6.9,5.4,5.4,12.5,0,306,100,100,HOLDING,-3,8,4,-109,135,NO_GO,0,8,false,0,0,false,30min,
backtest,2025-11-05,06:00,DP Soda Lakes,15,3.2,4.3,3.2,3.2,7.8,0,322,100,50,HOLDING,-2.2,12,3.3,-94,120,NO_GO,0,8,false,0,0,false,30min,
backtest,2025-11-05,06:15,DP Soda Lakes,15,3.2,4.3,3.2,3.2,7.8,0,322,100,50,HOLDING,-2.2,12,3.3,-79,105,NO_GO,0,8,false,0,0,false,30min,
backtest,2025-11-05,06:30,DP Soda Lakes,15,2.9,3,2.9,2.9,10.5,0,320,100,50,HOLDING,-0.3,11,2.6,-64,90,NO_GO,0,8,false,0,0,false,30min,
backtest,2025-11-05,06:45,DP Soda Lakes,15,2.9,3,2.9,2.9,10.5,0,320,100,50,HOLDING,-0.3,11,2.6,-49,75,NO_GO,0,8,false,0,0,false,30min,
backtest,2025-11-05,07:00,DP Soda Lakes,15,5.3,4.1,5.3,5.3,13.4,0,291,100,100,HOLDING,2.4,9,2.2,-34,60,NO_GO,0,8,false,0,0,false,30min,
backtest,2025-11-06,05:00,DP Soda Lakes,15,8.2,8.4,8.2,8.2,19.9,0,291,100,100,HOLDING,-0.5,-5,3.6,-155,180,NO_GO,0,8,true,60,0,false,30min,
backtest,2025-11-06,05:15,DP Soda Lakes,15,8.2,8.4,8.2,8.2,19.9,0,291,100,100,HOLDING,-0.5,-5,3.6,-140,165,NO_GO,0,8,true,60,0,false,30min,
backtest,2025-11-06,05:30,DP Soda Lakes,15,5,6.6,5,5,20.1,0,282,100,100,DECAYING,-3.2,-1,3.5,-125,150,NO_GO,0,8,true,60,0,false,30min,
backtest,2025-11-06,05:45,DP Soda Lakes,15,5,6.6,5,5,20.1,0,282,100,100,DECAYING,-3.2,-1,3.5,-110,135,NO_GO,0,8,true,60,0,false,30min,
backtest,2025-11-06,06:00,DP Soda Lakes,15,5.5,5.3,5.5,5.5,15.4,0,277,100,100,HOLDING,0.5,0,3.7,-95,120,NO_GO,0,8,true,60,0,false,30min,
backtest,2025-11-06,06:15,DP Soda Lakes,15,5.5,5.3,5.5,5.5,15.4,0,277,100,100,HOLDING,0.5,0,3.7,-80,105,NO_GO,0,8,true,60,0,false,30min,
backtest,2025-11-06,06:30,DP Soda Lakes,15,3.8,4.7,3.8,3.8,12.3,0,259,100,50,HOLDING,-1.7,5,4.9,-65,90,NO_GO,0,8,true,60,0,false,30min,
backtest,2025-11-06,06:45,DP Soda Lakes,15,3.8,4.7,3.8,3.8,12.3,0,259,100,50,HOLDING,-1.7,5,4.9,-50,75,NO_GO,0,8,true,60,0,false,30min,
backtest,2025-11-06,07:00,DP Soda Lakes,15,3.4,3.6,3.4,3.4,11.4,0,285,100,50,HOLDING,-0.4,1,2.6,-35,60,NO_GO,0,8,true,60,0,false,30min,
backtest,2025-11-07,05:00,DP Soda Lakes,15,4.4,4.6,4.4,4.4,11.9,0,299,100,100,HOLDING,-0.4,8,3.1,-156,180,NO_GO,0,8,false,0,0,false,30min,
backtest,2025-11-07,05:15,DP Soda Lakes,15,4.4,4.6,4.4,4.4,11.9,0,299,100,100,HOLDING,-0.4,8,3.1,-141,165,NO_GO,0,8,false,0,0,false,30min,
backtest,2025-11-07,05:30,DP Soda Lakes,15,4.6,4.5,4.6,4.6,13.9,0,278,100,100,HOLDING,0.2,4,3.6,-126,150,NO_GO,0,8,false,0,0,false,30min,
backtest,2025-11-07,05:45,DP Soda Lakes,15,4.6,4.5,4.6,4.6,13.9,0,278,100,100,HOLDING,0.2,4,3.6,-111,135,NO_GO,0,8,false,0,0,false,30min,
backtest,2025-11-07,06:00,DP Soda Lakes,15,4.6,4.6,4.6,4.6,9.4,0,296,100,100,HOLDING,0,7,3.2,-96,120,NO_GO,0,8,false,0,0,false,30min,
backtest,2025-11-07,06:15,DP Soda Lakes,15,4.6,4.6,4.6,4.6,9.4,0,296,100,100,HOLDING,0,7,3.2,-81,105,NO_GO,0,8,false,0,0,false,30min,
backtest,2025-11-07,06:30,DP Soda Lakes,15,3.1,3.8,3.1,3.1,7.2,0,285,100,50,HOLDING,-1.5,12,2.9,-66,90,NO_GO,0,8,false,0,0,false,30min,
backtest,2025-11-07,06:45,DP Soda Lakes,15,3.1,3.8,3.1,3.1,7.2,0,285,100,50,HOLDING,-1.5,12,2.9,-51,75,NO_GO,0,8,false,0,0,false,30min,
backtest,2025-11-07,07:00,DP Soda Lakes,15,2.1,2.6,2.1,2.1,8.1,0,254,100,0,HOLDING,-1,13,3.4,-36,60,NO_GO,0,8,false,0,0,false,30min,
backtest,2025-11-08,05:00,DP Soda Lakes,15,4,4.3,4,4,13,0,356,0,50,HOLDING,-0.7,8,6.3,-157,180,NO_GO,0,8,false,0,0,false,30min,
backtest,2025-11-08,05:15,DP Soda Lakes,15,4,4.3,4,4,13,0,356,0,50,HOLDING,-0.7,8,6.3,-142,165,NO_GO,0,8,false,0,0,false,30min,
backtest,2025-11-08,05:30,DP Soda Lakes,15,7.1,5.5,7.1,7.1,18.1,0,81,100,0,BUILDING,3.1,30,8,-127,150,NO_GO,0,8,false,0,0,false,30min,
backtest,2025-11-08,05:45,DP Soda Lakes,15,7.1,5.5,7.1,7.1,18.1,0,81,100,0,BUILDING,3.1,30,8,-112,135,NO_GO,0,8,false,0,0,false,30min,
backtest,2025-11-08,06:00,DP Soda Lakes,15,4.9,6,4.9,4.9,9.6,0,127,100,0,HOLDING,-2.2,37,6.5,-97,120,NO_GO,0,8,false,0,0,false,30min,
backtest,2025-11-08,06:15,DP Soda Lakes,15,4.9,6,4.9,4.9,9.6,0,127,100,0,HOLDING,-2.2,37,6.5,-82,105,NO_GO,0,8,false,0,0,false,30min,
backtest,2025-11-08,06:30,DP Soda Lakes,15,6.5,5.7,6.5,6.5,12.8,0,154,100,0,HOLDING,1.6,39,5.6,-67,90,NO_GO,0,8,false,0,0,false,30min,
backtest,2025-11-08,06:45,DP Soda Lakes,15,6.5,5.7,6.5,6.5,12.8,0,154,100,0,HOLDING,1.6,39,5.6,-52,75,NO_GO,0,8,false,0,0,false,30min,
backtest,2025-11-08,07:00,DP Soda Lakes,15,4.8,5.7,4.8,4.8,8.5,0,172,100,0,HOLDING,-1.7,40,3.5,-37,60,NO_GO,0,8,false,0,0,false,30min,
backtest,2025-11-09,05:00,DP Soda Lakes,15,14.9,14.7,14.9,14.9,21.7,0,269,100,50,HOLDING,0.5,6,3.7,-159,180,MARGINAL,1,8,true,30,60,false,30min,
backtest,2025-11-09,05:15,DP Soda Lakes,15,14.9,14.7,14.9,14.9,21.7,0,269,100,50,HOLDING,0.5,6,3.7,-144,165,MARGINAL,1,8,true,30,60,false,30min,
backtest,2025-11-09,05:30,DP Soda Lakes,15,15,14.9,15,15,22.1,100,270,100,50,HOLDING,0.1,6,3,-129,150,MARGINAL,2,8,true,30,60,false,30min,
backtest,2025-11-09,05:45,DP Soda Lakes,15,15,14.9,15,15,22.1,100,270,100,50,HOLDING,0.1,6,3,-114,135,MARGINAL,2,8,true,30,60,false,30min,
backtest,2025-11-09,06:00,DP Soda Lakes,15,15.2,15.1,15.2,15.2,24.2,100,272,100,50,HOLDING,0.2,5,3.5,-99,120,MARGINAL,2,8,true,30,60,false,30min,
backtest,2025-11-09,06:15,DP Soda Lakes,15,15.2,15.1,15.2,15.2,24.2,100,272,100,50,HOLDING,0.2,5,3.5,-84,105,MARGINAL,2,8,true,30,60,false,30min,
backtest,2025-11-09,06:30,DP Soda Lakes,15,14.8,15,14.8,14.8,22.4,0,275,100,100,HOLDING,-0.4,4,3.1,-69,90,GO,4,8,true,30,60,false,30min,
backtest,2025-11-09,06:45,DP Soda Lakes,15,14.8,15,14.8,14.8,22.4,0,275,100,100,HOLDING,-0.4,4,3.1,-54,75,GO,4,8,true,30,60,false,30min,
backtest,2025-11-09,07:00,DP Soda Lakes,15,15.7,15.3,15.7,15.7,22.4,100,274,100,100,HOLDING,0.9,3,3.3,-39,60,GO,5,8,true,30,60,false,30min,
backtest,2025-11-10,05:00,DP Soda Lakes,15,5.9,7.5,5.9,5.9,18.3,0,285,100,100,DECAYING,-3.2,3,3.5,-160,180,NO_GO,0,8,false,0,0,false,30min,
backtest,2025-11-10,05:15,DP Soda Lakes,15,5.9,7.5,5.9,5.9,18.3,0,285,100,100,DECAYING,-3.2,3,3.5,-145,165,NO_GO,0,8,false,0,0,false,30min,
backtest,2025-11-10,05:30,DP Soda Lakes,15,5.4,5.7,5.4,5.4,12.3,0,229,0,50,HOLDING,-0.5,11,3.5,-130,150,NO_GO,0,8,false,0,0,false,30min,
backtest,2025-11-10,05:45,DP Soda Lakes,15,5.4,5.7,5.4,5.4,12.3,0,229,0,50,HOLDING,-0.5,11,3.5,-115,135,NO_GO,0,8,false,0,0,false,30min,
backtest,2025-11-10,06:00,DP Soda Lakes,15,4.1,4.8,4.1,4.1,8.1,0,156,100,0,HOLDING,-1.3,10,3,-100,120,NO_GO,0,8,false,0,0,false,30min,
backtest,2025-11-10,06:15,DP Soda Lakes,15,4.1,4.8,4.1,4.1,8.1,0,156,100,0,HOLDING,-1.3,10,3,-85,105,NO_GO,0,8,false,0,0,false,30min,
backtest,2025-11-10,06:30,DP Soda Lakes,15,3.8,3.9,3.8,3.8,7.2,0,226,0,50,HOLDING,-0.3,11,2,-70,90,NO_GO,0,8,false,0,0,false,30min,
backtest,2025-11-10,06:45,DP Soda Lakes,15,3.8,3.9,3.8,3.8,7.2,0,226,0,50,HOLDING,-0.3,11,2,-55,75,NO_GO,0,8,false,0,0,false,30min,
backtest,2025-11-10,07:00,DP Soda Lakes,15,3,3.4,3,3,6.5,0,307,100,100,HOLDING,-0.8,14,1.9,-40,60,NO_GO,0,8,false,0,0,false,30min,
backtest,2025-11-11,05:00,DP Soda Lakes,15,10.4,11.7,10.4,10.4,18.6,0,278,100,100,HOLDING,-2.6,-2,13.4,-161,180,NO_GO,0,8,true,60,0,false,30min,
backtest,2025-11-11,05:15,DP Soda Lakes,15,10.4,11.7,10.4,10.4,18.6,0,278,100,100,HOLDING,-2.6,-2,13.4,-146,165,NO_GO,0,8,true,60,0,false,30min,
backtest,2025-11-11,05:30,DP Soda Lakes,15,7.5,8.9,7.5,7.5,18.1,0,278,100,100,HOLDING,-2.9,-4,11.3,-131,150,NO_GO,0,8,true,60,0,false,30min,
backtest,2025-11-11,05:45,DP Soda Lakes,15,7.5,8.9,7.5,7.5,18.1,0,278,100,100,HOLDING,-2.9,-4,11.3,-116,135,NO_GO,0,8,true,60,0,false,30min,
backtest,2025-11-11,06:00,DP Soda Lakes,15,5.9,6.7,5.9,5.9,16.6,0,260,100,50,HOLDING,-1.6,-4,10.4,-101,120,NO_GO,0,8,true,60,0,false,30min,
backtest,2025-11-11,06:15,DP Soda Lakes,15,5.9,6.7,5.9,5.9,16.6,0,260,100,50,HOLDING,-1.6,-4,10.4,-86,105,NO_GO,0,8,true,60,0,false,30min,
backtest,2025-11-11,06:30,DP Soda Lakes,15,4.9,5.4,4.9,4.9,15.9,0,251,100,0,HOLDING,-1,-3,8.6,-71,90,NO_GO,0,8,true,60,0,false,30min,
backtest,2025-11-11,06:45,DP Soda Lakes,15,4.9,5.4,4.9,4.9,15.9,0,251,100,0,HOLDING,-1,-3,8.6,-56,75,NO_GO,0,8,true,60,0,false,30min,
backtest,2025-11-11,07:00,DP Soda Lakes,15,2,3.5,2,2,6.5,0,285,100,50,HOLDING,-2.9,2,8.2,-41,60,NO_GO,0,8,true,60,0,false,30min,
backtest,2025-11-12,05:00,DP Soda Lakes,15,19.7,20.4,19.7,19.7,28.4,100,267,100,0,HOLDING,-1.3,-1,3.2,-162,180,MARGINAL,1,8,false,0,300,true,30min,
backtest,2025-11-12,05:15,DP Soda Lakes,15,19.7,20.4,19.7,19.7,28.4,100,267,100,0,HOLDING,-1.3,-1,3.2,-147,165,MARGINAL,1,8,false,0,300,true,30min,
backtest,2025-11-12,05:30,DP Soda Lakes,15,17.2,18.4,17.2,17.2,28.6,100,267,100,0,HOLDING,-2.5,-1,2.9,-132,150,MARGINAL,1,8,false,0,300,true,30min,
backtest,2025-11-12,05:45,DP Soda Lakes,15,17.2,18.4,17.2,17.2,28.6,100,267,100,0,HOLDING,-2.5,-1,2.9,-117,135,MARGINAL,1,8,false,0,300,true,30min,
backtest,2025-11-12,06:00,DP Soda Lakes,15,12.7,14.9,12.7,12.7,19.9,0,280,100,50,DECAYING,-4.5,1,2.3,-102,120,NO_GO,-1,8,false,0,300,true,30min,
backtest,2025-11-12,06:15,DP Soda Lakes,15,12.7,14.9,12.7,12.7,19.9,0,280,100,50,DECAYING,-4.5,1,2.3,-87,105,NO_GO,-1,8,false,0,300,true,30min,
backtest,2025-11-12,06:30,DP Soda Lakes,15,13.6,13.1,13.6,13.6,24.6,0,283,100,100,HOLDING,0.9,1,2.5,-72,90,GO,4,8,false,0,300,true,30min,
backtest,2025-11-12,06:45,DP Soda Lakes,15,13.6,13.1,13.6,13.6,24.6,0,283,100,100,HOLDING,0.9,1,2.5,-57,75,GO,4,8,false,0,300,true,30min,
backtest,2025-11-12,07:00,DP Soda Lakes,15,6.2,9.9,6.2,6.2,17.2,0,268,100,50,DECAYING,-7.4,2,2.2,-42,60,NO_GO,0,8,false,0,300,true,30min,
backtest,2025-11-13,05:00,DP Soda Lakes,15,7.7,10.3,7.7,7.7,22.8,0,303,100,100,DECAYING,-5.2,-2,3.1,-163,180,NO_GO,0,8,true,60,210,false,30min,
backtest,2025-11-13,05:15,DP Soda Lakes,15,7.7,10.3,7.7,7.7,22.8,0,303,100,100,DECAYING,-5.2,-2,3.1,-148,165,NO_GO,0,8,true,60,210,false,30min,
backtest,2025-11-13,05:30,DP Soda Lakes,15,13.6,10.7,13.6,13.6,26.8,0,281,100,50,BUILDING,5.9,-3,7.5,-133,150,MARGINAL,2,8,true,60,210,false,30min,
backtest,2025-11-13,05:45,DP Soda Lakes,15,13.6,10.7,13.6,13.6,26.8,0,281,100,50,BUILDING,5.9,-3,7.5,-118,135,MARGINAL,2,8,true,60,210,false,30min,
backtest,2025-11-13,06:00,DP Soda Lakes,15,18.8,16.2,18.8,18.8,32,100,260,100,0,BUILDING,5.2,-2,8.9,-103,120,MARGINAL,2,8,true,60,210,false,30min,
backtest,2025-11-13,06:15,DP Soda Lakes,15,18.8,16.2,18.8,18.8,32,100,260,100,0,BUILDING,5.2,-2,8.9,-88,105,MARGINAL,2,8,true,60,210,false,30min,
backtest,2025-11-13,06:30,DP Soda Lakes,15,18.1,18.5,18.1,18.1,36.9,100,261,100,0,HOLDING,-0.7,-3,4.9,-73,90,MARGINAL,1,8,true,60,210,false,30min,
backtest,2025-11-13,06:45,DP Soda Lakes,15,18.1,18.5,18.1,18.1,36.9,100,261,100,0,HOLDING,-0.7,-3,4.9,-58,75,MARGINAL,1,8,true,60,210,false,30min,
backtest,2025-11-13,07:00,DP Soda Lakes,15,19.2,18.6,19.2,19.2,31.3,100,270,100,50,HOLDING,1.1,-2,12.8,-43,60,MARGINAL,2,8,true,60,210,false,30min,
backtest,2025-11-14,05:00,DP Soda Lakes,15,16.9,17.9,16.9,16.9,30.2,100,271,100,50,HOLDING,-2,-1,8.8,-164,180,MARGINAL,2,8,true,120,120,false,30min,
backtest,2025-11-14,05:15,DP Soda Lakes,15,16.9,17.9,16.9,16.9,30.2,100,271,100,50,HOLDING,-2,-1,8.8,-149,165,MARGINAL,2,8,true,120,120,false,30min,
backtest,2025-11-14,05:30,DP Soda Lakes,15,14.8,15.8,14.8,14.8,25.9,0,270,100,50,HOLDING,-2.1,0,7.1,-134,150,MARGINAL,2,8,true,120,120,false,30min,
backtest,2025-11-14,05:45,DP Soda Lakes,15,14.8,15.8,14.8,14.8,25.9,0,270,100,50,HOLDING,-2.1,0,7.1,-119,135,MARGINAL,2,8,true,120,120,false,30min,
backtest,2025-11-14,06:00,DP Soda Lakes,15,14,14.4,14,14,23.3,0,271,100,50,HOLDING,-0.8,4,10.7,-104,120,MARGINAL,1,8,true,120,120,false,30min,
backtest,2025-11-14,06:15,DP Soda Lakes,15,14,14.4,14,14,23.3,0,271,100,50,HOLDING,-0.8,4,10.7,-89,105,MARGINAL,1,8,true,120,120,false,30min,
backtest,2025-11-14,06:30,DP Soda Lakes,15,19.8,16.9,19.8,19.8,28.4,100,274,100,100,BUILDING,5.8,1,10.9,-74,90,GO,5,8,true,120,120,false,30min,
backtest,2025-11-14,06:45,DP Soda Lakes,15,19.8,16.9,19.8,19.8,28.4,100,274,100,100,BUILDING,5.8,1,10.9,-59,75,GO,5,8,true,120,120,false,30min,
backtest,2025-11-14,07:00,DP Soda Lakes,15,16.5,18.1,16.5,16.5,31.8,100,271,100,50,DECAYING,-3.3,-1,12.7,-44,60,MARGINAL,1,8,true,120,120,false,30min,
backtest,2025-11-15,05:00,DP Soda Lakes,15,6.8,5.8,6.8,6.8,13.9,0,300,100,100,HOLDING,2,2,11.6,-166,180,NO_GO,0,8,true,90,120,false,30min,
backtest,2025-11-15,05:15,DP Soda Lakes,15,6.8,5.8,6.8,6.8,13.9,0,300,100,100,HOLDING,2,2,11.6,-151,165,NO_GO,0,8,true,90,120,false,30min,
backtest,2025-11-15,05:30,DP Soda Lakes,15,13.5,10.2,13.5,13.5,22.4,0,302,100,100,BUILDING,6.7,-1,11.8,-136,150,GO,4,8,true,90,120,false,30min,
backtest,2025-11-15,05:45,DP Soda Lakes,15,13.5,10.2,13.5,13.5,22.4,0,302,100,100,BUILDING,6.7,-1,11.8,-121,135,GO,4,8,true,90,120,false,30min,
backtest,2025-11-15,06:00,DP Soda Lakes,15,20.4,16.9,20.4,20.4,37.6,100,294,100,100,BUILDING,6.9,-3,12.8,-106,120,GO,5,8,true,90,120,false,30min,
backtest,2025-11-15,06:15,DP Soda Lakes,15,20.4,16.9,20.4,20.4,37.6,100,294,100,100,BUILDING,6.9,-3,12.8,-91,105,GO,5,8,true,90,120,false,30min,
backtest,2025-11-15,06:30,DP Soda Lakes,15,18.4,19.4,18.4,18.4,37.8,100,293,100,100,HOLDING,-2,-3,14.8,-76,90,GO,4,8,true,90,120,false,30min,
backtest,2025-11-15,06:45,DP Soda Lakes,15,18.4,19.4,18.4,18.4,37.8,100,293,100,100,HOLDING,-2,-3,14.8,-61,75,GO,4,8,true,90,120,false,30min,
backtest,2025-11-15,07:00,DP Soda Lakes,15,18.1,18.3,18.1,18.1,32.9,100,297,100,100,HOLDING,-0.3,-2,12.2,-46,60,GO,4,8,true,90,120,false,30min,
backtest,2025-11-16,05:00,DP Soda Lakes,15,17.7,18.8,17.7,17.7,27.3,100,280,100,100,HOLDING,-2.1,4,3,-167,180,GO,5,8,true,30,330,false,30min,
backtest,2025-11-16,05:15,DP Soda Lakes,15,17.7,18.8,17.7,17.7,27.3,100,280,100,100,HOLDING,-2.1,4,3,-152,165,GO,5,8,true,30,330,false,30min,
backtest,2025-11-16,05:30,DP Soda Lakes,15,18.4,18,18.4,18.4,27.3,100,280,100,100,HOLDING,0.7,4,2.7,-137,150,GO,5,8,true,30,330,false,30min,
backtest,2025-11-16,05:45,DP Soda Lakes,15,18.4,18,18.4,18.4,27.3,100,280,100,100,HOLDING,0.7,4,2.7,-122,135,GO,5,8,true,30,330,false,30min,
backtest,2025-11-16,06:00,DP Soda Lakes,15,15.1,16.8,15.1,15.1,27.3,100,281,100,100,DECAYING,-3.3,3,3.3,-107,120,GO,4,8,true,30,330,false,30min,
backtest,2025-11-16,06:15,DP Soda Lakes,15,15.1,16.8,15.1,15.1,27.3,100,281,100,100,DECAYING,-3.3,3,3.3,-92,105,GO,4,8,true,30,330,false,30min,
backtest,2025-11-16,06:30,DP Soda Lakes,15,10,12.6,10,10,23.3,0,270,100,50,DECAYING,-5.1,6,2.5,-77,90,NO_GO,-2,8,true,30,330,false,30min,
backtest,2025-11-16,06:45,DP Soda Lakes,15,10,12.6,10,10,23.3,0,270,100,50,DECAYING,-5.1,6,2.5,-62,75,NO_GO,-2,8,true,30,330,false,30min,
backtest,2025-11-16,07:00,DP Soda Lakes,15,10.7,10.3,10.7,10.7,17.9,0,259,100,0,HOLDING,0.7,6,2.5,-47,60,NO_GO,-3,8,true,30,330,false,30min,
backtest,2025-11-17,05:00,DP Soda Lakes,15,4.7,7.8,4.7,4.7,11.9,0,294,100,100,DECAYING,-6.2,-3,3.7,-168,180,NO_GO,0,8,false,0,0,false,30min,
backtest,2025-11-17,05:15,DP Soda Lakes,15,4.7,7.8,4.7,4.7,11.9,0,294,100,100,DECAYING,-6.2,-3,3.7,-153,165,NO_GO,0,8,false,0,0,false,30min,
backtest,2025-11-17,05:30,DP Soda Lakes,15,4.2,4.5,4.2,4.2,12.1,0,285,100,100,HOLDING,-0.5,-2,7.6,-138,150,NO_GO,0,8,false,0,0,false,30min,
backtest,2025-11-17,05:45,DP Soda Lakes,15,4.2,4.5,4.2,4.2,12.1,0,285,100,100,HOLDING,-0.5,-2,7.6,-123,135,NO_GO,0,8,false,0,0,false,30min,
backtest,2025-11-17,06:00,DP Soda Lakes,15,5.4,4.8,5.4,5.4,17.2,0,278,100,100,HOLDING,1.2,-2,7.9,-108,120,NO_GO,0,8,false,0,0,false,30min,
backtest,2025-11-17,06:15,DP Soda Lakes,15,5.4,4.8,5.4,5.4,17.2,0,278,100,100,HOLDING,1.2,-2,7.9,-93,105,NO_GO,0,8,false,0,0,false,30min,
backtest,2025-11-17,06:30,DP Soda Lakes,15,2.6,4,2.6,2.6,7.2,0,273,100,100,HOLDING,-2.8,3,4.7,-78,90,NO_GO,0,8,false,0,0,false,30min,
backtest,2025-11-17,06:45,DP Soda Lakes,15,2.6,4,2.6,2.6,7.2,0,273,100,100,HOLDING,-2.8,3,4.7,-63,75,NO_GO,0,8,false,0,0,false,30min,
backtest,2025-11-17,07:00,DP Soda Lakes,15,8.6,5.6,8.6,8.6,19.2,0,298,100,100,BUILDING,6,-3,3.1,-48,60,NO_GO,0,8,false,0,0,false,30min,
backtest,2025-11-18,05:00,DP Soda Lakes,15,14.5,13.1,14.5,14.5,23.7,0,257,100,0,HOLDING,2.9,6,3.1,-169,180,NO_GO,-1,8,true,60,120,false,30min,
backtest,2025-11-18,05:15,DP Soda Lakes,15,14.5,13.1,14.5,14.5,23.7,0,257,100,0,HOLDING,2.9,6,3.1,-154,165,NO_GO,-1,8,true,60,120,false,30min,
backtest,2025-11-18,05:30,DP Soda Lakes,15,14.7,14.6,14.7,14.7,24.4,0,271,100,50,HOLDING,0.2,6,3,-139,150,MARGINAL,1,8,true,60,120,false,30min,
backtest,2025-11-18,05:45,DP Soda Lakes,15,14.7,14.6,14.7,14.7,24.4,0,271,100,50,HOLDING,0.2,6,3,-124,135,MARGINAL,1,8,true,60,120,false,30min,
backtest,2025-11-18,06:00,DP Soda Lakes,15,15.1,14.9,15.1,15.1,25.5,100,269,100,50,HOLDING,0.4,6,3.4,-109,120,MARGINAL,2,8,true,60,120,false,30min,
backtest,2025-11-18,06:15,DP Soda Lakes,15,15.1,14.9,15.1,15.1,25.5,100,269,100,50,HOLDING,0.4,6,3.4,-94,105,MARGINAL,2,8,true,60,120,false,30min,
backtest,2025-11-18,06:30,DP Soda Lakes,15,19.1,17.1,19.1,19.1,28,100,266,100,50,BUILDING,4,7,2.9,-79,90,MARGINAL,3,8,true,60,120,false,30min,
backtest,2025-11-18,06:45,DP Soda Lakes,15,19.1,17.1,19.1,19.1,28,100,266,100,50,BUILDING,4,7,2.9,-64,75,MARGINAL,3,8,true,60,120,false,30min,
backtest,2025-11-18,07:00,DP Soda Lakes,15,19,19.1,19,19,28.2,100,274,100,100,HOLDING,-0.1,9,2.5,-49,60,GO,4,8,true,60,120,false,30min,
backtest,2025-11-19,05:00,DP Soda Lakes,15,12.8,10.7,12.8,12.8,26.6,0,278,100,100,BUILDING,4.3,4,3,-170,180,GO,5,8,true,120,120,false,30min,
backtest,2025-11-19,05:15,DP Soda Lakes,15,12.8,10.7,12.8,12.8,26.6,0,278,100,100,BUILDING,4.3,4,3,-155,165,GO,5,8,true,120,120,false,30min,
backtest,2025-11-19,05:30,DP Soda Lakes,15,18.7,15.8,18.7,18.7,30.2,100,275,100,100,BUILDING,5.9,3,2.9,-140,150,GO,6,8,true,120,120,false,30min,
backtest,2025-11-19,05:45,DP Soda Lakes,15,18.7,15.8,18.7,18.7,30.2,100,275,100,100,BUILDING,5.9,3,2.9,-125,135,GO,6,8,true,120,120,false,30min,
backtest,2025-11-19,06:00,DP Soda Lakes,15,14.6,16.6,14.6,14.6,23.9,0,273,100,100,DECAYING,-4.1,3,3,-110,120,MARGINAL,3,8,true,120,120,false,30min,
backtest,2025-11-19,06:15,DP Soda Lakes,15,14.6,16.6,14.6,14.6,23.9,0,273,100,100,DECAYING,-4.1,3,3,-95,105,MARGINAL,3,8,true,120,120,false,30min,
backtest,2025-11-19,06:30,DP Soda Lakes,15,15.9,15.3,15.9,15.9,24.2,100,273,100,100,HOLDING,1.3,2,3,-80,90,GO,5,8,true,120,120,false,30min,
backtest,2025-11-19,06:45,DP Soda Lakes,15,15.9,15.3,15.9,15.9,24.2,100,273,100,100,HOLDING,1.3,2,3,-65,75,GO,5,8,true,120,120,false,30min,
backtest,2025-11-19,07:00,DP Soda Lakes,15,17.6,16.8,17.6,17.6,27.1,100,274,100,100,HOLDING,1.7,0,2.4,-50,60,GO,5,8,true,120,120,false,30min,
backtest,2025-11-22,05:00,DP Soda Lakes,15,8.9,8.3,8.9,8.9,21.2,0,301,100,100,HOLDING,1.1,-8,,-173,180,NO_GO,0,8,true,90,60,false,30min,
backtest,2025-11-22,05:15,DP Soda Lakes,15,8.9,8.3,8.9,8.9,21.2,0,301,100,100,HOLDING,1.1,-8,,-158,165,NO_GO,0,8,true,90,60,false,30min,
backtest,2025-11-22,05:30,DP Soda Lakes,15,8.1,8.5,8.1,8.1,23.3,0,294,100,100,HOLDING,-0.8,-10,,-143,150,NO_GO,0,8,true,90,60,false,30min,
backtest,2025-11-22,05:45,DP Soda Lakes,15,8.1,8.5,8.1,8.1,23.3,0,294,100,100,HOLDING,-0.8,-10,,-128,135,NO_GO,0,8,true,90,60,false,30min,
backtest,2025-11-22,06:00,DP Soda Lakes,15,12,10.1,12,12,26.6,0,287,100,100,BUILDING,3.9,-9,,-113,120,MARGINAL,3,8,true,90,60,false,30min,
backtest,2025-11-22,06:15,DP Soda Lakes,15,12,10.1,12,12,26.6,0,287,100,100,BUILDING,3.9,-9,,-98,105,MARGINAL,3,8,true,90,60,false,30min,
backtest,2025-11-22,06:30,DP Soda Lakes,15,12.4,12.2,12.4,12.4,26.6,0,286,100,100,HOLDING,0.4,-9,,-83,90,MARGINAL,2,8,true,90,60,false,30min,
backtest,2025-11-22,06:45,DP Soda Lakes,15,12.4,12.2,12.4,12.4,26.6,0,286,100,100,HOLDING,0.4,-9,,-68,75,MARGINAL,2,8,true,90,60,false,30min,
backtest,2025-11-22,07:00,DP Soda Lakes,15,17,14.7,17,17,25.7,100,278,100,100,BUILDING,4.6,-7,,-53,60,GO,6,8,true,90,60,false,30min,
backtest,2025-11-23,05:00,DP Soda Lakes,15,12.4,13.9,12.4,12.4,23.5,0,282,100,100,HOLDING,-2.9,-12,2.9,-175,180,MARGINAL,3,8,true,120,60,false,30min,
backtest,2025-11-23,05:15,DP Soda Lakes,15,12.4,13.9,12.4,12.4,23.5,0,282,100,100,HOLDING,-2.9,-12,2.9,-160,165,MARGINAL,3,8,true,120,60,false,30min,
backtest,2025-11-23,05:30,DP Soda Lakes,15,12.6,12.5,12.6,12.6,23,0,278,100,100,HOLDING,0.2,-15,2.3,-145,150,MARGINAL,3,8,true,120,60,false,30min,
backtest,2025-11-23,05:45,DP Soda Lakes,15,12.6,12.5,12.6,12.6,23,0,278,100,100,HOLDING,0.2,-15,2.3,-130,135,MARGINAL,3,8,true,120,60,false,30min,
backtest,2025-11-23,06:00,DP Soda Lakes,15,12.8,12.7,12.8,12.8,23.3,0,273,100,100,HOLDING,0.2,-15,2.1,-115,120,GO,5,8,true,120,60,false,30min,
backtest,2025-11-23,06:15,DP Soda Lakes,15,12.8,12.7,12.8,12.8,23.3,0,273,100,100,HOLDING,0.2,-15,2.1,-100,105,GO,5,8,true,120,60,false,30min,
backtest,2025-11-23,06:30,DP Soda Lakes,15,10.8,11.8,10.8,10.8,23.5,0,280,100,100,HOLDING,-2,-15,1.9,-85,90,MARGINAL,3,8,true,120,60,false,30min,
backtest,2025-11-23,06:45,DP Soda Lakes,15,10.8,11.8,10.8,10.8,23.5,0,280,100,100,HOLDING,-2,-15,1.9,-70,75,MARGINAL,3,8,true,120,60,false,30min,
backtest,2025-11-23,07:00,DP Soda Lakes,15,14.3,12.6,14.3,14.3,23.7,0,282,100,100,BUILDING,3.5,-17,2.2,-55,60,GO,6,8,true,120,60,false,30min,
backtest,2025-11-24,05:00,DP Soda Lakes,15,15.3,15.7,15.3,15.3,23.5,100,277,100,100,HOLDING,-0.7,3,2.8,-176,180,GO,5,8,false,0,90,true,30min,
backtest,2025-11-24,05:15,DP Soda Lakes,15,15.3,15.7,15.3,15.3,23.5,100,277,100,100,HOLDING,-0.7,3,2.8,-161,165,GO,5,8,false,0,90,true,30min,
backtest,2025-11-24,05:30,DP Soda Lakes,15,16.2,15.8,16.2,16.2,23.9,100,277,100,100,HOLDING,0.9,2,3.4,-146,150,GO,5,8,false,0,90,true,30min,
backtest,2025-11-24,05:45,DP Soda Lakes,15,16.2,15.8,16.2,16.2,23.9,100,277,100,100,HOLDING,0.9,2,3.4,-131,135,GO,5,8,false,0,90,true,30min,
backtest,2025-11-24,06:00,DP Soda Lakes,15,14.4,15.3,14.4,14.4,22.1,0,276,100,100,HOLDING,-1.8,0,3.4,-116,120,GO,4,8,false,0,90,true,30min,
backtest,2025-11-24,06:15,DP Soda Lakes,15,14.4,15.3,14.4,14.4,22.1,0,276,100,100,HOLDING,-1.8,0,3.4,-101,105,GO,4,8,false,0,90,true,30min,
backtest,2025-11-24,06:30,DP Soda Lakes,15,11.6,13,11.6,11.6,19.7,0,287,100,100,HOLDING,-2.8,-1,2.5,-86,90,MARGINAL,2,8,false,0,90,true,30min,
backtest,2025-11-24,06:45,DP Soda Lakes,15,11.6,13,11.6,11.6,19.7,0,287,100,100,HOLDING,-2.8,-1,2.5,-71,75,MARGINAL,2,8,false,0,90,true,30min,
backtest,2025-11-24,07:00,DP Soda Lakes,15,2,6.8,2,2,8.5,0,287,100,100,DECAYING,-9.6,8,2.7,-56,60,NO_GO,0,8,false,0,90,true,30min,
backtest,2025-11-25,05:00,DP Soda Lakes,15,11.7,13.3,11.7,11.7,22.8,0,319,100,100,DECAYING,-3.1,11,7.4,-177,180,NO_GO,-1,8,false,0,120,true,30min,
backtest,2025-11-25,05:15,DP Soda Lakes,15,11.7,13.3,11.7,11.7,22.8,0,319,100,100,DECAYING,-3.1,11,7.4,-162,165,NO_GO,-1,8,false,0,120,true,30min,
backtest,2025-11-25,05:30,DP Soda Lakes,15,4.1,7.9,4.1,4.1,9.8,0,330,100,50,DECAYING,-7.6,13,11.3,-147,150,NO_GO,0,8,false,0,120,true,30min,
backtest,2025-11-25,05:45,DP Soda Lakes,15,4.1,7.9,4.1,4.1,9.8,0,330,100,50,DECAYING,-7.6,13,11.3,-132,135,NO_GO,0,8,false,0,120,true,30min,
backtest,2025-11-25,06:00,DP Soda Lakes,15,6.6,5.3,6.6,6.6,13.4,0,39,0,0,HOLDING,2.5,25,11.1,-117,120,NO_GO,0,8,false,0,120,true,30min,
backtest,2025-11-25,06:15,DP Soda Lakes,15,6.6,5.3,6.6,6.6,13.4,0,39,0,0,HOLDING,2.5,25,11.1,-102,105,NO_GO,0,8,false,0,120,true,30min,
backtest,2025-11-25,06:30,DP Soda Lakes,15,3.3,4.9,3.3,3.3,6.7,0,146,100,0,DECAYING,-3.3,31,6.9,-87,90,NO_GO,0,8,false,0,120,true,30min,
backtest,2025-11-25,06:45,DP Soda Lakes,15,3.3,4.9,3.3,3.3,6.7,0,146,100,0,DECAYING,-3.3,31,6.9,-72,75,NO_GO,0,8,false,0,120,true,30min,
backtest,2025-11-25,07:00,DP Soda Lakes,15,3.2,3.3,3.2,3.2,7.2,0,102,0,0,HOLDING,-0.1,36,7.3,-57,60,NO_GO,0,8,false,0,120,true,30min,
backtest,2025-11-26,05:00,DP Soda Lakes,15,2.4,3,2.4,2.4,6.5,0,328,100,50,HOLDING,-1.1,8,4.9,-178,180,NO_GO,0,8,false,0,0,false,30min,
backtest,2025-11-26,05:15,DP Soda Lakes,15,2.4,3,2.4,2.4,6.5,0,328,100,50,HOLDING,-1.1,8,4.9,-163,165,NO_GO,0,8,false,0,0,false,30min,
backtest,2025-11-26,05:30,DP Soda Lakes,15,2.8,2.6,2.8,2.8,7.6,0,312,100,50,HOLDING,0.4,4,4.7,-148,150,NO_GO,0,8,false,0,0,false,30min,
backtest,2025-11-26,05:45,DP Soda Lakes,15,2.8,2.6,2.8,2.8,7.6,0,312,100,50,HOLDING,0.4,4,4.7,-133,135,NO_GO,0,8,false,0,0,false,30min,
backtest,2025-11-26,06:00,DP Soda Lakes,15,2.9,2.8,2.9,2.9,10.5,0,289,100,100,HOLDING,0.1,4,3.2,-118,120,NO_GO,0,8,false,0,0,false,30min,
backtest,2025-11-26,06:15,DP Soda Lakes,15,2.9,2.8,2.9,2.9,10.5,0,289,100,100,HOLDING,0.1,4,3.2,-103,105,NO_GO,0,8,false,0,0,false,30min,
backtest,2025-11-26,06:30,DP Soda Lakes,15,2.1,2.5,2.1,2.1,7.6,0,337,0,50,HOLDING,-0.8,3,2.8,-88,90,NO_GO,0,8,false,0,0,false,30min,
backtest,2025-11-26,06:45,DP Soda Lakes,15,2.1,2.5,2.1,2.1,7.6,0,337,0,50,HOLDING,-0.8,3,2.8,-73,75,NO_GO,0,8,false,0,0,false,30min,
backtest,2025-11-26,07:00,DP Soda Lakes,15,5.4,3.8,5.4,5.4,9.6,0,42,100,0,BUILDING,3.3,4,2.6,-58,60,NO_GO,0,8,false,0,0,false,30min,
backtest,2025-11-27,05:00,DP Soda Lakes,15,2.5,2.9,2.5,2.5,8.7,0,200,0,0,HOLDING,-0.7,4,2.6,-179,180,NO_GO,0,8,false,0,0,false,30min,
backtest,2025-11-27,05:15,DP Soda Lakes,15,2.5,2.9,2.5,2.5,8.7,0,200,0,0,HOLDING,-0.7,4,2.6,-164,165,NO_GO,0,8,false,0,0,false,30min,
backtest,2025-11-27,05:30,DP Soda Lakes,15,7.1,4.8,7.1,7.1,19.7,0,253,100,0,BUILDING,4.6,-12,3.1,-149,150,NO_GO,0,8,false,0,0,false,30min,
backtest,2025-11-27,05:45,DP Soda Lakes,15,7.1,4.8,7.1,7.1,19.7,0,253,100,0,BUILDING,4.6,-12,3.1,-134,135,NO_GO,0,8,false,0,0,false,30min,
backtest,2025-11-27,06:00,DP Soda Lakes,15,3.6,5.3,3.6,3.6,9.8,0,197,0,0,DECAYING,-3.5,-4,2.5,-119,120,NO_GO,0,8,false,0,0,false,30min,
backtest,2025-11-27,06:15,DP Soda Lakes,15,3.6,5.3,3.6,3.6,9.8,0,197,0,0,DECAYING,-3.5,-4,2.5,-104,105,NO_GO,0,8,false,0,0,false,30min,
backtest,2025-11-27,06:30,DP Soda Lakes,15,3.6,3.6,3.6,3.6,10.3,0,91,100,0,HOLDING,0,-3,3,-89,90,NO_GO,0,8,false,0,0,false,30min,
backtest,2025-11-27,06:45,DP Soda Lakes,15,3.6,3.6,3.6,3.6,10.3,0,91,100,0,HOLDING,0,-3,3,-74,75,NO_GO,0,8,false,0,0,false,30min,
backtest,2025-11-27,07:00,DP Soda Lakes,15,4.6,4.1,4.6,4.6,13,0,357,0,50,HOLDING,1,-2,2.6,-59,60,NO_GO,0,8,false,0,0,false,30min,
backtest,2025-11-28,05:00,DP Soda Lakes,15,3.3,3.6,3.3,3.3,9.8,0,131,100,0,HOLDING,-0.7,6,3.1,-180,180,NO_GO,0,8,false,0,30,true,30min,
backtest,2025-11-28,05:15,DP Soda Lakes,15,3.3,3.6,3.3,3.3,9.8,0,131,100,0,HOLDING,-0.7,6,3.1,-165,165,NO_GO,0,8,false,0,30,true,30min,
backtest,2025-11-28,05:30,DP Soda Lakes,15,11.9,7.6,11.9,11.9,24.6,0,183,0,0,BUILDING,8.6,-10,2.7,-150,150,NO_GO,0,8,false,0,30,true,30min,
backtest,2025-11-28,05:45,DP Soda Lakes,15,11.9,7.6,11.9,11.9,24.6,0,183,0,0,BUILDING,8.6,-10,2.7,-135,135,NO_GO,0,8,false,0,30,true,30min,
backtest,2025-11-28,06:00,DP Soda Lakes,15,16,13.9,16,16,25.7,100,263,100,50,BUILDING,4.1,-20,2.8,-120,120,GO,5,8,false,0,30,true,30min,
backtest,2025-11-28,06:15,DP Soda Lakes,15,16,13.9,16,16,25.7,100,263,100,50,BUILDING,4.1,-20,2.8,-105,105,GO,5,8,false,0,30,true,30min,
backtest,2025-11-28,06:30,DP Soda Lakes,15,5.9,10.9,5.9,5.9,16.8,0,249,100,50,DECAYING,-10.1,-10,2.8,-90,90,NO_GO,0,8,false,0,30,true,30min,
backtest,2025-11-28,06:45,DP Soda Lakes,15,5.9,10.9,5.9,5.9,16.8,0,249,100,50,DECAYING,-10.1,-10,2.8,-75,75,NO_GO,0,8,false,0,30,true,30min,
backtest,2025-11-28,07:00,DP Soda Lakes,15,5.4,5.7,5.4,5.4,21,0,220,100,0,HOLDING,-0.5,-6,2.4,-60,60,NO_GO,0,8,false,0,30,true,30min,
backtest,2025-11-29,05:00,DP Soda Lakes,15,7.6,8.8,7.6,7.6,14.1,0,29,100,0,HOLDING,-2.4,2,4,-181,180,NO_GO,0,8,false,0,0,false,30min,
backtest,2025-11-29,05:15,DP Soda Lakes,15,7.6,8.8,7.6,7.6,14.1,0,29,100,0,HOLDING,-2.4,2,4,-166,165,NO_GO,0,8,false,0,0,false,30min,
backtest,2025-11-29,05:30,DP Soda Lakes,15,6.7,7.2,6.7,6.7,14.5,0,56,100,0,HOLDING,-0.9,5,5.4,-151,150,NO_GO,0,8,false,0,0,false,30min,
backtest,2025-11-29,05:45,DP Soda Lakes,15,6.7,7.2,6.7,6.7,14.5,0,56,100,0,HOLDING,-0.9,5,5.4,-136,135,NO_GO,0,8,false,0,0,false,30min,
backtest,2025-11-29,06:00,DP Soda Lakes,15,2.7,4.7,2.7,2.7,6,0,75,100,0,DECAYING,-4,9,4.8,-121,120,NO_GO,0,8,false,0,0,false,30min,
backtest,2025-11-29,06:15,DP Soda Lakes,15,2.7,4.7,2.7,2.7,6,0,75,100,0,DECAYING,-4,9,4.8,-106,105,NO_GO,0,8,false,0,0,false,30min,
backtest,2025-11-29,06:30,DP Soda Lakes,15,4.1,3.4,4.1,4.1,10.7,0,76,100,0,HOLDING,1.4,9,7.1,-91,90,NO_GO,0,8,false,0,0,false,30min,
backtest,2025-11-29,06:45,DP Soda Lakes,15,4.1,3.4,4.1,4.1,10.7,0,76,100,0,HOLDING,1.4,9,7.1,-76,75,NO_GO,0,8,false,0,0,false,30min,
backtest,2025-11-29,07:00,DP Soda Lakes,15,5.1,4.6,5.1,5.1,11,0,82,100,0,HOLDING,1,8,9.4,-61,60,NO_GO,0,8,false,0,0,false,30min,
backtest,2025-11-30,05:00,DP Soda Lakes,15,3,3.1,3,3,8.1,0,353,100,0,HOLDING,-0.2,3,4.7,-182,180,NO_GO,0,8,false,0,0,false,30min,
backtest,2025-11-30,05:15,DP Soda Lakes,15,3,3.1,3,3,8.1,0,353,100,0,HOLDING,-0.2,3,4.7,-167,165,NO_GO,0,8,false,0,0,false,30min,
backtest,2025-11-30,05:30,DP Soda Lakes,15,3.1,3,3.1,3.1,5.1,0,20,100,0,HOLDING,0.1,3,3.3,-152,150,NO_GO,0,8,false,0,0,false,30min,
backtest,2025-11-30,05:45,DP Soda Lakes,15,3.1,3,3.1,3.1,5.1,0,20,100,0,HOLDING,0.1,3,3.3,-137,135,NO_GO,0,8,false,0,0,false,30min,
backtest,2025-11-30,06:00,DP Soda Lakes,15,3.7,3.4,3.7,3.7,6,0,356,100,50,HOLDING,0.6,1,2.6,-122,120,NO_GO,0,8,false,0,0,false,30min,
backtest,2025-11-30,06:15,DP Soda Lakes,15,3.7,3.4,3.7,3.7,6,0,356,100,50,HOLDING,0.6,1,2.6,-107,105,NO_GO,0,8,false,0,0,false,30min,
backtest,2025-11-30,06:30,DP Soda Lakes,15,4.9,4.3,4.9,4.9,10.5,0,315,100,100,HOLDING,1.2,1,3.4,-92,90,NO_GO,0,8,false,0,0,false,30min,
backtest,2025-11-30,06:45,DP Soda Lakes,15,4.9,4.3,4.9,4.9,10.5,0,315,100,100,HOLDING,1.2,1,3.4,-77,75,NO_GO,0,8,false,0,0,false,30min,
backtest,2025-11-30,07:00,DP Soda Lakes,15,4.3,4.6,4.3,4.3,8.3,0,319,100,50,HOLDING,-0.6,-1,2.7,-62,60,NO_GO,0,8,false,0,0,false,30min,
backtest,2025-12-01,05:00,DP Soda Lakes,15,4.3,4.2,4.3,4.3,9.4,0,325,100,50,HOLDING,0.3,9,4.7,-183,180,NO_GO,0,8,false,0,0,false,30min,
backtest,2025-12-01,05:15,DP Soda Lakes,15,4.3,4.2,4.3,4.3,9.4,0,325,100,50,HOLDING,0.3,9,4.7,-168,165,NO_GO,0,8,false,0,0,false,30min,
backtest,2025-12-01,05:30,DP Soda Lakes,15,3.4,3.8,3.4,3.4,7.2,0,328,100,50,HOLDING,-0.9,9,3,-153,150,NO_GO,0,8,false,0,0,false,30min,
backtest,2025-12-01,05:45,DP Soda Lakes,15,3.4,3.8,3.4,3.4,7.2,0,328,100,50,HOLDING,-0.9,9,3,-138,135,NO_GO,0,8,false,0,0,false,30min,
backtest,2025-12-01,06:00,DP Soda Lakes,15,1.6,2.5,1.6,1.6,4.9,0,333,100,50,HOLDING,-1.8,10,4.8,-123,120,NO_GO,0,8,false,0,0,false,30min,
backtest,2025-12-01,06:15,DP Soda Lakes,15,1.6,2.5,1.6,1.6,4.9,0,333,100,50,HOLDING,-1.8,10,4.8,-108,105,NO_GO,0,8,false,0,0,false,30min,
backtest,2025-12-01,06:30,DP Soda Lakes,15,2.1,1.9,2.1,2.1,5.4,0,8,100,50,HOLDING,0.5,11,2.8,-93,90,NO_GO,0,8,false,0,0,false,30min,
backtest,2025-12-01,06:45,DP Soda Lakes,15,2.1,1.9,2.1,2.1,5.4,0,8,100,50,HOLDING,0.5,11,2.8,-78,75,NO_GO,0,8,false,0,0,false,30min,
backtest,2025-12-01,07:00,DP Soda Lakes,15,2.9,2.5,2.9,2.9,7.4,0,59,100,0,HOLDING,0.8,10,3,-63,60,NO_GO,0,8,false,0,0,false,30min,
backtest,2025-12-02,05:00,DP Soda Lakes,15,3.3,3.4,3.3,3.3,9.2,0,349,100,50,HOLDING,-0.2,-9,4,-184,180,NO_GO,0,8,false,0,0,false,30min,
backtest,2025-12-02,05:15,DP Soda Lakes,15,3.3,3.4,3.3,3.3,9.2,0,349,100,50,HOLDING,-0.2,-9,4,-169,165,NO_GO,0,8,false,0,0,false,30min,
backtest,2025-12-02,05:30,DP Soda Lakes,15,5.8,4.5,5.8,5.8,22.1,0,309,0,0,HOLDING,2.5,-9,4.5,-154,150,NO_GO,0,8,false,0,0,false,30min,
backtest,2025-12-02,05:45,DP Soda Lakes,15,5.8,4.5,5.8,5.8,22.1,0,309,0,0,HOLDING,2.5,-9,4.5,-139,135,NO_GO,0,8,false,0,0,false,30min,
backtest,2025-12-02,06:00,DP Soda Lakes,15,14.1,9.9,14.1,14.1,21.5,0,259,100,50,BUILDING,8.3,-15,3.6,-124,120,GO,4,8,false,0,0,false,30min,
backtest,2025-12-02,06:15,DP Soda Lakes,15,14.1,9.9,14.1,14.1,21.5,0,259,100,50,BUILDING,8.3,-15,3.6,-109,105,GO,4,8,false,0,0,false,30min,
backtest,2025-12-02,06:30,DP Soda Lakes,15,7.4,10.8,7.4,7.4,19.2,0,286,100,100,DECAYING,-6.7,-12,4.5,-94,90,NO_GO,0,8,false,0,0,false,30min,
backtest,2025-12-02,06:45,DP Soda Lakes,15,7.4,10.8,7.4,7.4,19.2,0,286,100,100,DECAYING,-6.7,-12,4.5,-79,75,NO_GO,0,8,false,0,0,false,30min,
backtest,2025-12-02,07:00,DP Soda Lakes,15,5.7,6.6,5.7,5.7,13.9,0,298,100,100,HOLDING,-1.7,-11,2.8,-64,60,NO_GO,0,8,false,0,0,false,30min,
backtest,2025-12-03,05:00,DP Soda Lakes,15,3.9,3.8,3.9,3.9,8.1,0,350,100,0,HOLDING,0.3,2,2.7,-185,180,NO_GO,0,8,false,0,0,false,30min,
backtest,2025-12-03,05:15,DP Soda Lakes,15,3.9,3.8,3.9,3.9,8.1,0,350,100,0,HOLDING,0.3,2,2.7,-170,165,NO_GO,0,8,false,0,0,false,30min,
backtest,2025-12-03,05:30,DP Soda Lakes,15,3.4,3.6,3.4,3.4,6.7,0,4,100,0,HOLDING,-0.5,2,3.3,-155,150,NO_GO,0,8,false,0,0,false,30min,
backtest,2025-12-03,05:45,DP Soda Lakes,15,3.4,3.6,3.4,3.4,6.7,0,4,100,0,HOLDING,-0.5,2,3.3,-140,135,NO_GO,0,8,false,0,0,false,30min,
backtest,2025-12-03,06:00,DP Soda Lakes,15,2.7,3,2.7,2.7,5.6,0,14,100,0,HOLDING,-0.7,3,2.3,-125,120,NO_GO,0,8,false,0,0,false,30min,
backtest,2025-12-03,06:15,DP Soda Lakes,15,2.7,3,2.7,2.7,5.6,0,14,100,0,HOLDING,-0.7,3,2.3,-110,105,NO_GO,0,8,false,0,0,false,30min,
backtest,2025-12-03,06:30,DP Soda Lakes,15,3.1,2.9,3.1,3.1,6,0,24,100,0,HOLDING,0.4,3,3,-95,90,NO_GO,0,8,false,0,0,false,30min,
backtest,2025-12-03,06:45,DP Soda Lakes,15,3.1,2.9,3.1,3.1,6,0,24,100,0,HOLDING,0.4,3,3,-80,75,NO_GO,0,8,false,0,0,false,30min,
backtest,2025-12-03,07:00,DP Soda Lakes,15,2.8,3,2.8,2.8,5.1,0,40,100,0,HOLDING,-0.3,3,2.3,-65,60,NO_GO,0,8,false,0,0,false,30min,
backtest,2025-12-04,05:00,DP Soda Lakes,15,16.3,16.4,16.3,16.3,24.6,100,276,100,100,HOLDING,-0.2,-9,1.4,-186,180,GO,6,8,true,30,420,false,30min,
backtest,2025-12-04,05:15,DP Soda Lakes,15,16.3,16.4,16.3,16.3,24.6,100,276,100,100,HOLDING,-0.2,-9,1.4,-171,165,GO,6,8,true,30,420,false,30min,
backtest,2025-12-04,05:30,DP Soda Lakes,15,16.4,16.4,16.4,16.4,25.5,100,275,100,100,HOLDING,0.1,-10,1.5,-156,150,GO,6,8,true,30,420,false,30min,
backtest,2025-12-04,05:45,DP Soda Lakes,15,16.4,16.4,16.4,16.4,25.5,100,275,100,100,HOLDING,0.1,-10,1.5,-141,135,GO,6,8,true,30,420,false,30min,
backtest,2025-12-04,06:00,DP Soda Lakes,15,17.7,17,17.7,17.7,28,100,276,100,100,HOLDING,1.3,-11,1.4,-126,120,GO,6,8,true,30,420,false,30min,
backtest,2025-12-04,06:15,DP Soda Lakes,15,17.7,17,17.7,17.7,28,100,276,100,100,HOLDING,1.3,-11,1.4,-111,105,GO,6,8,true,30,420,false,30min,
backtest,2025-12-04,06:30,DP Soda Lakes,15,17.4,17.5,17.4,17.4,24.6,100,278,100,100,HOLDING,-0.3,-11,1.5,-96,90,GO,6,8,true,30,420,false,30min,
backtest,2025-12-04,06:45,DP Soda Lakes,15,17.4,17.5,17.4,17.4,24.6,100,278,100,100,HOLDING,-0.3,-11,1.5,-81,75,GO,6,8,true,30,420,false,30min,
backtest,2025-12-04,07:00,DP Soda Lakes,15,16.2,16.8,16.2,16.2,25.3,100,278,100,100,HOLDING,-1.2,-11,1.2,-66,60,GO,6,8,true,30,420,false,30min,
backtest,2025-12-05,05:00,DP Soda Lakes,15,4.1,3.7,4.1,4.1,12.3,0,296,100,100,HOLDING,0.8,-5,5.2,-187,180,NO_GO,0,8,false,0,0,false,30min,
backtest,2025-12-05,05:15,DP Soda Lakes,15,4.1,3.7,4.1,4.1,12.3,0,296,100,100,HOLDING,0.8,-5,5.2,-172,165,NO_GO,0,8,false,0,0,false,30min,
backtest,2025-12-05,05:30,DP Soda Lakes,15,3,3.5,3,3,8.7,0,254,100,50,HOLDING,-1.1,0,10.6,-157,150,NO_GO,0,8,false,0,0,false,30min,
backtest,2025-12-05,05:45,DP Soda Lakes,15,3,3.5,3,3,8.7,0,254,100,50,HOLDING,-1.1,0,10.6,-142,135,NO_GO,0,8,false,0,0,false,30min,
backtest,2025-12-05,06:00,DP Soda Lakes,15,5.6,4.3,5.6,5.6,17.4,0,253,100,50,HOLDING,2.6,-4,13.7,-127,120,NO_GO,0,8,false,0,0,false,30min,
backtest,2025-12-05,06:15,DP Soda Lakes,15,5.6,4.3,5.6,5.6,17.4,0,253,100,50,HOLDING,2.6,-4,13.7,-112,105,NO_GO,0,8,false,0,0,false,30min,
backtest,2025-12-05,06:30,DP Soda Lakes,15,4,4.8,4,4,15.4,0,282,100,100,HOLDING,-1.6,-3,15.6,-97,90,NO_GO,0,8,false,0,0,false,30min,
backtest,2025-12-05,06:45,DP Soda Lakes,15,4,4.8,4,4,15.4,0,282,100,100,HOLDING,-1.6,-3,15.6,-82,75,NO_GO,0,8,false,0,0,false,30min,
backtest,2025-12-05,07:00,DP Soda Lakes,15,4.2,4.1,4.2,4.2,11.4,0,286,100,100,HOLDING,0.2,-5,13,-67,60,NO_GO,0,8,false,0,0,false,30min,
backtest,2025-12-06,05:00,DP Soda Lakes,15,4.9,7.8,4.9,4.9,15.7,0,95,0,0,DECAYING,-5.7,-9,15.4,-188,180,NO_GO,0,8,false,0,0,false,30min,
backtest,2025-12-06,05:15,DP Soda Lakes,15,4.9,7.8,4.9,4.9,15.7,0,95,0,0,DECAYING,-5.7,-9,15.4,-173,165,NO_GO,0,8,false,0,0,false,30min,
backtest,2025-12-06,05:30,DP Soda Lakes,15,6.9,5.9,6.9,6.9,16.3,0,151,100,0,HOLDING,2,-9,19,-158,150,NO_GO,0,8,false,0,0,false,30min,
backtest,2025-12-06,05:45,DP Soda Lakes,15,6.9,5.9,6.9,6.9,16.3,0,151,100,0,HOLDING,2,-9,19,-143,135,NO_GO,0,8,false,0,0,false,30min,
backtest,2025-12-06,06:00,DP Soda Lakes,15,5.7,6.3,5.7,5.7,13.9,0,155,100,0,HOLDING,-1.2,-9,7.3,-128,120,NO_GO,0,8,false,0,0,false,30min,
backtest,2025-12-06,06:15,DP Soda Lakes,15,5.7,6.3,5.7,5.7,13.9,0,155,100,0,HOLDING,-1.2,-9,7.3,-113,105,NO_GO,0,8,false,0,0,false,30min,
backtest,2025-12-06,06:30,DP Soda Lakes,15,4.5,5.1,4.5,4.5,9.6,0,205,100,0,HOLDING,-1.2,-8,9.5,-98,90,NO_GO,0,8,false,0,0,false,30min,
backtest,2025-12-06,06:45,DP Soda Lakes,15,4.5,5.1,4.5,4.5,9.6,0,205,100,0,HOLDING,-1.2,-8,9.5,-83,75,NO_GO,0,8,false,0,0,false,30min,
backtest,2025-12-06,07:00,DP Soda Lakes,15,4.6,4.5,4.6,4.6,14.3,0,274,100,50,HOLDING,0.1,-3,4.6,-68,60,NO_GO,0,8,false,0,0,false,30min,
backtest,2025-12-07,05:00,DP Soda Lakes,15,5.6,4.8,5.6,5.6,20.4,0,286,100,100,HOLDING,1.6,1,4.3,-188,180,NO_GO,0,8,true,30,0,false,30min,
backtest,2025-12-07,05:15,DP Soda Lakes,15,5.6,4.8,5.6,5.6,20.4,0,286,100,100,HOLDING,1.6,1,4.3,-173,165,NO_GO,0,8,true,30,0,false,30min,
backtest,2025-12-07,05:30,DP Soda Lakes,15,8.5,7,8.5,8.5,16.1,0,291,100,100,HOLDING,2.9,-4,3.6,-158,150,NO_GO,0,8,true,30,0,false,30min,
backtest,2025-12-07,05:45,DP Soda Lakes,15,8.5,7,8.5,8.5,16.1,0,291,100,100,HOLDING,2.9,-4,3.6,-143,135,NO_GO,0,8,true,30,0,false,30min,
backtest,2025-12-07,06:00,DP Soda Lakes,15,7.2,7.8,7.2,7.2,14.5,0,306,100,100,HOLDING,-1.3,0,4.5,-128,120,NO_GO,0,8,true,30,0,false,30min,
backtest,2025-12-07,06:15,DP Soda Lakes,15,7.2,7.8,7.2,7.2,14.5,0,306,100,100,HOLDING,-1.3,0,4.5,-113,105,NO_GO,0,8,true,30,0,false,30min,
backtest,2025-12-07,06:30,DP Soda Lakes,15,9,8.1,9,9,15.7,0,302,100,100,HOLDING,1.8,-1,3.9,-98,90,MARGINAL,2,8,true,30,0,false,30min,
backtest,2025-12-07,06:45,DP Soda Lakes,15,9,8.1,9,9,15.7,0,302,100,100,HOLDING,1.8,-1,3.9,-83,75,MARGINAL,2,8,true,30,0,false,30min,
backtest,2025-12-07,07:00,DP Soda Lakes,15,6.8,7.9,6.8,6.8,12.5,0,309,100,100,HOLDING,-2.2,2,3.2,-68,60,NO_GO,0,8,true,30,0,false,30min,
backtest,2025-12-08,05:00,DP Soda Lakes,15,5.3,5.5,5.3,5.3,12.5,0,17,0,50,HOLDING,-0.4,-4,5.5,-189,180,NO_GO,0,8,true,90,30,false,30min,
backtest,2025-12-08,05:15,DP Soda Lakes,15,5.3,5.5,5.3,5.3,12.5,0,17,0,50,HOLDING,-0.4,-4,5.5,-174,165,NO_GO,0,8,true,90,30,false,30min,
backtest,2025-12-08,05:30,DP Soda Lakes,15,6.4,5.8,6.4,6.4,28.4,0,285,100,50,HOLDING,1.1,-5,7.4,-159,150,NO_GO,0,8,true,90,30,false,30min,
backtest,2025-12-08,05:45,DP Soda Lakes,15,6.4,5.8,6.4,6.4,28.4,0,285,100,50,HOLDING,1.1,-5,7.4,-144,135,NO_GO,0,8,true,90,30,false,30min,
backtest,2025-12-08,06:00,DP Soda Lakes,15,3.8,5.1,3.8,3.8,10.5,0,231,100,0,HOLDING,-2.6,-4,13.2,-129,120,NO_GO,0,8,true,90,30,false,30min,
backtest,2025-12-08,06:15,DP Soda Lakes,15,3.8,5.1,3.8,3.8,10.5,0,231,100,0,HOLDING,-2.6,-4,13.2,-114,105,NO_GO,0,8,true,90,30,false,30min,
backtest,2025-12-08,06:30,DP Soda Lakes,15,15.5,9.7,15.5,15.5,32.4,100,250,0,50,BUILDING,11.7,-11,22.7,-99,90,MARGINAL,3,8,true,90,30,false,30min,
backtest,2025-12-08,06:45,DP Soda Lakes,15,15.5,9.7,15.5,15.5,32.4,100,250,0,50,BUILDING,11.7,-11,22.7,-84,75,MARGINAL,3,8,true,90,30,false,30min,
backtest,2025-12-08,07:00,DP Soda Lakes,15,9.5,12.5,9.5,9.5,27.7,0,297,100,100,DECAYING,-6,-12,16.4,-69,60,NO_GO,0,8,true,90,30,false,30min,
backtest,2025-12-09,05:00,DP Soda Lakes,15,9.8,7.5,9.8,9.8,35.3,0,4,0,50,BUILDING,4.6,1,14.8,-190,180,NO_GO,-1,8,true,90,60,false,30min,
backtest,2025-12-09,05:15,DP Soda Lakes,15,9.8,7.5,9.8,9.8,35.3,0,4,0,50,BUILDING,4.6,1,14.8,-175,165,NO_GO,-1,8,true,90,60,false,30min,
backtest,2025-12-09,05:30,DP Soda Lakes,15,19,14.4,19,19,36.9,100,309,100,100,BUILDING,9.2,-10,18.7,-160,150,GO,5,8,true,90,60,false,30min,
backtest,2025-12-09,05:45,DP Soda Lakes,15,19,14.4,19,19,36.9,100,309,100,100,BUILDING,9.2,-10,18.7,-145,135,GO,5,8,true,90,60,false,30min,
backtest,2025-12-09,06:00,DP Soda Lakes,15,16.5,17.8,16.5,16.5,34.2,100,332,100,50,HOLDING,-2.5,-11,19.3,-130,120,MARGINAL,2,8,true,90,60,false,30min,
backtest,2025-12-09,06:15,DP Soda Lakes,15,16.5,17.8,16.5,16.5,34.2,100,332,100,50,HOLDING,-2.5,-11,19.3,-115,105,MARGINAL,2,8,true,90,60,false,30min,
backtest,2025-12-09,06:30,DP Soda Lakes,15,10.9,13.7,10.9,10.9,25.9,0,326,100,50,DECAYING,-5.6,-10,21.2,-100,90,NO_GO,-2,8,true,90,60,false,30min,
backtest,2025-12-09,06:45,DP Soda Lakes,15,10.9,13.7,10.9,10.9,25.9,0,326,100,50,DECAYING,-5.6,-10,21.2,-85,75,NO_GO,-2,8,true,90,60,false,30min,
backtest,2025-12-09,07:00,DP Soda Lakes,15,13.9,12.4,13.9,13.9,33.5,0,309,100,100,HOLDING,3,-10,23,-70,60,MARGINAL,3,8,true,90,60,false,30min,
backtest,2025-12-10,05:00,DP Soda Lakes,15,6.7,6.7,6.7,6.7,12.5,0,162,100,0,HOLDING,0,0,6,-191,180,NO_GO,0,8,false,0,0,false,30min,
backtest,2025-12-10,05:15,DP Soda Lakes,15,6.7,6.7,6.7,6.7,12.5,0,162,100,0,HOLDING,0,0,6,-176,165,NO_GO,0,8,false,0,0,false,30min,
backtest,2025-12-10,05:30,DP Soda Lakes,15,6.9,6.8,6.9,6.9,13.9,0,161,100,0,HOLDING,0.2,-1,6.4,-161,150,NO_GO,0,8,false,0,0,false,30min,
backtest,2025-12-10,05:45,DP Soda Lakes,15,6.9,6.8,6.9,6.9,13.9,0,161,100,0,HOLDING,0.2,-1,6.4,-146,135,NO_GO,0,8,false,0,0,false,30min,
backtest,2025-12-10,06:00,DP Soda Lakes,15,5,6,5,5,11,0,137,100,0,HOLDING,-1.9,-2,7.6,-131,120,NO_GO,0,8,false,0,0,false,30min,
backtest,2025-12-10,06:15,DP Soda Lakes,15,5,6,5,5,11,0,137,100,0,HOLDING,-1.9,-2,7.6,-116,105,NO_GO,0,8,false,0,0,false,30min,
backtest,2025-12-10,06:30,DP Soda Lakes,15,2.8,3.9,2.8,2.8,5.8,0,184,0,0,HOLDING,-2.2,0,5.9,-101,90,NO_GO,0,8,false,0,0,false,30min,
backtest,2025-12-10,06:45,DP Soda Lakes,15,2.8,3.9,2.8,2.8,5.8,0,184,0,0,HOLDING,-2.2,0,5.9,-86,75,NO_GO,0,8,false,0,0,false,30min,
backtest,2025-12-10,07:00,DP Soda Lakes,15,3.1,3,3.1,3.1,6,0,208,0,0,HOLDING,0.3,-2,4.4,-71,60,NO_GO,0,8,false,0,0,false,30min,
backtest,2025-12-11,05:00,DP Soda Lakes,15,11.3,10.7,11.3,11.3,21.2,0,257,0,50,HOLDING,1.3,6,10.8,-192,180,NO_GO,-3,8,true,30,60,false,30min,
backtest,2025-12-11,05:15,DP Soda Lakes,15,11.3,10.7,11.3,11.3,21.2,0,257,0,50,HOLDING,1.3,6,10.8,-177,165,NO_GO,-3,8,true,30,60,false,30min,
backtest,2025-12-11,05:30,DP Soda Lakes,15,8.7,10,8.7,8.7,15.7,0,213,100,0,HOLDING,-2.6,4,6.8,-162,150,NO_GO,0,8,true,30,60,false,30min,
backtest,2025-12-11,05:45,DP Soda Lakes,15,8.7,10,8.7,8.7,15.7,0,213,100,0,HOLDING,-2.6,4,6.8,-147,135,NO_GO,0,8,true,30,60,false,30min,
backtest,2025-12-11,06:00,DP Soda Lakes,15,4.3,6.5,4.3,4.3,10.1,0,228,100,0,DECAYING,-4.4,10,4.6,-132,120,NO_GO,0,8,true,30,60,false,30min,
backtest,2025-12-11,06:15,DP Soda Lakes,15,4.3,6.5,4.3,4.3,10.1,0,228,100,0,DECAYING,-4.4,10,4.6,-117,105,NO_GO,0,8,true,30,60,false,30min,
backtest,2025-12-11,06:30,DP Soda Lakes,15,4.2,4.3,4.2,4.2,11,0,276,100,50,HOLDING,-0.1,13,4.2,-102,90,NO_GO,0,8,true,30,60,false,30min,
backtest,2025-12-11,06:45,DP Soda Lakes,15,4.2,4.3,4.2,4.2,11,0,276,100,50,HOLDING,-0.1,13,4.2,-87,75,NO_GO,0,8,true,30,60,false,30min,
backtest,2025-12-11,07:00,DP Soda Lakes,15,7.5,5.8,7.5,7.5,16.3,0,255,0,50,BUILDING,3.3,9,6.7,-72,60,NO_GO,0,8,true,30,60,false,30min,
backtest,2025-12-12,05:00,DP Soda Lakes,15,7.2,6.1,7.2,7.2,13.4,0,290,100,100,HOLDING,2.3,6,5.4,-193,180,NO_GO,0,8,false,0,90,true,30min,
backtest,2025-12-12,05:15,DP Soda Lakes,15,7.2,6.1,7.2,7.2,13.4,0,290,100,100,HOLDING,2.3,6,5.4,-178,165,NO_GO,0,8,false,0,90,true,30min,
backtest,2025-12-12,05:30,DP Soda Lakes,15,6.5,6.8,6.5,6.5,15.9,0,292,100,100,HOLDING,-0.7,10,4.7,-163,150,NO_GO,0,8,false,0,90,true,30min,
backtest,2025-12-12,05:45,DP Soda Lakes,15,6.5,6.8,6.5,6.5,15.9,0,292,100,100,HOLDING,-0.7,10,4.7,-148,135,NO_GO,0,8,false,0,90,true,30min,
backtest,2025-12-12,06:00,DP Soda Lakes,15,3.7,5.1,3.7,3.7,9.6,0,285,100,100,HOLDING,-2.8,14,4.1,-133,120,NO_GO,0,8,false,0,90,true,30min,
backtest,2025-12-12,06:15,DP Soda Lakes,15,3.7,5.1,3.7,3.7,9.6,0,285,100,100,HOLDING,-2.8,14,4.1,-118,105,NO_GO,0,8,false,0,90,true,30min,
backtest,2025-12-12,06:30,DP Soda Lakes,15,4.3,4,4.3,4.3,9.6,0,279,100,100,HOLDING,0.6,15,3.6,-103,90,NO_GO,0,8,false,0,90,true,30min,
backtest,2025-12-12,06:45,DP Soda Lakes,15,4.3,4,4.3,4.3,9.6,0,279,100,100,HOLDING,0.6,15,3.6,-88,75,NO_GO,0,8,false,0,90,true,30min,
backtest,2025-12-12,07:00,DP Soda Lakes,15,4.6,4.4,4.6,4.6,15.7,0,295,100,100,HOLDING,0.3,17,4.9,-73,60,NO_GO,0,8,false,0,90,true,30min,
backtest,2025-12-13,05:00,DP Soda Lakes,15,9.8,10.9,9.8,9.8,16.6,0,292,100,100,HOLDING,-2.1,5,10.5,-193,180,NO_GO,-1,8,true,60,30,false,30min,
backtest,2025-12-13,05:15,DP Soda Lakes,15,9.8,10.9,9.8,9.8,16.6,0,292,100,100,HOLDING,-2.1,5,10.5,-178,165,NO_GO,-1,8,true,60,30,false,30min,
backtest,2025-12-13,05:30,DP Soda Lakes,15,4.4,7.1,4.4,4.4,14.5,0,218,0,50,DECAYING,-5.4,5,9.4,-163,150,NO_GO,0,8,true,60,30,false,30min,
backtest,2025-12-13,05:45,DP Soda Lakes,15,4.4,7.1,4.4,4.4,14.5,0,218,0,50,DECAYING,-5.4,5,9.4,-148,135,NO_GO,0,8,true,60,30,false,30min,
backtest,2025-12-13,06:00,DP Soda Lakes,15,8.2,6.3,8.2,8.2,29.1,0,209,0,0,BUILDING,3.8,4,9.9,-133,120,NO_GO,0,8,true,60,30,false,30min,
backtest,2025-12-13,06:15,DP Soda Lakes,15,8.2,6.3,8.2,8.2,29.1,0,209,0,0,BUILDING,3.8,4,9.9,-118,105,NO_GO,0,8,true,60,30,false,30min,
backtest,2025-12-13,06:30,DP Soda Lakes,15,15.5,11.8,15.5,15.5,31.5,100,271,100,50,BUILDING,7.3,3,10.8,-103,90,MARGINAL,3,8,true,60,30,false,30min,
backtest,2025-12-13,06:45,DP Soda Lakes,15,15.5,11.8,15.5,15.5,31.5,100,271,100,50,BUILDING,7.3,3,10.8,-88,75,MARGINAL,3,8,true,60,30,false,30min,
backtest,2025-12-13,07:00,DP Soda Lakes,15,11.9,13.7,11.9,11.9,26.2,0,277,100,50,DECAYING,-3.6,1,7.1,-73,60,NO_GO,-2,8,true,60,30,false,30min,
backtest,2025-12-14,05:00,DP Soda Lakes,15,2.5,2.1,2.5,2.5,9.2,0,290,100,100,HOLDING,0.8,8,2.3,-194,180,NO_GO,0,8,true,150,90,false,30min,
backtest,2025-12-14,05:15,DP Soda Lakes,15,2.5,2.1,2.5,2.5,9.2,0,290,100,100,HOLDING,0.8,8,2.3,-179,165,NO_GO,0,8,true,150,90,false,30min,
backtest,2025-12-14,05:30,DP Soda Lakes,15,2.8,2.6,2.8,2.8,9.2,0,326,100,50,HOLDING,0.3,7,2,-164,150,NO_GO,0,8,true,150,90,false,30min,
backtest,2025-12-14,05:45,DP Soda Lakes,15,2.8,2.6,2.8,2.8,9.2,0,326,100,50,HOLDING,0.3,7,2,-149,135,NO_GO,0,8,true,150,90,false,30min,
backtest,2025-12-14,06:00,DP Soda Lakes,15,7.1,4.9,7.1,7.1,25.3,0,333,100,50,BUILDING,4.3,-4,3.3,-134,120,NO_GO,0,8,true,150,90,false,30min,
backtest,2025-12-14,06:15,DP Soda Lakes,15,7.1,4.9,7.1,7.1,25.3,0,333,100,50,BUILDING,4.3,-4,3.3,-119,105,NO_GO,0,8,true,150,90,false,30min,
backtest,2025-12-14,06:30,DP Soda Lakes,15,18.8,12.9,18.8,18.8,29.1,100,290,100,50,BUILDING,11.7,-39,2.7,-104,90,GO,5,8,true,150,90,false,30min,
backtest,2025-12-14,06:45,DP Soda Lakes,15,18.8,12.9,18.8,18.8,29.1,100,290,100,50,BUILDING,11.7,-39,2.7,-89,75,GO,5,8,true,150,90,false,30min,
backtest,2025-12-14,07:00,DP Soda Lakes,15,19.8,19.3,19.8,19.8,30,100,267,100,0,HOLDING,1,-40,2.7,-74,60,MARGINAL,2,8,true,150,90,false,30min,
backtest,2025-12-15,05:00,DP Soda Lakes,15,6,5.5,6,6,16.6,0,277,100,100,HOLDING,1.1,-4,4.6,-195,180,NO_GO,0,8,true,90,0,false,30min,
backtest,2025-12-15,05:15,DP Soda Lakes,15,6,5.5,6,6,16.6,0,277,100,100,HOLDING,1.1,-4,4.6,-180,165,NO_GO,0,8,true,90,0,false,30min,
backtest,2025-12-15,05:30,DP Soda Lakes,15,5.1,5.5,5.1,5.1,13.7,0,279,100,100,HOLDING,-0.9,-1,3.2,-165,150,NO_GO,0,8,true,90,0,false,30min,
backtest,2025-12-15,05:45,DP Soda Lakes,15,5.1,5.5,5.1,5.1,13.7,0,279,100,100,HOLDING,-0.9,-1,3.2,-150,135,NO_GO,0,8,true,90,0,false,30min,
backtest,2025-12-15,06:00,DP Soda Lakes,15,9.5,7.3,9.5,9.5,21.7,0,278,100,100,BUILDING,4.4,-5,2.5,-135,120,GO,4,8,true,90,0,false,30min,
backtest,2025-12-15,06:15,DP Soda Lakes,15,9.5,7.3,9.5,9.5,21.7,0,278,100,100,BUILDING,4.4,-5,2.5,-120,105,GO,4,8,true,90,0,false,30min,
backtest,2025-12-15,06:30,DP Soda Lakes,15,6.7,8.1,6.7,6.7,19.2,0,276,100,100,HOLDING,-2.8,-6,3,-105,90,NO_GO,0,8,true,90,0,false,30min,
backtest,2025-12-15,06:45,DP Soda Lakes,15,6.7,8.1,6.7,6.7,19.2,0,276,100,100,HOLDING,-2.8,-6,3,-90,75,NO_GO,0,8,true,90,0,false,30min,
backtest,2025-12-15,07:00,DP Soda Lakes,15,4,5.3,4,4,10.3,0,279,100,100,HOLDING,-2.7,-6,4.2,-75,60,NO_GO,0,8,true,90,0,false,30min,
backtest,2025-12-16,05:00,DP Soda Lakes,15,17.8,18.5,17.8,17.8,39.1,100,292,100,100,HOLDING,-1.3,-11,6.5,-195,180,GO,6,8,true,210,240,false,30min,
backtest,2025-12-16,05:15,DP Soda Lakes,15,17.8,18.5,17.8,17.8,39.1,100,292,100,100,HOLDING,-1.3,-11,6.5,-180,165,GO,6,8,true,210,240,false,30min,
backtest,2025-12-16,05:30,DP Soda Lakes,15,20.5,19.1,20.5,20.5,38.7,100,290,100,100,HOLDING,2.7,-10,7.1,-165,150,GO,6,8,true,210,240,false,30min,
backtest,2025-12-16,05:45,DP Soda Lakes,15,20.5,19.1,20.5,20.5,38.7,100,290,100,100,HOLDING,2.7,-10,7.1,-150,135,GO,6,8,true,210,240,false,30min,
backtest,2025-12-16,06:00,DP Soda Lakes,15,24.7,22.6,24.7,24.7,46.5,100,285,100,100,BUILDING,4.2,-10,11.6,-135,120,GO,7,8,true,210,240,false,30min,
backtest,2025-12-16,06:15,DP Soda Lakes,15,24.7,22.6,24.7,24.7,46.5,100,285,100,100,BUILDING,4.2,-10,11.6,-120,105,GO,7,8,true,210,240,false,30min,
backtest,2025-12-16,06:30,DP Soda Lakes,15,28.3,26.5,28.3,28.3,45.2,100,283,100,100,BUILDING,3.6,-9,6.7,-105,90,GO,7,8,true,210,240,false,30min,
backtest,2025-12-16,06:45,DP Soda Lakes,15,28.3,26.5,28.3,28.3,45.2,100,283,100,100,BUILDING,3.6,-9,6.7,-90,75,GO,7,8,true,210,240,false,30min,
backtest,2025-12-16,07:00,DP Soda Lakes,15,21.8,25.1,21.8,21.8,42,100,282,100,100,DECAYING,-6.5,-5,4.7,-75,60,GO,5,8,true,210,240,false,30min,
backtest,2025-12-17,05:00,DP Soda Lakes,15,4.2,6,4.2,4.2,12.1,0,273,100,100,DECAYING,-3.5,3,4.3,-196,180,NO_GO,0,8,false,0,150,true,30min,
backtest,2025-12-17,05:15,DP Soda Lakes,15,4.2,6,4.2,4.2,12.1,0,273,100,100,DECAYING,-3.5,3,4.3,-181,165,NO_GO,0,8,false,0,150,true,30min,
backtest,2025-12-17,05:30,DP Soda Lakes,15,5.5,4.8,5.5,5.5,18.1,0,286,100,100,HOLDING,1.3,5,4.2,-166,150,NO_GO,0,8,false,0,150,true,30min,
backtest,2025-12-17,05:45,DP Soda Lakes,15,5.5,4.8,5.5,5.5,18.1,0,286,100,100,HOLDING,1.3,5,4.2,-151,135,NO_GO,0,8,false,0,150,true,30min,
backtest,2025-12-17,06:00,DP Soda Lakes,15,6.5,6,6.5,6.5,19.7,0,293,100,100,HOLDING,1,3,3.1,-136,120,NO_GO,0,8,false,0,150,true,30min,
backtest,2025-12-17,06:15,DP Soda Lakes,15,6.5,6,6.5,6.5,19.7,0,293,100,100,HOLDING,1,3,3.1,-121,105,NO_GO,0,8,false,0,150,true,30min,
backtest,2025-12-17,06:30,DP Soda Lakes,15,5.7,6.1,5.7,5.7,17.9,0,275,100,50,HOLDING,-0.8,5,3.2,-106,90,NO_GO,0,8,false,0,150,true,30min,
backtest,2025-12-17,06:45,DP Soda Lakes,15,5.7,6.1,5.7,5.7,17.9,0,275,100,50,HOLDING,-0.8,5,3.2,-91,75,NO_GO,0,8,false,0,150,true,30min,
backtest,2025-12-17,07:00,DP Soda Lakes,15,11,8.3,11,11,22.8,0,271,100,50,BUILDING,5.3,4,3.6,-76,60,MARGINAL,1,8,false,0,150,true,30min,
backtest,2025-12-19,05:00,DP Soda Lakes,15,7.4,7.7,7.4,7.4,17.9,0,180,100,0,HOLDING,-0.6,-7,4.9,-197,180,NO_GO,0,8,false,0,30,true,30min,
backtest,2025-12-19,05:15,DP Soda Lakes,15,7.4,7.7,7.4,7.4,17.9,0,180,100,0,HOLDING,-0.6,-7,4.9,-182,165,NO_GO,0,8,false,0,30,true,30min,
backtest,2025-12-19,05:30,DP Soda Lakes,15,7.9,7.7,7.9,7.9,19.2,0,244,0,50,HOLDING,0.5,-5,5.4,-167,150,NO_GO,0,8,false,0,30,true,30min,
backtest,2025-12-19,05:45,DP Soda Lakes,15,7.9,7.7,7.9,7.9,19.2,0,244,0,50,HOLDING,0.5,-5,5.4,-152,135,NO_GO,0,8,false,0,30,true,30min,
backtest,2025-12-19,06:00,DP Soda Lakes,15,7.3,7.6,7.3,7.3,20.1,0,292,100,100,HOLDING,-0.6,-4,5.3,-137,120,NO_GO,0,8,false,0,30,true,30min,
backtest,2025-12-19,06:15,DP Soda Lakes,15,7.3,7.6,7.3,7.3,20.1,0,292,100,100,HOLDING,-0.6,-4,5.3,-122,105,NO_GO,0,8,false,0,30,true,30min,
backtest,2025-12-19,06:30,DP Soda Lakes,15,5.6,6.4,5.6,5.6,17.7,0,269,100,50,HOLDING,-1.7,-4,7.1,-107,90,NO_GO,0,8,false,0,30,true,30min,
backtest,2025-12-19,06:45,DP Soda Lakes,15,5.6,6.4,5.6,5.6,17.7,0,269,100,50,HOLDING,-1.7,-4,7.1,-92,75,NO_GO,0,8,false,0,30,true,30min,
backtest,2025-12-19,07:00,DP Soda Lakes,15,5.6,5.6,5.6,5.6,12.3,0,223,100,0,HOLDING,0,-6,6.6,-77,60,NO_GO,0,8,false,0,30,true,30min,
backtest,2025-12-21,05:00,DP Soda Lakes,15,3.4,4.5,3.4,3.4,11.4,0,282,100,100,HOLDING,-2.1,0,4.2,-198,180,NO_GO,0,8,true,30,0,false,30min,
backtest,2025-12-21,05:15,DP Soda Lakes,15,3.4,4.5,3.4,3.4,11.4,0,282,100,100,HOLDING,-2.1,0,4.2,-183,165,NO_GO,0,8,true,30,0,false,30min,
backtest,2025-12-21,05:30,DP Soda Lakes,15,5.6,4.5,5.6,5.6,14.1,0,286,100,100,HOLDING,2.2,-2,3.4,-168,150,NO_GO,0,8,true,30,0,false,30min,
backtest,2025-12-21,05:45,DP Soda Lakes,15,5.6,4.5,5.6,5.6,14.1,0,286,100,100,HOLDING,2.2,-2,3.4,-153,135,NO_GO,0,8,true,30,0,false,30min,
backtest,2025-12-21,06:00,DP Soda Lakes,15,8.2,6.9,8.2,8.2,16.8,0,301,100,100,HOLDING,2.6,-1,3.6,-138,120,NO_GO,0,8,true,30,0,false,30min,
backtest,2025-12-21,06:15,DP Soda Lakes,15,8.2,6.9,8.2,8.2,16.8,0,301,100,100,HOLDING,2.6,-1,3.6,-123,105,NO_GO,0,8,true,30,0,false,30min,
backtest,2025-12-21,06:30,DP Soda Lakes,15,4.3,6.3,4.3,4.3,12.3,0,294,100,100,DECAYING,-3.9,2,3,-108,90,NO_GO,0,8,true,30,0,false,30min,
backtest,2025-12-21,06:45,DP Soda Lakes,15,4.3,6.3,4.3,4.3,12.3,0,294,100,100,DECAYING,-3.9,2,3,-93,75,NO_GO,0,8,true,30,0,false,30min,
backtest,2025-12-21,07:00,DP Soda Lakes,15,3.7,4,3.7,3.7,11.2,0,209,0,50,HOLDING,-0.6,0,2.5,-78,60,NO_GO,0,8,true,30,0,false,30min,
backtest,2025-12-22,05:00,DP Soda Lakes,15,3.7,4.8,3.7,3.7,9.4,0,274,100,50,HOLDING,-2.3,4,2.8,-199,180,NO_GO,0,8,false,0,0,false,30min,
backtest,2025-12-22,05:15,DP Soda Lakes,15,3.7,4.8,3.7,3.7,9.4,0,274,100,50,HOLDING,-2.3,4,2.8,-184,165,NO_GO,0,8,false,0,0,false,30min,
backtest,2025-12-22,05:30,DP Soda Lakes,15,6,4.8,6,6,16.3,0,246,100,0,HOLDING,2.3,0,3.8,-169,150,NO_GO,0,8,false,0,0,false,30min,
backtest,2025-12-22,05:45,DP Soda Lakes,15,6,4.8,6,6,16.3,0,246,100,0,HOLDING,2.3,0,3.8,-154,135,NO_GO,0,8,false,0,0,false,30min,
backtest,2025-12-22,06:00,DP Soda Lakes,15,4.9,5.5,4.9,4.9,11,0,261,100,50,HOLDING,-1.1,0,4.3,-139,120,NO_GO,0,8,false,0,0,false,30min,
backtest,2025-12-22,06:15,DP Soda Lakes,15,4.9,5.5,4.9,4.9,11,0,261,100,50,HOLDING,-1.1,0,4.3,-124,105,NO_GO,0,8,false,0,0,false,30min,
backtest,2025-12-22,06:30,DP Soda Lakes,15,4.4,4.7,4.4,4.4,12.5,0,264,100,50,HOLDING,-0.5,1,3.7,-109,90,NO_GO,0,8,false,0,0,false,30min,
backtest,2025-12-22,06:45,DP Soda Lakes,15,4.4,4.7,4.4,4.4,12.5,0,264,100,50,HOLDING,-0.5,1,3.7,-94,75,NO_GO,0,8,false,0,0,false,30min,
backtest,2025-12-22,07:00,DP Soda Lakes,15,4.3,4.3,4.3,4.3,10.7,0,243,100,0,HOLDING,-0.1,2,3.2,-79,60,NO_GO,0,8,false,0,0,false,30min,
backtest,2025-12-23,05:00,DP Soda Lakes,15,22.4,22.1,22.4,22.4,32,100,275,100,100,HOLDING,0.6,-5,2.2,-199,180,GO,6,8,true,150,330,false,30min,
backtest,2025-12-23,05:15,DP Soda Lakes,15,22.4,22.1,22.4,22.4,32,100,275,100,100,HOLDING,0.6,-5,2.2,-184,165,GO,6,8,true,150,330,false,30min,
backtest,2025-12-23,05:30,DP Soda Lakes,15,22.1,22.3,22.1,22.1,31.1,100,273,100,100,HOLDING,-0.3,-5,3,-169,150,GO,6,8,true,150,330,false,30min,
backtest,2025-12-23,05:45,DP Soda Lakes,15,22.1,22.3,22.1,22.1,31.1,100,273,100,100,HOLDING,-0.3,-5,3,-154,135,GO,6,8,true,150,330,false,30min,
backtest,2025-12-23,06:00,DP Soda Lakes,15,16.7,19.4,16.7,16.7,25.7,100,269,100,50,DECAYING,-5.4,-5,2.8,-139,120,MARGINAL,3,8,true,150,330,false,30min,
backtest,2025-12-23,06:15,DP Soda Lakes,15,16.7,19.4,16.7,16.7,25.7,100,269,100,50,DECAYING,-5.4,-5,2.8,-124,105,MARGINAL,3,8,true,150,330,false,30min,
backtest,2025-12-23,06:30,DP Soda Lakes,15,19,17.9,19,19,29.1,100,270,100,50,HOLDING,2.3,-6,2.3,-109,90,GO,4,8,true,150,330,false,30min,
backtest,2025-12-23,06:45,DP Soda Lakes,15,19,17.9,19,19,29.1,100,270,100,50,HOLDING,2.3,-6,2.3,-94,75,GO,4,8,true,150,330,false,30min,
backtest,2025-12-23,07:00,DP Soda Lakes,15,20.7,19.9,20.7,20.7,30.6,100,272,100,100,HOLDING,1.7,-5,2,-79,60,GO,6,8,true,150,330,false,30min,
backtest,2025-12-24,05:00,DP Soda Lakes,15,7.6,12.4,7.6,7.6,23,0,284,100,100,DECAYING,-9.6,6,3.8,-200,180,NO_GO,0,8,true,30,30,false,30min,
backtest,2025-12-24,05:15,DP Soda Lakes,15,7.6,12.4,7.6,7.6,23,0,284,100,100,DECAYING,-9.6,6,3.8,-185,165,NO_GO,0,8,true,30,30,false,30min,
backtest,2025-12-24,05:30,DP Soda Lakes,15,5.7,6.7,5.7,5.7,11.6,0,280,100,50,HOLDING,-1.9,8,3.3,-170,150,NO_GO,0,8,true,30,30,false,30min,
backtest,2025-12-24,05:45,DP Soda Lakes,15,5.7,6.7,5.7,5.7,11.6,0,280,100,50,HOLDING,-1.9,8,3.3,-155,135,NO_GO,0,8,true,30,30,false,30min,
backtest,2025-12-24,06:00,DP Soda Lakes,15,8.9,7.3,8.9,8.9,20.8,0,280,100,50,BUILDING,3.2,6,2.5,-140,120,NO_GO,0,8,true,30,30,false,30min,
backtest,2025-12-24,06:15,DP Soda Lakes,15,8.9,7.3,8.9,8.9,20.8,0,280,100,50,BUILDING,3.2,6,2.5,-125,105,NO_GO,0,8,true,30,30,false,30min,
backtest,2025-12-24,06:30,DP Soda Lakes,15,6.4,7.7,6.4,6.4,19.2,0,281,100,50,HOLDING,-2.5,8,3.3,-110,90,NO_GO,0,8,true,30,30,false,30min,
backtest,2025-12-24,06:45,DP Soda Lakes,15,6.4,7.7,6.4,6.4,19.2,0,281,100,50,HOLDING,-2.5,8,3.3,-95,75,NO_GO,0,8,true,30,30,false,30min,
backtest,2025-12-24,07:00,DP Soda Lakes,15,5.3,5.8,5.3,5.3,18.1,0,274,100,50,HOLDING,-1.1,10,4,-80,60,NO_GO,0,8,true,30,30,false,30min,
backtest,2025-12-25,05:00,DP Soda Lakes,15,3.8,3.8,3.8,3.8,12.8,0,305,100,100,HOLDING,-0.1,2,3.6,-200,180,NO_GO,0,8,false,0,30,true,30min,
backtest,2025-12-25,05:15,DP Soda Lakes,15,3.8,3.8,3.8,3.8,12.8,0,305,100,100,HOLDING,-0.1,2,3.6,-185,165,NO_GO,0,8,false,0,30,true,30min,
backtest,2025-12-25,05:30,DP Soda Lakes,15,6.6,5.2,6.6,6.6,14.5,0,309,100,100,HOLDING,2.8,5,3.9,-170,150,NO_GO,0,8,false,0,30,true,30min,
backtest,2025-12-25,05:45,DP Soda Lakes,15,6.6,5.2,6.6,6.6,14.5,0,309,100,100,HOLDING,2.8,5,3.9,-155,135,NO_GO,0,8,false,0,30,true,30min,
backtest,2025-12-25,06:00,DP Soda Lakes,15,4.5,5.5,4.5,4.5,11.9,0,278,100,50,HOLDING,-2.1,8,4.1,-140,120,NO_GO,0,8,false,0,30,true,30min,
backtest,2025-12-25,06:15,DP Soda Lakes,15,4.5,5.5,4.5,4.5,11.9,0,278,100,50,HOLDING,-2.1,8,4.1,-125,105,NO_GO,0,8,false,0,30,true,30min,
backtest,2025-12-25,06:30,DP Soda Lakes,15,12.2,8.3,12.2,12.2,23,0,263,100,50,BUILDING,7.7,6,3.3,-110,90,NO_GO,0,8,false,0,30,true,30min,
backtest,2025-12-25,06:45,DP Soda Lakes,15,12.2,8.3,12.2,12.2,23,0,263,100,50,BUILDING,7.7,6,3.3,-95,75,NO_GO,0,8,false,0,30,true,30min,
backtest,2025-12-25,07:00,DP Soda Lakes,15,16.8,14.5,16.8,16.8,27.1,100,284,100,100,BUILDING,4.6,4,2.5,-80,60,GO,6,8,false,0,30,true,30min,
backtest,2025-12-26,05:00,DP Soda Lakes,15,5.4,8.1,5.4,5.4,19.2,0,273,100,50,DECAYING,-5.4,4,3.6,-200,180,NO_GO,0,8,false,0,0,false,30min,
backtest,2025-12-26,05:15,DP Soda Lakes,15,5.4,8.1,5.4,5.4,19.2,0,273,100,50,DECAYING,-5.4,4,3.6,-185,165,NO_GO,0,8,false,0,0,false,30min,
backtest,2025-12-26,05:30,DP Soda Lakes,15,10.9,8.2,10.9,10.9,21,0,276,100,100,BUILDING,5.5,2,3.4,-170,150,MARGINAL,3,8,false,0,0,false,30min,
backtest,2025-12-26,05:45,DP Soda Lakes,15,10.9,8.2,10.9,10.9,21,0,276,100,100,BUILDING,5.5,2,3.4,-155,135,MARGINAL,3,8,false,0,0,false,30min,
backtest,2025-12-26,06:00,DP Soda Lakes,15,6.9,8.9,6.9,6.9,18.3,0,287,100,100,DECAYING,-4,6,3.1,-140,120,NO_GO,0,8,false,0,0,false,30min,
backtest,2025-12-26,06:15,DP Soda Lakes,15,6.9,8.9,6.9,6.9,18.3,0,287,100,100,DECAYING,-4,6,3.1,-125,105,NO_GO,0,8,false,0,0,false,30min,
backtest,2025-12-26,06:30,DP Soda Lakes,15,10.2,8.6,10.2,10.2,22.6,0,293,100,100,BUILDING,3.3,5,2.3,-110,90,MARGINAL,2,8,false,0,0,false,30min,
backtest,2025-12-26,06:45,DP Soda Lakes,15,10.2,8.6,10.2,10.2,22.6,0,293,100,100,BUILDING,3.3,5,2.3,-95,75,MARGINAL,2,8,false,0,0,false,30min,
backtest,2025-12-26,07:00,DP Soda Lakes,15,8.7,9.4,8.7,8.7,20.4,0,280,100,100,HOLDING,-1.5,6,3,-80,60,NO_GO,0,8,false,0,0,false,30min,
backtest,2025-12-27,05:00,DP Soda Lakes,15,12.3,11.1,12.3,12.3,19.9,0,293,100,100,HOLDING,2.4,7,3.1,-201,180,MARGINAL,1,8,false,0,30,true,30min,
backtest,2025-12-27,05:15,DP Soda Lakes,15,12.3,11.1,12.3,12.3,19.9,0,293,100,100,HOLDING,2.4,7,3.1,-186,165,MARGINAL,1,8,false,0,30,true,30min,
backtest,2025-12-27,05:30,DP Soda Lakes,15,8.8,10.6,8.8,8.8,19.9,0,281,100,50,DECAYING,-3.5,6,3,-171,150,NO_GO,0,8,false,0,30,true,30min,
backtest,2025-12-27,05:45,DP Soda Lakes,15,8.8,10.6,8.8,8.8,19.9,0,281,100,50,DECAYING,-3.5,6,3,-156,135,NO_GO,0,8,false,0,30,true,30min,
backtest,2025-12-27,06:00,DP Soda Lakes,15,5.5,7.2,5.5,5.5,13.9,0,266,100,0,DECAYING,-3.3,9,3.4,-141,120,NO_GO,0,8,false,0,30,true,30min,
backtest,2025-12-27,06:15,DP Soda Lakes,15,5.5,7.2,5.5,5.5,13.9,0,266,100,0,DECAYING,-3.3,9,3.4,-126,105,NO_GO,0,8,false,0,30,true,30min,
backtest,2025-12-27,06:30,DP Soda Lakes,15,10.5,8,10.5,10.5,23.9,0,262,100,0,BUILDING,5,5,2.4,-111,90,NO_GO,-2,8,false,0,30,true,30min,
backtest,2025-12-27,06:45,DP Soda Lakes,15,10.5,8,10.5,10.5,23.9,0,262,100,0,BUILDING,5,5,2.4,-96,75,NO_GO,-2,8,false,0,30,true,30min,
backtest,2025-12-27,07:00,DP Soda Lakes,15,16.6,13.6,16.6,16.6,23.5,100,270,100,50,BUILDING,6.1,2,3.2,-81,60,GO,4,8,false,0,30,true,30min,
backtest,2025-12-28,05:00,DP Soda Lakes,15,6.9,7.4,6.9,6.9,17.9,0,36,100,0,HOLDING,-1,35,5.7,-201,180,NO_GO,0,8,false,0,0,false,30min,
backtest,2025-12-28,05:15,DP Soda Lakes,15,6.9,7.4,6.9,6.9,17.9,0,36,100,0,HOLDING,-1,35,5.7,-186,165,NO_GO,0,8,false,0,0,false,30min,
backtest,2025-12-28,05:30,DP Soda Lakes,15,8.9,7.9,8.9,8.9,19.9,0,48,100,0,HOLDING,2,36,4.1,-171,150,NO_GO,0,8,false,0,0,false,30min,
backtest,2025-12-28,05:45,DP Soda Lakes,15,8.9,7.9,8.9,8.9,19.9,0,48,100,0,HOLDING,2,36,4.1,-156,135,NO_GO,0,8,false,0,0,false,30min,
backtest,2025-12-28,06:00,DP Soda Lakes,15,5.1,7,5.1,5.1,14.8,0,64,100,0,DECAYING,-3.8,36,4,-141,120,NO_GO,0,8,false,0,0,false,30min,
backtest,2025-12-28,06:15,DP Soda Lakes,15,5.1,7,5.1,5.1,14.8,0,64,100,0,DECAYING,-3.8,36,4,-126,105,NO_GO,0,8,false,0,0,false,30min,
backtest,2025-12-28,06:30,DP Soda Lakes,15,4.3,4.7,4.3,4.3,8.3,0,61,100,0,HOLDING,-0.8,36,2.8,-111,90,NO_GO,0,8,false,0,0,false,30min,
backtest,2025-12-28,06:45,DP Soda Lakes,15,4.3,4.7,4.3,4.3,8.3,0,61,100,0,HOLDING,-0.8,36,2.8,-96,75,NO_GO,0,8,false,0,0,false,30min,
backtest,2025-12-28,07:00,DP Soda Lakes,15,5,4.7,5,5,10.1,0,95,100,0,HOLDING,0.7,36,3.3,-81,60,NO_GO,0,8,false,0,0,false,30min,
backtest,2025-12-29,05:00,DP Soda Lakes,15,6.1,6.6,6.1,6.1,19.2,0,296,100,100,HOLDING,-1,8,4.1,-201,180,NO_GO,0,8,true,30,30,false,30min,
backtest,2025-12-29,05:15,DP Soda Lakes,15,6.1,6.6,6.1,6.1,19.2,0,296,100,100,HOLDING,-1,8,4.1,-186,165,NO_GO,0,8,true,30,30,false,30min,
backtest,2025-12-29,05:30,DP Soda Lakes,15,4.1,5.1,4.1,4.1,11,0,217,0,50,HOLDING,-2,12,4,-171,150,NO_GO,0,8,true,30,30,false,30min,
backtest,2025-12-29,05:45,DP Soda Lakes,15,4.1,5.1,4.1,4.1,11,0,217,0,50,HOLDING,-2,12,4,-156,135,NO_GO,0,8,true,30,30,false,30min,
backtest,2025-12-29,06:00,DP Soda Lakes,15,14.9,9.5,14.9,14.9,23.9,0,210,0,50,BUILDING,10.8,7,2.6,-141,120,MARGINAL,2,8,true,30,30,false,30min,
backtest,2025-12-29,06:15,DP Soda Lakes,15,14.9,9.5,14.9,14.9,23.9,0,210,0,50,BUILDING,10.8,7,2.6,-126,105,MARGINAL,2,8,true,30,30,false,30min,
backtest,2025-12-29,06:30,DP Soda Lakes,15,13.8,14.4,13.8,13.8,23.7,0,273,100,100,HOLDING,-1.1,5,2.8,-111,90,MARGINAL,3,8,true,30,30,false,30min,
backtest,2025-12-29,06:45,DP Soda Lakes,15,13.8,14.4,13.8,13.8,23.7,0,273,100,100,HOLDING,-1.1,5,2.8,-96,75,MARGINAL,3,8,true,30,30,false,30min,
backtest,2025-12-29,07:00,DP Soda Lakes,15,16.5,15.2,16.5,16.5,25.5,100,275,100,100,HOLDING,2.7,5,3.7,-81,60,GO,4,8,true,30,30,false,30min,
backtest,2025-12-30,05:00,DP Soda Lakes,15,9.4,14,9.4,9.4,30.4,0,279,100,100,DECAYING,-9.2,-11,3.4,-201,180,MARGINAL,2,8,false,0,90,true,30min,
backtest,2025-12-30,05:15,DP Soda Lakes,15,9.4,14,9.4,9.4,30.4,0,279,100,100,DECAYING,-9.2,-11,3.4,-186,165,MARGINAL,2,8,false,0,90,true,30min,
backtest,2025-12-30,05:30,DP Soda Lakes,15,3.7,6.6,3.7,3.7,12.3,0,249,100,50,DECAYING,-5.7,-4,2.9,-171,150,NO_GO,0,8,false,0,90,true,30min,
backtest,2025-12-30,05:45,DP Soda Lakes,15,3.7,6.6,3.7,3.7,12.3,0,249,100,50,DECAYING,-5.7,-4,2.9,-156,135,NO_GO,0,8,false,0,90,true,30min,
backtest,2025-12-30,06:00,DP Soda Lakes,15,7.4,5.6,7.4,7.4,21.2,0,236,100,0,BUILDING,3.7,-5,3.8,-141,120,NO_GO,0,8,false,0,90,true,30min,
backtest,2025-12-30,06:15,DP Soda Lakes,15,7.4,5.6,7.4,7.4,21.2,0,236,100,0,BUILDING,3.7,-5,3.8,-126,105,NO_GO,0,8,false,0,90,true,30min,
backtest,2025-12-30,06:30,DP Soda Lakes,15,19.7,13.6,19.7,19.7,31.1,100,267,100,50,BUILDING,12.3,-13,2.8,-111,90,GO,5,8,false,0,90,true,30min,
backtest,2025-12-30,06:45,DP Soda Lakes,15,19.7,13.6,19.7,19.7,31.1,100,267,100,50,BUILDING,12.3,-13,2.8,-96,75,GO,5,8,false,0,90,true,30min,
backtest,2025-12-30,07:00,DP Soda Lakes,15,17.1,18.4,17.1,17.1,25.9,100,278,100,100,HOLDING,-2.6,-14,3.2,-81,60,GO,6,8,false,0,90,true,30min,
backtest,2025-12-31,05:00,DP Soda Lakes,15,3.1,3.1,3.1,3.1,11,0,251,100,0,HOLDING,0,9,3.2,-201,180,NO_GO,0,8,false,0,0,false,30min,
backtest,2025-12-31,05:15,DP Soda Lakes,15,3.1,3.1,3.1,3.1,11,0,251,100,0,HOLDING,0,9,3.2,-186,165,NO_GO,0,8,false,0,0,false,30min,
backtest,2025-12-31,05:30,DP Soda Lakes,15,3.4,3.3,3.4,3.4,8.9,0,255,100,0,HOLDING,0.3,15,3.9,-171,150,NO_GO,0,8,false,0,0,false,30min,
backtest,2025-12-31,05:45,DP Soda Lakes,15,3.4,3.3,3.4,3.4,8.9,0,255,100,0,HOLDING,0.3,15,3.9,-156,135,NO_GO,0,8,false,0,0,false,30min,
backtest,2025-12-31,06:00,DP Soda Lakes,15,4.1,3.8,4.1,4.1,13,0,252,100,0,HOLDING,0.7,10,4.2,-141,120,NO_GO,0,8,false,0,0,false,30min,
backtest,2025-12-31,06:15,DP Soda Lakes,15,4.1,3.8,4.1,4.1,13,0,252,100,0,HOLDING,0.7,10,4.2,-126,105,NO_GO,0,8,false,0,0,false,30min,
backtest,2025-12-31,06:30,DP Soda Lakes,15,3.4,3.8,3.4,3.4,10.1,0,236,100,0,HOLDING,-0.7,12,2.8,-111,90,NO_GO,0,8,false,0,0,false,30min,
backtest,2025-12-31,06:45,DP Soda Lakes,15,3.4,3.8,3.4,3.4,10.1,0,236,100,0,HOLDING,-0.7,12,2.8,-96,75,NO_GO,0,8,false,0,0,false,30min,
backtest,2025-12-31,07:00,DP Soda Lakes,15,3.1,3.3,3.1,3.1,7.6,0,250,100,0,HOLDING,-0.3,9,3.8,-81,60,NO_GO,0,8,false,0,0,false,30min,
backtest,2026-01-01,05:00,DP Soda Lakes,15,15.1,15.9,15.1,15.1,24.6,100,272,100,50,HOLDING,-1.5,1,4.8,-202,180,MARGINAL,3,8,false,0,60,true,30min,
backtest,2026-01-01,05:15,DP Soda Lakes,15,15.1,15.9,15.1,15.1,24.6,100,272,100,50,HOLDING,-1.5,1,4.8,-187,165,MARGINAL,3,8,false,0,60,true,30min,
backtest,2026-01-01,05:30,DP Soda Lakes,15,13.7,14.4,13.7,13.7,23,0,274,100,50,HOLDING,-1.4,-1,6.2,-172,150,MARGINAL,2,8,false,0,60,true,30min,
backtest,2026-01-01,05:45,DP Soda Lakes,15,13.7,14.4,13.7,13.7,23,0,274,100,50,HOLDING,-1.4,-1,6.2,-157,135,MARGINAL,2,8,false,0,60,true,30min,
backtest,2026-01-01,06:00,DP Soda Lakes,15,7.8,10.8,7.8,7.8,16.1,0,276,100,100,DECAYING,-5.9,1,7.9,-142,120,NO_GO,0,8,false,0,60,true,30min,
backtest,2026-01-01,06:15,DP Soda Lakes,15,7.8,10.8,7.8,7.8,16.1,0,276,100,100,DECAYING,-5.9,1,7.9,-127,105,NO_GO,0,8,false,0,60,true,30min,
backtest,2026-01-01,06:30,DP Soda Lakes,15,7.8,7.8,7.8,7.8,18.3,0,283,100,100,HOLDING,0,2,10.7,-112,90,NO_GO,0,8,false,0,60,true,30min,
backtest,2026-01-01,06:45,DP Soda Lakes,15,7.8,7.8,7.8,7.8,18.3,0,283,100,100,HOLDING,0,2,10.7,-97,75,NO_GO,0,8,false,0,60,true,30min,
backtest,2026-01-01,07:00,DP Soda Lakes,15,13,10.4,13,13,19.7,0,296,100,100,BUILDING,5.2,3,8.5,-82,60,GO,4,8,false,0,60,true,30min,
backtest,2026-01-02,05:00,DP Soda Lakes,15,11.5,11.2,11.5,11.5,25.9,0,261,100,0,HOLDING,0.6,2,10.4,-202,180,NO_GO,-4,8,false,0,0,false,30min,
backtest,2026-01-02,05:15,DP Soda Lakes,15,11.5,11.2,11.5,11.5,25.9,0,261,100,0,HOLDING,0.6,2,10.4,-187,165,NO_GO,-4,8,false,0,0,false,30min,
backtest,2026-01-02,05:30,DP Soda Lakes,15,4.1,7.8,4.1,4.1,12.8,0,276,100,50,DECAYING,-7.4,8,10.5,-172,150,NO_GO,0,8,false,0,0,false,30min,
backtest,2026-01-02,05:45,DP Soda Lakes,15,4.1,7.8,4.1,4.1,12.8,0,276,100,50,DECAYING,-7.4,8,10.5,-157,135,NO_GO,0,8,false,0,0,false,30min,
backtest,2026-01-02,06:00,DP Soda Lakes,15,4.3,4.2,4.3,4.3,9.8,0,278,100,50,HOLDING,0.2,10,11.5,-142,120,NO_GO,0,8,false,0,0,false,30min,
backtest,2026-01-02,06:15,DP Soda Lakes,15,4.3,4.2,4.3,4.3,9.8,0,278,100,50,HOLDING,0.2,10,11.5,-127,105,NO_GO,0,8,false,0,0,false,30min,
backtest,2026-01-02,06:30,DP Soda Lakes,15,6.6,5.4,6.6,6.6,19,0,282,100,50,HOLDING,2.3,7,13,-112,90,NO_GO,0,8,false,0,0,false,30min,
backtest,2026-01-02,06:45,DP Soda Lakes,15,6.6,5.4,6.6,6.6,19,0,282,100,50,HOLDING,2.3,7,13,-97,75,NO_GO,0,8,false,0,0,false,30min,
backtest,2026-01-02,07:00,DP Soda Lakes,15,5.4,6,5.4,5.4,16.8,0,285,100,50,HOLDING,-1.2,9,11.2,-82,60,NO_GO,0,8,false,0,0,false,30min,
backtest,2026-01-03,05:00,DP Soda Lakes,15,17.6,14.1,17.6,17.6,29.8,100,270,100,50,BUILDING,7,4,3.1,-202,180,GO,4,8,true,30,150,false,30min,
backtest,2026-01-03,05:15,DP Soda Lakes,15,17.6,14.1,17.6,17.6,29.8,100,270,100,50,BUILDING,7,4,3.1,-187,165,GO,4,8,true,30,150,false,30min,
backtest,2026-01-03,05:30,DP Soda Lakes,15,15,16.3,15,15,26.4,100,266,100,0,HOLDING,-2.6,5,2.4,-172,150,NO_GO,0,8,true,30,150,false,30min,
backtest,2026-01-03,05:45,DP Soda Lakes,15,15,16.3,15,15,26.4,100,266,100,0,HOLDING,-2.6,5,2.4,-157,135,NO_GO,0,8,true,30,150,false,30min,
backtest,2026-01-03,06:00,DP Soda Lakes,15,4.5,9.8,4.5,4.5,13,0,268,100,50,DECAYING,-10.5,11,2.6,-142,120,NO_GO,0,8,true,30,150,false,30min,
backtest,2026-01-03,06:15,DP Soda Lakes,15,4.5,9.8,4.5,4.5,13,0,268,100,50,DECAYING,-10.5,11,2.6,-127,105,NO_GO,0,8,true,30,150,false,30min,
backtest,2026-01-03,06:30,DP Soda Lakes,15,10.5,7.5,10.5,10.5,18.1,0,279,100,100,BUILDING,6,8,3,-112,90,MARGINAL,2,8,true,30,150,false,30min,
backtest,2026-01-03,06:45,DP Soda Lakes,15,10.5,7.5,10.5,10.5,18.1,0,279,100,100,BUILDING,6,8,3,-97,75,MARGINAL,2,8,true,30,150,false,30min,
backtest,2026-01-03,07:00,DP Soda Lakes,15,4.7,7.6,4.7,4.7,14.3,0,282,100,100,DECAYING,-5.8,10,2.4,-82,60,NO_GO,0,8,true,30,150,false,30min,
backtest,2026-01-04,05:00,DP Soda Lakes,15,6,5.5,6,6,28.9,0,220,100,0,HOLDING,1,-6,4.6,-202,180,NO_GO,0,8,false,0,30,true,30min,
backtest,2026-01-04,05:15,DP Soda Lakes,15,6,5.5,6,6,28.9,0,220,100,0,HOLDING,1,-6,4.6,-187,165,NO_GO,0,8,false,0,30,true,30min,
backtest,2026-01-04,05:30,DP Soda Lakes,15,7.8,6.9,7.8,7.8,28.9,0,155,0,0,HOLDING,1.8,-10,7,-172,150,NO_GO,0,8,false,0,30,true,30min,
backtest,2026-01-04,05:45,DP Soda Lakes,15,7.8,6.9,7.8,7.8,28.9,0,155,0,0,HOLDING,1.8,-10,7,-157,135,NO_GO,0,8,false,0,30,true,30min,
backtest,2026-01-04,06:00,DP Soda Lakes,15,13.9,10.8,13.9,13.9,51.5,0,36,0,0,BUILDING,6.1,-10,5.5,-142,120,MARGINAL,2,8,false,0,30,true,30min,
backtest,2026-01-04,06:15,DP Soda Lakes,15,13.9,10.8,13.9,13.9,51.5,0,36,0,0,BUILDING,6.1,-10,5.5,-127,105,MARGINAL,2,8,false,0,30,true,30min,
backtest,2026-01-04,06:30,DP Soda Lakes,15,17.4,15.6,17.4,17.4,51.5,100,338,100,50,BUILDING,3.5,-8,4.8,-112,90,GO,5,8,false,0,30,true,30min,
backtest,2026-01-04,06:45,DP Soda Lakes,15,17.4,15.6,17.4,17.4,51.5,100,338,100,50,BUILDING,3.5,-8,4.8,-97,75,GO,5,8,false,0,30,true,30min,
backtest,2026-01-04,07:00,DP Soda Lakes,15,12.9,15.1,12.9,12.9,29.8,0,330,100,50,DECAYING,-4.5,-8,2.8,-82,60,MARGINAL,2,8,false,0,30,true,30min,
backtest,2026-01-05,05:00,DP Soda Lakes,15,2.2,3.4,2.2,2.2,8.3,0,252,100,50,HOLDING,-2.4,16,2.4,-202,180,NO_GO,0,8,false,0,0,false,30min,
backtest,2026-01-05,05:15,DP Soda Lakes,15,2.2,3.4,2.2,2.2,8.3,0,252,100,50,HOLDING,-2.4,16,2.4,-187,165,NO_GO,0,8,false,0,0,false,30min,
backtest,2026-01-05,05:30,DP Soda Lakes,15,5.3,3.8,5.3,5.3,17.2,0,257,100,50,BUILDING,3.1,13,3.4,-172,150,NO_GO,0,8,false,0,0,false,30min,
backtest,2026-01-05,05:45,DP Soda Lakes,15,5.3,3.8,5.3,5.3,17.2,0,257,100,50,BUILDING,3.1,13,3.4,-157,135,NO_GO,0,8,false,0,0,false,30min,
backtest,2026-01-05,06:00,DP Soda Lakes,15,6,5.7,6,6,17.7,0,281,100,100,HOLDING,0.7,10,3.9,-142,120,NO_GO,0,8,false,0,0,false,30min,
backtest,2026-01-05,06:15,DP Soda Lakes,15,6,5.7,6,6,17.7,0,281,100,100,HOLDING,0.7,10,3.9,-127,105,NO_GO,0,8,false,0,0,false,30min,
backtest,2026-01-05,06:30,DP Soda Lakes,15,4.6,5.3,4.6,4.6,12.1,0,274,100,50,HOLDING,-1.4,12,3.9,-112,90,NO_GO,0,8,false,0,0,false,30min,
backtest,2026-01-05,06:45,DP Soda Lakes,15,4.6,5.3,4.6,4.6,12.1,0,274,100,50,HOLDING,-1.4,12,3.9,-97,75,NO_GO,0,8,false,0,0,false,30min,
backtest,2026-01-05,07:00,DP Soda Lakes,15,3.1,3.8,3.1,3.1,8.7,0,261,100,0,HOLDING,-1.5,14,3.8,-82,60,NO_GO,0,8,false,0,0,false,30min,
backtest,2026-03-02,05:00,DP Soda Lakes,15,11.4,11.3,11.4,11.4,17.9,0,277,100,100,HOLDING,0.3,0,2.9,-153,120,MARGINAL,2,7,true,90,30,false,30min,
backtest,2026-03-02,05:15,DP Soda Lakes,15,11.4,11.3,11.4,11.4,17.9,0,277,100,100,HOLDING,0.3,0,2.9,-138,105,MARGINAL,2,7,true,90,30,false,30min,
backtest,2026-03-02,05:30,DP Soda Lakes,15,6.8,9.1,6.8,6.8,13.4,0,278,100,100,DECAYING,-4.6,-1,2.3,-123,90,NO_GO,0,7,true,90,30,false,30min,
backtest,2026-03-02,05:45,DP Soda Lakes,15,6.8,9.1,6.8,6.8,13.4,0,278,100,100,DECAYING,-4.6,-1,2.3,-108,75,NO_GO,0,7,true,90,30,false,30min,
backtest,2026-03-02,06:00,DP Soda Lakes,15,7,6.9,7,7,17,0,266,100,50,HOLDING,0.2,-2,2.1,-93,60,NO_GO,0,7,true,90,30,false,30min,
backtest,2026-03-02,06:15,DP Soda Lakes,15,7,6.9,7,7,17,0,266,100,50,HOLDING,0.2,-2,2.1,-78,45,NO_GO,0,7,true,90,30,false,30min,
backtest,2026-03-02,06:30,DP Soda Lakes,15,15.3,11.2,15.3,15.3,22.6,100,265,100,50,BUILDING,8.3,-5,2.8,-63,30,GO,5,7,true,90,30,false,30min,
backtest,2026-03-02,06:45,DP Soda Lakes,15,15.3,11.2,15.3,15.3,22.6,100,265,100,50,BUILDING,8.3,-5,2.8,-48,15,GO,5,7,true,90,30,false,30min,
backtest,2026-03-02,07:00,DP Soda Lakes,15,17.9,16.6,17.9,17.9,25.7,100,275,100,100,HOLDING,2.6,-6,2.7,-33,0,GO,6,7,true,90,30,false,30min,
backtest,2026-03-03,05:00,DP Soda Lakes,15,12,10.4,12,12,17.9,0,278,100,100,BUILDING,3.2,23,1.1,-151,120,MARGINAL,2,7,true,30,0,false,30min,
backtest,2026-03-03,05:15,DP Soda Lakes,15,12,10.4,12,12,17.9,0,278,100,100,BUILDING,3.2,23,1.1,-136,105,MARGINAL,2,7,true,30,0,false,30min,
backtest,2026-03-03,05:30,DP Soda Lakes,15,13.4,12.7,13.4,13.4,20.4,0,273,100,100,HOLDING,1.4,20,2.9,-121,90,MARGINAL,3,7,true,30,0,false,30min,
backtest,2026-03-03,05:45,DP Soda Lakes,15,13.4,12.7,13.4,13.4,20.4,0,273,100,100,HOLDING,1.4,20,2.9,-106,75,MARGINAL,3,7,true,30,0,false,30min,
backtest,2026-03-03,06:00,DP Soda Lakes,15,11.2,12.3,11.2,11.2,18.1,0,274,100,100,HOLDING,-2.2,20,3.1,-91,60,MARGINAL,1,7,true,30,0,false,30min,
backtest,2026-03-03,06:15,DP Soda Lakes,15,11.2,12.3,11.2,11.2,18.1,0,274,100,100,HOLDING,-2.2,20,3.1,-76,45,MARGINAL,1,7,true,30,0,false,30min,
backtest,2026-03-03,06:30,DP Soda Lakes,15,10.7,10.9,10.7,10.7,16.8,0,274,100,100,HOLDING,-0.5,21,2.2,-61,30,MARGINAL,1,7,true,30,0,false,30min,
backtest,2026-03-03,06:45,DP Soda Lakes,15,10.7,10.9,10.7,10.7,16.8,0,274,100,100,HOLDING,-0.5,21,2.2,-46,15,MARGINAL,1,7,true,30,0,false,30min,
backtest,2026-03-03,07:00,DP Soda Lakes,15,13.5,12.1,13.5,13.5,18.3,0,273,100,100,HOLDING,2.8,20,3.2,-31,0,MARGINAL,3,7,true,30,0,false,30min,
backtest,2026-03-04,05:00,DP Soda Lakes,15,7.5,8.6,7.5,7.5,24.6,0,307,100,100,HOLDING,-2.2,-20,3.2,-150,120,NO_GO,0,7,true,30,30,false,30min,
backtest,2026-03-04,05:15,DP Soda Lakes,15,7.5,8.6,7.5,7.5,24.6,0,307,100,100,HOLDING,-2.2,-20,3.2,-135,105,NO_GO,0,7,true,30,30,false,30min,
backtest,2026-03-04,05:30,DP Soda Lakes,15,11.4,9.4,11.4,11.4,25.9,0,302,100,100,BUILDING,3.9,-22,2.8,-120,90,GO,4,7,true,30,30,false,30min,
backtest,2026-03-04,05:45,DP Soda Lakes,15,11.4,9.4,11.4,11.4,25.9,0,302,100,100,BUILDING,3.9,-22,2.8,-105,75,GO,4,7,true,30,30,false,30min,
backtest,2026-03-04,06:00,DP Soda Lakes,15,12.3,11.9,12.3,12.3,25.3,0,290,100,100,HOLDING,0.9,-23,3.2,-90,60,MARGINAL,3,7,true,30,30,false,30min,
backtest,2026-03-04,06:15,DP Soda Lakes,15,12.3,11.9,12.3,12.3,25.3,0,290,100,100,HOLDING,0.9,-23,3.2,-75,45,MARGINAL,3,7,true,30,30,false,30min,
backtest,2026-03-04,06:30,DP Soda Lakes,15,16.4,14.3,16.4,16.4,29.3,100,281,100,100,BUILDING,4.1,-24,2.9,-60,30,GO,7,7,true,30,30,false,30min,
backtest,2026-03-04,06:45,DP Soda Lakes,15,16.4,14.3,16.4,16.4,29.3,100,281,100,100,BUILDING,4.1,-24,2.9,-45,15,GO,7,7,true,30,30,false,30min,
backtest,2026-03-04,07:00,DP Soda Lakes,15,16.8,16.6,16.8,16.8,26.2,100,278,100,100,HOLDING,0.4,-25,2.9,-30,0,GO,6,7,true,30,30,false,30min,
backtest,2026-03-05,05:00,DP Soda Lakes,15,14.8,17,14.8,14.8,24.6,0,274,100,100,DECAYING,-4.3,-8,2.1,-148,120,GO,4,7,true,150,240,false,30min,
backtest,2026-03-05,05:15,DP Soda Lakes,15,14.8,17,14.8,14.8,24.6,0,274,100,100,DECAYING,-4.3,-8,2.1,-133,105,GO,4,7,true,150,240,false,30min,
backtest,2026-03-05,05:30,DP Soda Lakes,15,15.4,15.1,15.4,15.4,24.4,100,270,100,50,HOLDING,0.6,-7,2.5,-118,90,GO,4,7,true,150,240,false,30min,
backtest,2026-03-05,05:45,DP Soda Lakes,15,15.4,15.1,15.4,15.4,24.4,100,270,100,50,HOLDING,0.6,-7,2.5,-103,75,GO,4,7,true,150,240,false,30min,
backtest,2026-03-05,06:00,DP Soda Lakes,15,11.9,13.7,11.9,11.9,22.6,0,270,100,50,DECAYING,-3.5,-7,2.6,-88,60,NO_GO,0,7,true,150,240,false,30min,
backtest,2026-03-05,06:15,DP Soda Lakes,15,11.9,13.7,11.9,11.9,22.6,0,270,100,50,DECAYING,-3.5,-7,2.6,-73,45,NO_GO,0,7,true,150,240,false,30min,
backtest,2026-03-05,06:30,DP Soda Lakes,15,6.4,9.2,6.4,6.4,19.7,0,266,100,50,DECAYING,-5.5,-5,3.1,-58,30,NO_GO,0,7,true,150,240,false,30min,
backtest,2026-03-05,06:45,DP Soda Lakes,15,6.4,9.2,6.4,6.4,19.7,0,266,100,50,DECAYING,-5.5,-5,3.1,-43,15,NO_GO,0,7,true,150,240,false,30min,
backtest,2026-03-05,07:00,DP Soda Lakes,15,17.8,12.1,17.8,17.8,27.7,100,268,100,50,BUILDING,11.4,-8,4.2,-28,0,GO,5,7,true,150,240,false,30min,
backtest,2026-03-06,05:00,DP Soda Lakes,15,6.4,5.9,6.4,6.4,12.1,0,88,100,0,HOLDING,1,32,7,-147,120,NO_GO,0,7,false,0,0,false,30min,
backtest,2026-03-06,05:15,DP Soda Lakes,15,6.4,5.9,6.4,6.4,12.1,0,88,100,0,HOLDING,1,32,7,-132,105,NO_GO,0,7,false,0,0,false,30min,
backtest,2026-03-06,05:30,DP Soda Lakes,15,1.8,4.1,1.8,1.8,5.4,0,137,100,0,DECAYING,-4.6,38,6.9,-117,90,NO_GO,0,7,false,0,0,false,30min,
backtest,2026-03-06,05:45,DP Soda Lakes,15,1.8,4.1,1.8,1.8,5.4,0,137,100,0,DECAYING,-4.6,38,6.9,-102,75,NO_GO,0,7,false,0,0,false,30min,
backtest,2026-03-06,06:00,DP Soda Lakes,15,2.6,2.2,2.6,2.6,6.9,0,182,100,0,HOLDING,0.8,39,4.3,-87,60,NO_GO,0,7,false,0,0,false,30min,
backtest,2026-03-06,06:15,DP Soda Lakes,15,2.6,2.2,2.6,2.6,6.9,0,182,100,0,HOLDING,0.8,39,4.3,-72,45,NO_GO,0,7,false,0,0,false,30min,
backtest,2026-03-06,06:30,DP Soda Lakes,15,3.2,2.9,3.2,3.2,6.5,0,180,100,0,HOLDING,0.6,39,3.3,-57,30,NO_GO,0,7,false,0,0,false,30min,
backtest,2026-03-06,06:45,DP Soda Lakes,15,3.2,2.9,3.2,3.2,6.5,0,180,100,0,HOLDING,0.6,39,3.3,-42,15,NO_GO,0,7,false,0,0,false,30min,
backtest,2026-03-06,07:00,DP Soda Lakes,15,4.4,3.8,4.4,4.4,8.1,0,154,100,0,HOLDING,1.2,41,2.8,-27,0,NO_GO,0,7,false,0,0,false,30min,
backtest,2026-03-07,05:00,DP Soda Lakes,15,21.7,20.6,21.7,21.7,31.5,100,279,100,100,HOLDING,2.1,-32,1.5,-145,120,GO,6,7,true,90,210,false,30min,
backtest,2026-03-07,05:15,DP Soda Lakes,15,21.7,20.6,21.7,21.7,31.5,100,279,100,100,HOLDING,2.1,-32,1.5,-130,105,GO,6,7,true,90,210,false,30min,
backtest,2026-03-07,05:30,DP Soda Lakes,15,23.6,22.6,23.6,23.6,30,100,273,100,50,HOLDING,1.9,-32,1.1,-115,90,GO,4,7,true,90,210,false,30min,
backtest,2026-03-07,05:45,DP Soda Lakes,15,23.6,22.6,23.6,23.6,30,100,273,100,50,HOLDING,1.9,-32,1.1,-100,75,GO,4,7,true,90,210,false,30min,
backtest,2026-03-07,06:00,DP Soda Lakes,15,23.5,23.6,23.5,23.5,31.1,100,272,100,50,HOLDING,-0.1,-31,2.6,-85,60,GO,4,7,true,90,210,false,30min,
backtest,2026-03-07,06:15,DP Soda Lakes,15,23.5,23.6,23.5,23.5,31.1,100,272,100,50,HOLDING,-0.1,-31,2.6,-70,45,GO,4,7,true,90,210,false,30min,
backtest,2026-03-07,06:30,DP Soda Lakes,15,22,22.8,22,22,29.8,100,276,100,100,HOLDING,-1.5,-32,2.2,-55,30,GO,6,7,true,90,210,false,30min,
backtest,2026-03-07,06:45,DP Soda Lakes,15,22,22.8,22,22,29.8,100,276,100,100,HOLDING,-1.5,-32,2.2,-40,15,GO,6,7,true,90,210,false,30min,
backtest,2026-03-07,07:00,DP Soda Lakes,15,21.1,21.6,21.1,21.1,30.2,100,275,100,100,HOLDING,-0.9,-33,1,-25,0,GO,6,7,true,90,210,false,30min,
backtest,2026-03-08,05:00,DP Soda Lakes,15,16.6,19.6,16.6,16.6,30.2,100,288,100,100,DECAYING,-6,4,7.6,-203,120,GO,4,7,true,150,210,false,30min,
backtest,2026-03-08,05:15,DP Soda Lakes,15,16.6,19.6,16.6,16.6,30.2,100,288,100,100,DECAYING,-6,4,7.6,-188,105,GO,4,7,true,150,210,false,30min,
backtest,2026-03-08,05:30,DP Soda Lakes,15,9.7,13.2,9.7,9.7,28.2,0,335,100,50,DECAYING,-6.9,4,5.9,-173,90,NO_GO,-2,7,true,150,210,false,30min,
backtest,2026-03-08,05:45,DP Soda Lakes,15,9.7,13.2,9.7,9.7,28.2,0,335,100,50,DECAYING,-6.9,4,5.9,-158,75,NO_GO,-2,7,true,150,210,false,30min,
backtest,2026-03-08,06:00,DP Soda Lakes,15,6.4,8.1,6.4,6.4,17,0,97,0,0,DECAYING,-3.3,4,6.2,-143,60,NO_GO,0,7,true,150,210,false,30min,
backtest,2026-03-08,06:15,DP Soda Lakes,15,6.4,8.1,6.4,6.4,17,0,97,0,0,DECAYING,-3.3,4,6.2,-128,45,NO_GO,0,7,true,150,210,false,30min,
backtest,2026-03-08,06:30,DP Soda Lakes,15,6,6.2,6,6,16.8,0,197,100,0,HOLDING,-0.4,4,3.1,-113,30,NO_GO,0,7,true,150,210,false,30min,
backtest,2026-03-08,06:45,DP Soda Lakes,15,6,6.2,6,6,16.8,0,197,100,0,HOLDING,-0.4,4,3.1,-98,15,NO_GO,0,7,true,150,210,false,30min,
backtest,2026-03-08,07:00,DP Soda Lakes,15,6.5,6.3,6.5,6.5,19.2,0,224,100,0,HOLDING,0.5,4,4,-83,0,NO_GO,0,7,true,150,210,false,30min,
backtest,2026-03-09,05:00,DP Soda Lakes,15,3.9,3.7,3.9,3.9,9.4,0,244,100,0,HOLDING,0.4,4,2.3,-202,120,NO_GO,0,7,false,0,0,false,30min,
backtest,2026-03-09,05:15,DP Soda Lakes,15,3.9,3.7,3.9,3.9,9.4,0,244,100,0,HOLDING,0.4,4,2.3,-187,105,NO_GO,0,7,false,0,0,false,30min,
backtest,2026-03-09,05:30,DP Soda Lakes,15,3.5,3.7,3.5,3.5,11.9,0,222,100,0,HOLDING,-0.4,5,2.7,-172,90,NO_GO,0,7,false,0,0,false,30min,
backtest,2026-03-09,05:45,DP Soda Lakes,15,3.5,3.7,3.5,3.5,11.9,0,222,100,0,HOLDING,-0.4,5,2.7,-157,75,NO_GO,0,7,false,0,0,false,30min,
backtest,2026-03-09,06:00,DP Soda Lakes,15,4.3,3.9,4.3,4.3,13.2,0,252,0,50,HOLDING,0.8,2,2.9,-142,60,NO_GO,0,7,false,0,0,false,30min,
backtest,2026-03-09,06:15,DP Soda Lakes,15,4.3,3.9,4.3,4.3,13.2,0,252,0,50,HOLDING,0.8,2,2.9,-127,45,NO_GO,0,7,false,0,0,false,30min,
backtest,2026-03-09,06:30,DP Soda Lakes,15,3.5,3.9,3.5,3.5,12.8,0,268,100,50,HOLDING,-0.8,1,7.8,-112,30,NO_GO,0,7,false,0,0,false,30min,
backtest,2026-03-09,06:45,DP Soda Lakes,15,3.5,3.9,3.5,3.5,12.8,0,268,100,50,HOLDING,-0.8,1,7.8,-97,15,NO_GO,0,7,false,0,0,false,30min,
backtest,2026-03-09,07:00,DP Soda Lakes,15,3,3.3,3,3,8.9,0,243,100,0,HOLDING,-0.5,5,6,-82,0,NO_GO,0,7,false,0,0,false,30min,
backtest,2026-03-10,05:00,DP Soda Lakes,15,4.3,6.6,4.3,4.3,16.6,0,241,100,0,DECAYING,-4.5,12,3.2,-200,120,NO_GO,0,7,true,30,210,false,30min,
backtest,2026-03-10,05:15,DP Soda Lakes,15,4.3,6.6,4.3,4.3,16.6,0,241,100,0,DECAYING,-4.5,12,3.2,-185,105,NO_GO,0,7,true,30,210,false,30min,
backtest,2026-03-10,05:30,DP Soda Lakes,15,8.1,6.2,8.1,8.1,15.2,0,265,100,50,BUILDING,3.8,9,2.5,-170,90,NO_GO,0,7,true,30,210,false,30min,
backtest,2026-03-10,05:45,DP Soda Lakes,15,8.1,6.2,8.1,8.1,15.2,0,265,100,50,BUILDING,3.8,9,2.5,-155,75,NO_GO,0,7,true,30,210,false,30min,
backtest,2026-03-10,06:00,DP Soda Lakes,15,6.2,7.2,6.2,6.2,16.3,0,274,100,50,HOLDING,-1.9,10,2.7,-140,60,NO_GO,0,7,true,30,210,false,30min,
backtest,2026-03-10,06:15,DP Soda Lakes,15,6.2,7.2,6.2,6.2,16.3,0,274,100,50,HOLDING,-1.9,10,2.7,-125,45,NO_GO,0,7,true,30,210,false,30min,
backtest,2026-03-10,06:30,DP Soda Lakes,15,4,5.1,4,4,9.6,0,236,100,0,HOLDING,-2.2,11,3.5,-110,30,NO_GO,0,7,true,30,210,false,30min,
backtest,2026-03-10,06:45,DP Soda Lakes,15,4,5.1,4,4,9.6,0,236,100,0,HOLDING,-2.2,11,3.5,-95,15,NO_GO,0,7,true,30,210,false,30min,
backtest,2026-03-10,07:00,DP Soda Lakes,15,8.6,6.3,8.6,8.6,18.1,0,250,100,50,BUILDING,4.6,11,4.6,-80,0,NO_GO,0,7,true,30,210,false,30min,
backtest,2026-03-11,05:00,DP Soda Lakes,15,4.3,4,4.3,4.3,10.1,0,146,100,0,HOLDING,0.7,9,12.6,-199,120,NO_GO,0,7,true,60,0,false,30min,
backtest,2026-03-11,05:15,DP Soda Lakes,15,4.3,4,4.3,4.3,10.1,0,146,100,0,HOLDING,0.7,9,12.6,-184,105,NO_GO,0,7,true,60,0,false,30min,
backtest,2026-03-11,05:30,DP Soda Lakes,15,5.9,5.1,5.9,5.9,16.3,0,246,0,50,HOLDING,1.6,-11,11.6,-169,90,NO_GO,0,7,true,60,0,false,30min,
backtest,2026-03-11,05:45,DP Soda Lakes,15,5.9,5.1,5.9,5.9,16.3,0,246,0,50,HOLDING,1.6,-11,11.6,-154,75,NO_GO,0,7,true,60,0,false,30min,
backtest,2026-03-11,06:00,DP Soda Lakes,15,5.7,5.8,5.7,5.7,11,0,226,0,50,HOLDING,-0.2,-12,6.9,-139,60,NO_GO,0,7,true,60,0,false,30min,
backtest,2026-03-11,06:15,DP Soda Lakes,15,5.7,5.8,5.7,5.7,11,0,226,0,50,HOLDING,-0.2,-12,6.9,-124,45,NO_GO,0,7,true,60,0,false,30min,
backtest,2026-03-11,06:30,DP Soda Lakes,15,4,4.8,4,4,10.3,0,167,100,0,HOLDING,-1.7,-5,6.1,-109,30,NO_GO,0,7,true,60,0,false,30min,
backtest,2026-03-11,06:45,DP Soda Lakes,15,4,4.8,4,4,10.3,0,167,100,0,HOLDING,-1.7,-5,6.1,-94,15,NO_GO,0,7,true,60,0,false,30min,
backtest,2026-03-11,07:00,DP Soda Lakes,15,6.8,5.4,6.8,6.8,12.5,0,163,100,0,HOLDING,2.8,-5,6.5,-79,0,NO_GO,0,7,true,60,0,false,30min,
backtest,2026-03-12,05:00,DP Soda Lakes,15,18.3,12.4,18.3,18.3,43.8,100,287,100,100,BUILDING,11.9,-20,11.4,-197,120,GO,6,7,true,30,30,false,30min,
backtest,2026-03-12,05:15,DP Soda Lakes,15,18.3,12.4,18.3,18.3,43.8,100,287,100,100,BUILDING,11.9,-20,11.4,-182,105,GO,6,7,true,30,30,false,30min,
backtest,2026-03-12,05:30,DP Soda Lakes,15,8.3,13.3,8.3,8.3,19.9,0,247,0,50,DECAYING,-10,-13,11.1,-167,90,NO_GO,0,7,true,30,30,false,30min,
backtest,2026-03-12,05:45,DP Soda Lakes,15,8.3,13.3,8.3,8.3,19.9,0,247,0,50,DECAYING,-10,-13,11.1,-152,75,NO_GO,0,7,true,30,30,false,30min,
backtest,2026-03-12,06:00,DP Soda Lakes,15,3.8,6.1,3.8,3.8,10.7,0,161,100,0,DECAYING,-4.5,-11,8.7,-137,60,NO_GO,0,7,true,30,30,false,30min,
backtest,2026-03-12,06:15,DP Soda Lakes,15,3.8,6.1,3.8,3.8,10.7,0,161,100,0,DECAYING,-4.5,-11,8.7,-122,45,NO_GO,0,7,true,30,30,false,30min,
backtest,2026-03-12,06:30,DP Soda Lakes,15,4.2,4,4.2,4.2,11,0,162,100,0,HOLDING,0.4,-5,14.8,-107,30,NO_GO,0,7,true,30,30,false,30min,
backtest,2026-03-12,06:45,DP Soda Lakes,15,4.2,4,4.2,4.2,11,0,162,100,0,HOLDING,0.4,-5,14.8,-92,15,NO_GO,0,7,true,30,30,false,30min,
backtest,2026-03-12,07:00,DP Soda Lakes,15,5.6,4.9,5.6,5.6,14.8,0,195,100,0,HOLDING,1.4,-7,15.6,-77,0,NO_GO,0,7,true,30,30,false,30min,
backtest,2026-03-13,05:00,DP Soda Lakes,15,16.9,20.4,16.9,16.9,58.4,100,303,100,100,DECAYING,-6.9,0,4.1,-196,120,GO,4,7,false,0,120,true,30min,
backtest,2026-03-13,05:15,DP Soda Lakes,15,16.9,20.4,16.9,16.9,58.4,100,303,100,100,DECAYING,-6.9,0,4.1,-181,105,GO,4,7,false,0,120,true,30min,
backtest,2026-03-13,05:30,DP Soda Lakes,15,15.5,16.2,15.5,15.5,48.8,100,307,100,100,HOLDING,-1.4,-1,6,-166,90,GO,5,7,false,0,120,true,30min,
backtest,2026-03-13,05:45,DP Soda Lakes,15,15.5,16.2,15.5,15.5,48.8,100,307,100,100,HOLDING,-1.4,-1,6,-151,75,GO,5,7,false,0,120,true,30min,
backtest,2026-03-13,06:00,DP Soda Lakes,15,13.9,14.7,13.9,13.9,43.2,0,314,100,100,HOLDING,-1.6,1,7.4,-136,60,MARGINAL,3,7,false,0,120,true,30min,
backtest,2026-03-13,06:15,DP Soda Lakes,15,13.9,14.7,13.9,13.9,43.2,0,314,100,100,HOLDING,-1.6,1,7.4,-121,45,MARGINAL,3,7,false,0,120,true,30min,
backtest,2026-03-13,06:30,DP Soda Lakes,15,10.1,12,10.1,10.1,35.6,0,305,100,100,DECAYING,-3.8,1,6.3,-106,30,NO_GO,0,7,false,0,120,true,30min,
backtest,2026-03-13,06:45,DP Soda Lakes,15,10.1,12,10.1,10.1,35.6,0,305,100,100,DECAYING,-3.8,1,6.3,-91,15,NO_GO,0,7,false,0,120,true,30min,
backtest,2026-03-13,07:00,DP Soda Lakes,15,12,11.1,12,12,31.5,0,296,100,100,HOLDING,1.9,1,10.8,-76,0,MARGINAL,1,7,false,0,120,true,30min,
backtest,2026-03-14,05:00,DP Soda Lakes,15,5.7,5.8,5.7,5.7,20.6,0,32,100,0,HOLDING,-0.2,4,3.3,-194,120,NO_GO,0,7,false,0,0,false,30min,
backtest,2026-03-14,05:15,DP Soda Lakes,15,5.7,5.8,5.7,5.7,20.6,0,32,100,0,HOLDING,-0.2,4,3.3,-179,105,NO_GO,0,7,false,0,0,false,30min,
backtest,2026-03-14,05:30,DP Soda Lakes,15,9.8,7.8,9.8,9.8,21.9,0,14,100,0,BUILDING,4.1,-3,4.8,-164,90,NO_GO,-1,7,false,0,0,false,30min,
backtest,2026-03-14,05:45,DP Soda Lakes,15,9.8,7.8,9.8,9.8,21.9,0,14,100,0,BUILDING,4.1,-3,4.8,-149,75,NO_GO,-1,7,false,0,0,false,30min,
backtest,2026-03-14,06:00,DP Soda Lakes,15,4.7,7.3,4.7,4.7,11.9,0,250,0,0,DECAYING,-5.1,-2,3.8,-134,60,NO_GO,0,7,false,0,0,false,30min,
backtest,2026-03-14,06:15,DP Soda Lakes,15,4.7,7.3,4.7,4.7,11.9,0,250,0,0,DECAYING,-5.1,-2,3.8,-119,45,NO_GO,0,7,false,0,0,false,30min,
backtest,2026-03-14,06:30,DP Soda Lakes,15,4.3,4.5,4.3,4.3,13,0,240,0,50,HOLDING,-0.4,3,5.7,-104,30,NO_GO,0,7,false,0,0,false,30min,
backtest,2026-03-14,06:45,DP Soda Lakes,15,4.3,4.5,4.3,4.3,13,0,240,0,50,HOLDING,-0.4,3,5.7,-89,15,NO_GO,0,7,false,0,0,false,30min,
backtest,2026-03-14,07:00,DP Soda Lakes,15,3.5,3.9,3.5,3.5,11.6,0,294,100,100,HOLDING,-0.8,8,6.3,-74,0,NO_GO,0,7,false,0,0,false,30min,
backtest,2026-03-15,05:00,DP Soda Lakes,15,4.7,4.3,4.7,4.7,17,0,335,100,50,HOLDING,0.7,66,2.6,-192,120,NO_GO,0,7,false,0,60,true,30min,
backtest,2026-03-15,05:15,DP Soda Lakes,15,4.7,4.3,4.7,4.7,17,0,335,100,50,HOLDING,0.7,66,2.6,-177,105,NO_GO,0,7,false,0,60,true,30min,
backtest,2026-03-15,05:30,DP Soda Lakes,15,3.3,4,3.3,3.3,9.4,0,10,100,0,HOLDING,-1.4,67,2.3,-162,90,NO_GO,0,7,false,0,60,true,30min,
backtest,2026-03-15,05:45,DP Soda Lakes,15,3.3,4,3.3,3.3,9.4,0,10,100,0,HOLDING,-1.4,67,2.3,-147,75,NO_GO,0,7,false,0,60,true,30min,
backtest,2026-03-15,06:00,DP Soda Lakes,15,6.7,5,6.7,6.7,13.7,0,4,100,0,BUILDING,3.4,67,4.2,-132,60,NO_GO,0,7,false,0,60,true,30min,
backtest,2026-03-15,06:15,DP Soda Lakes,15,6.7,5,6.7,6.7,13.7,0,4,100,0,BUILDING,3.4,67,4.2,-117,45,NO_GO,0,7,false,0,60,true,30min,
backtest,2026-03-15,06:30,DP Soda Lakes,15,7.1,6.9,7.1,7.1,15.2,0,330,100,50,HOLDING,0.4,62,4,-102,30,NO_GO,0,7,false,0,60,true,30min,
backtest,2026-03-15,06:45,DP Soda Lakes,15,7.1,6.9,7.1,7.1,15.2,0,330,100,50,HOLDING,0.4,62,4,-87,15,NO_GO,0,7,false,0,60,true,30min,
backtest,2026-03-15,07:00,DP Soda Lakes,15,8.2,7.6,8.2,8.2,20.1,0,326,100,50,HOLDING,1.1,42,3.8,-72,0,NO_GO,0,7,false,0,60,true,30min,
backtest,2026-03-16,05:00,DP Soda Lakes,15,3.1,3,3.1,3.1,8.7,0,42,100,0,HOLDING,0.3,3,5.2,-191,120,NO_GO,0,7,false,0,0,false,30min,
backtest,2026-03-16,05:15,DP Soda Lakes,15,3.1,3,3.1,3.1,8.7,0,42,100,0,HOLDING,0.3,3,5.2,-176,105,NO_GO,0,7,false,0,0,false,30min,
backtest,2026-03-16,05:30,DP Soda Lakes,15,2.8,3,2.8,2.8,7.6,0,39,100,0,HOLDING,-0.3,4,3.4,-161,90,NO_GO,0,7,false,0,0,false,30min,
backtest,2026-03-16,05:45,DP Soda Lakes,15,2.8,3,2.8,2.8,7.6,0,39,100,0,HOLDING,-0.3,4,3.4,-146,75,NO_GO,0,7,false,0,0,false,30min,
backtest,2026-03-16,06:00,DP Soda Lakes,15,2.8,2.8,2.8,2.8,6.9,0,16,100,0,HOLDING,0,5,4.2,-131,60,NO_GO,0,7,false,0,0,false,30min,
backtest,2026-03-16,06:15,DP Soda Lakes,15,2.8,2.8,2.8,2.8,6.9,0,16,100,0,HOLDING,0,5,4.2,-116,45,NO_GO,0,7,false,0,0,false,30min,
backtest,2026-03-16,06:30,DP Soda Lakes,15,3.6,3.2,3.6,3.6,6.5,0,20,100,0,HOLDING,0.8,5,3.4,-101,30,NO_GO,0,7,false,0,0,false,30min,
backtest,2026-03-16,06:45,DP Soda Lakes,15,3.6,3.2,3.6,3.6,6.5,0,20,100,0,HOLDING,0.8,5,3.4,-86,15,NO_GO,0,7,false,0,0,false,30min,
backtest,2026-03-16,07:00,DP Soda Lakes,15,2,2.8,2,2,5.4,0,19,100,0,HOLDING,-1.6,6,3.3,-71,0,NO_GO,0,7,false,0,0,false,30min,
backtest,2026-03-17,05:00,DP Soda Lakes,15,9.6,9.9,9.6,9.6,24.2,0,302,100,100,HOLDING,-0.7,1,7.3,-189,120,MARGINAL,1,7,true,120,120,false,30min,
backtest,2026-03-17,05:15,DP Soda Lakes,15,9.6,9.9,9.6,9.6,24.2,0,302,100,100,HOLDING,-0.7,1,7.3,-174,105,MARGINAL,1,7,true,120,120,false,30min,
backtest,2026-03-17,05:30,DP Soda Lakes,15,6.2,7.9,6.2,6.2,16.6,0,326,100,50,DECAYING,-3.4,6,12.2,-159,90,NO_GO,0,7,true,120,120,false,30min,
backtest,2026-03-17,05:45,DP Soda Lakes,15,6.2,7.9,6.2,6.2,16.6,0,326,100,50,DECAYING,-3.4,6,12.2,-144,75,NO_GO,0,7,true,120,120,false,30min,
backtest,2026-03-17,06:00,DP Soda Lakes,15,5.3,5.8,5.3,5.3,13.2,0,317,100,50,HOLDING,-0.9,13,10.1,-129,60,NO_GO,0,7,true,120,120,false,30min,
backtest,2026-03-17,06:15,DP Soda Lakes,15,5.3,5.8,5.3,5.3,13.2,0,317,100,50,HOLDING,-0.9,13,10.1,-114,45,NO_GO,0,7,true,120,120,false,30min,
backtest,2026-03-17,06:30,DP Soda Lakes,15,4.9,5.1,4.9,4.9,22.6,0,246,50,50,HOLDING,-0.4,15,10.2,-99,30,NO_GO,0,7,true,120,120,false,30min,
backtest,2026-03-17,06:45,DP Soda Lakes,15,4.9,5.1,4.9,4.9,22.6,0,246,50,50,HOLDING,-0.4,15,10.2,-84,15,NO_GO,0,7,true,120,120,false,30min,
backtest,2026-03-17,07:00,DP Soda Lakes,15,9.4,7.2,9.4,9.4,23.7,0,276,0,0,BUILDING,4.5,11,11.8,-69,0,NO_GO,-4,7,true,120,120,false,30min,
backtest,2026-03-18,05:00,DP Soda Lakes,15,3.9,3.8,3.9,3.9,11,0,259,100,50,HOLDING,0.3,-5,9.4,-187,120,NO_GO,0,7,true,240,0,false,30min,
backtest,2026-03-18,05:15,DP Soda Lakes,15,3.9,3.8,3.9,3.9,11,0,259,100,50,HOLDING,0.3,-5,9.4,-172,105,NO_GO,0,7,true,240,0,false,30min,
backtest,2026-03-18,05:30,DP Soda Lakes,15,6.6,5.3,6.6,6.6,19.7,0,299,100,100,HOLDING,2.7,-7,12.1,-157,90,NO_GO,0,7,true,240,0,false,30min,
backtest,2026-03-18,05:45,DP Soda Lakes,15,6.6,5.3,6.6,6.6,19.7,0,299,100,100,HOLDING,2.7,-7,12.1,-142,75,NO_GO,0,7,true,240,0,false,30min,
backtest,2026-03-18,06:00,DP Soda Lakes,15,7.4,7,7.4,7.4,22.8,0,322,100,50,HOLDING,0.8,-11,9.6,-127,60,NO_GO,0,7,true,240,0,false,30min,
backtest,2026-03-18,06:15,DP Soda Lakes,15,7.4,7,7.4,7.4,22.8,0,322,100,50,HOLDING,0.8,-11,9.6,-112,45,NO_GO,0,7,true,240,0,false,30min,
backtest,2026-03-18,06:30,DP Soda Lakes,15,6.5,7,6.5,6.5,19,0,313,100,50,HOLDING,-0.9,-11,10.7,-97,30,NO_GO,0,7,true,240,0,false,30min,
backtest,2026-03-18,06:45,DP Soda Lakes,15,6.5,7,6.5,6.5,19,0,313,100,50,HOLDING,-0.9,-11,10.7,-82,15,NO_GO,0,7,true,240,0,false,30min,
backtest,2026-03-18,07:00,DP Soda Lakes,15,14.4,10.4,14.4,14.4,32.2,0,298,100,100,BUILDING,7.9,-14,11.9,-67,0,GO,5,7,true,240,0,false,30min,
backtest,2026-03-19,05:00,DP Soda Lakes,15,8.5,7.3,8.5,8.5,19.5,0,320,100,100,HOLDING,2.4,0,3.2,-186,120,NO_GO,0,7,true,150,60,false,30min,
backtest,2026-03-19,05:15,DP Soda Lakes,15,8.5,7.3,8.5,8.5,19.5,0,320,100,100,HOLDING,2.4,0,3.2,-171,105,NO_GO,0,7,true,150,60,false,30min,
backtest,2026-03-19,05:30,DP Soda Lakes,15,14,11.3,14,14,28.9,0,313,100,100,BUILDING,5.5,-1,4.7,-156,90,GO,5,7,true,150,60,false,30min,
backtest,2026-03-19,05:45,DP Soda Lakes,15,14,11.3,14,14,28.9,0,313,100,100,BUILDING,5.5,-1,4.7,-141,75,GO,5,7,true,150,60,false,30min,
backtest,2026-03-19,06:00,DP Soda Lakes,15,19.1,16.6,19.1,19.1,36.9,100,293,100,100,BUILDING,5.1,-1,6.4,-126,60,GO,6,7,true,150,60,false,30min,
backtest,2026-03-19,06:15,DP Soda Lakes,15,19.1,16.6,19.1,19.1,36.9,100,293,100,100,BUILDING,5.1,-1,6.4,-111,45,GO,6,7,true,150,60,false,30min,
backtest,2026-03-19,06:30,DP Soda Lakes,15,19.6,19.4,19.6,19.6,36.9,100,279,100,100,HOLDING,0.5,-1,6.3,-96,30,GO,5,7,true,150,60,false,30min,
backtest,2026-03-19,06:45,DP Soda Lakes,15,19.6,19.4,19.6,19.6,36.9,100,279,100,100,HOLDING,0.5,-1,6.3,-81,15,GO,5,7,true,150,60,false,30min,
backtest,2026-03-19,07:00,DP Soda Lakes,15,23.7,21.6,23.7,23.7,42.3,100,285,100,100,BUILDING,4.1,-3,5.7,-66,0,GO,6,7,true,150,60,false,30min,
backtest,2026-03-20,05:00,DP Soda Lakes,15,3,3.7,3,3,10.1,0,276,100,50,HOLDING,-1.4,8,4.5,-184,120,NO_GO,0,7,false,0,0,false,30min,
backtest,2026-03-20,05:15,DP Soda Lakes,15,3,3.7,3,3,10.1,0,276,100,50,HOLDING,-1.4,8,4.5,-169,105,NO_GO,0,7,false,0,0,false,30min,
backtest,2026-03-20,05:30,DP Soda Lakes,15,3.9,3.5,3.9,3.9,12.5,0,276,100,50,HOLDING,0.9,9,3.1,-154,90,NO_GO,0,7,false,0,0,false,30min,
backtest,2026-03-20,05:45,DP Soda Lakes,15,3.9,3.5,3.9,3.9,12.5,0,276,100,50,HOLDING,0.9,9,3.1,-139,75,NO_GO,0,7,false,0,0,false,30min,
backtest,2026-03-20,06:00,DP Soda Lakes,15,3.4,3.6,3.4,3.4,8.5,0,292,100,100,HOLDING,-0.5,11,6.7,-124,60,NO_GO,0,7,false,0,0,false,30min,
backtest,2026-03-20,06:15,DP Soda Lakes,15,3.4,3.6,3.4,3.4,8.5,0,292,100,100,HOLDING,-0.5,11,6.7,-109,45,NO_GO,0,7,false,0,0,false,30min,
backtest,2026-03-20,06:30,DP Soda Lakes,15,3.4,3.4,3.4,3.4,8.7,0,275,100,50,HOLDING,0,9,9.1,-94,30,NO_GO,0,7,false,0,0,false,30min,
backtest,2026-03-20,06:45,DP Soda Lakes,15,3.4,3.4,3.4,3.4,8.7,0,275,100,50,HOLDING,0,9,9.1,-79,15,NO_GO,0,7,false,0,0,false,30min,
backtest,2026-03-20,07:00,DP Soda Lakes,15,3.5,3.5,3.5,3.5,8.9,0,240,100,0,HOLDING,0.1,16,10.4,-64,0,NO_GO,0,7,false,0,0,false,30min,
backtest,2026-03-21,05:00,DP Soda Lakes,15,3.8,5.2,3.8,3.8,12.1,0,267,100,0,HOLDING,-2.8,7,1.9,-183,120,NO_GO,0,7,true,90,210,false,30min,
backtest,2026-03-21,05:15,DP Soda Lakes,15,3.8,5.2,3.8,3.8,12.1,0,267,100,0,HOLDING,-2.8,7,1.9,-168,105,NO_GO,0,7,true,90,210,false,30min,
backtest,2026-03-21,05:30,DP Soda Lakes,15,5.6,4.7,5.6,5.6,20.1,0,270,100,50,HOLDING,1.8,7,2.3,-153,90,NO_GO,0,7,true,90,210,false,30min,
backtest,2026-03-21,05:45,DP Soda Lakes,15,5.6,4.7,5.6,5.6,20.1,0,270,100,50,HOLDING,1.8,7,2.3,-138,75,NO_GO,0,7,true,90,210,false,30min,
backtest,2026-03-21,06:00,DP Soda Lakes,15,6,5.8,6,6,16.1,0,284,100,100,HOLDING,0.4,4,3.6,-123,60,NO_GO,0,7,true,90,210,false,30min,
backtest,2026-03-21,06:15,DP Soda Lakes,15,6,5.8,6,6,16.1,0,284,100,100,HOLDING,0.4,4,3.6,-108,45,NO_GO,0,7,true,90,210,false,30min,
backtest,2026-03-21,06:30,DP Soda Lakes,15,5.2,5.6,5.2,5.2,12.1,0,295,100,100,HOLDING,-0.8,6,3.1,-93,30,NO_GO,0,7,true,90,210,false,30min,
backtest,2026-03-21,06:45,DP Soda Lakes,15,5.2,5.6,5.2,5.2,12.1,0,295,100,100,HOLDING,-0.8,6,3.1,-78,15,NO_GO,0,7,true,90,210,false,30min,
backtest,2026-03-21,07:00,DP Soda Lakes,15,4.9,5.1,4.9,4.9,20.1,0,270,100,50,HOLDING,-0.3,11,2.6,-63,0,NO_GO,0,7,true,90,210,false,30min,
backtest,2026-03-22,05:00,DP Soda Lakes,15,4.7,5.6,4.7,4.7,11.2,0,26,100,0,HOLDING,-1.7,30,3.4,-181,120,NO_GO,0,7,false,0,90,true,30min,
backtest,2026-03-22,05:15,DP Soda Lakes,15,4.7,5.6,4.7,4.7,11.2,0,26,100,0,HOLDING,-1.7,30,3.4,-166,105,NO_GO,0,7,false,0,90,true,30min,
backtest,2026-03-22,05:30,DP Soda Lakes,15,2.9,3.8,2.9,2.9,7.4,0,1,100,0,HOLDING,-1.8,35,3,-151,90,NO_GO,0,7,false,0,90,true,30min,
backtest,2026-03-22,05:45,DP Soda Lakes,15,2.9,3.8,2.9,2.9,7.4,0,1,100,0,HOLDING,-1.8,35,3,-136,75,NO_GO,0,7,false,0,90,true,30min,
backtest,2026-03-22,06:00,DP Soda Lakes,15,4.1,3.5,4.1,4.1,9.4,0,5,100,0,HOLDING,1.2,39,2.8,-121,60,NO_GO,0,7,false,0,90,true,30min,
backtest,2026-03-22,06:15,DP Soda Lakes,15,4.1,3.5,4.1,4.1,9.4,0,5,100,0,HOLDING,1.2,39,2.8,-106,45,NO_GO,0,7,false,0,90,true,30min,
backtest,2026-03-22,06:30,DP Soda Lakes,15,8.1,6.1,8.1,8.1,19.9,0,359,100,50,BUILDING,4,47,1.9,-91,30,NO_GO,0,7,false,0,90,true,30min,
backtest,2026-03-22,06:45,DP Soda Lakes,15,8.1,6.1,8.1,8.1,19.9,0,359,100,50,BUILDING,4,47,1.9,-76,15,NO_GO,0,7,false,0,90,true,30min,
backtest,2026-03-22,07:00,DP Soda Lakes,15,9.9,9,9.9,9.9,17,0,330,100,100,HOLDING,1.8,51,3.1,-61,0,MARGINAL,1,7,false,0,90,true,30min,
backtest,2026-03-23,05:00,DP Soda Lakes,15,11.7,10.9,11.7,11.7,19.2,0,277,100,100,HOLDING,1.6,-1,3.5,-179,120,MARGINAL,2,7,false,0,0,false,30min,
backtest,2026-03-23,05:15,DP Soda Lakes,15,11.7,10.9,11.7,11.7,19.2,0,277,100,100,HOLDING,1.6,-1,3.5,-164,105,MARGINAL,2,7,false,0,0,false,30min,
backtest,2026-03-23,05:30,DP Soda Lakes,15,9.6,10.6,9.6,9.6,18.8,0,273,100,100,HOLDING,-2.1,1,1.1,-149,90,MARGINAL,2,7,false,0,0,false,30min,
backtest,2026-03-23,05:45,DP Soda Lakes,15,9.6,10.6,9.6,9.6,18.8,0,273,100,100,HOLDING,-2.1,1,1.1,-134,75,MARGINAL,2,7,false,0,0,false,30min,
backtest,2026-03-23,06:00,DP Soda Lakes,15,3.8,6.7,3.8,3.8,11.6,0,265,100,50,DECAYING,-5.8,2,1.8,-119,60,NO_GO,0,7,false,0,0,false,30min,
backtest,2026-03-23,06:15,DP Soda Lakes,15,3.8,6.7,3.8,3.8,11.6,0,265,100,50,DECAYING,-5.8,2,1.8,-104,45,NO_GO,0,7,false,0,0,false,30min,
backtest,2026-03-23,06:30,DP Soda Lakes,15,8.4,6.1,8.4,8.4,15.9,0,264,100,0,BUILDING,4.6,-3,2.8,-89,30,NO_GO,0,7,false,0,0,false,30min,
backtest,2026-03-23,06:45,DP Soda Lakes,15,8.4,6.1,8.4,8.4,15.9,0,264,100,0,BUILDING,4.6,-3,2.8,-74,15,NO_GO,0,7,false,0,0,false,30min,
backtest,2026-03-23,07:00,DP Soda Lakes,15,3.1,5.8,3.1,3.1,10.1,0,265,100,0,DECAYING,-5.3,0,4,-59,0,NO_GO,0,7,false,0,0,false,30min,
backtest,2026-03-24,05:00,DP Soda Lakes,15,14.7,15.5,14.7,14.7,26.6,0,275,100,100,HOLDING,-1.6,-7,1,-178,120,GO,5,7,false,0,30,true,30min,
backtest,2026-03-24,05:15,DP Soda Lakes,15,14.7,15.5,14.7,14.7,26.6,0,275,100,100,HOLDING,-1.6,-7,1,-163,105,GO,5,7,false,0,30,true,30min,
backtest,2026-03-24,05:30,DP Soda Lakes,15,8.8,11.8,8.8,8.8,22.4,0,272,100,100,DECAYING,-5.9,-7,2.7,-148,90,NO_GO,0,7,false,0,30,true,30min,
backtest,2026-03-24,05:45,DP Soda Lakes,15,8.8,11.8,8.8,8.8,22.4,0,272,100,100,DECAYING,-5.9,-7,2.7,-133,75,NO_GO,0,7,false,0,30,true,30min,
backtest,2026-03-24,06:00,DP Soda Lakes,15,8.9,8.9,8.9,8.9,23.5,0,278,100,100,HOLDING,0.1,-7,1.9,-118,60,NO_GO,0,7,false,0,30,true,30min,
backtest,2026-03-24,06:15,DP Soda Lakes,15,8.9,8.9,8.9,8.9,23.5,0,278,100,100,HOLDING,0.1,-7,1.9,-103,45,NO_GO,0,7,false,0,30,true,30min,
backtest,2026-03-24,06:30,DP Soda Lakes,15,8.7,8.8,8.7,8.7,17.4,0,286,100,100,HOLDING,-0.2,-5,3,-88,30,NO_GO,0,7,false,0,30,true,30min,
backtest,2026-03-24,06:45,DP Soda Lakes,15,8.7,8.8,8.7,8.7,17.4,0,286,100,100,HOLDING,-0.2,-5,3,-73,15,NO_GO,0,7,false,0,30,true,30min,
backtest,2026-03-24,07:00,DP Soda Lakes,15,7.9,8.3,7.9,7.9,17.7,0,289,100,100,HOLDING,-0.8,-5,4.3,-58,0,NO_GO,0,7,false,0,30,true,30min,
backtest,2026-03-25,05:00,DP Soda Lakes,15,14.3,13.1,14.3,14.3,33.5,0,267,100,50,HOLDING,2.4,0,3.9,-176,120,MARGINAL,2,7,true,30,30,false,30min,
backtest,2026-03-25,05:15,DP Soda Lakes,15,14.3,13.1,14.3,14.3,33.5,0,267,100,50,HOLDING,2.4,0,3.9,-161,105,MARGINAL,2,7,true,30,30,false,30min,
backtest,2026-03-25,05:30,DP Soda Lakes,15,16,15.2,16,16,44.5,100,283,100,50,HOLDING,1.7,-3,1.6,-146,90,MARGINAL,3,7,true,30,30,false,30min,
backtest,2026-03-25,05:45,DP Soda Lakes,15,16,15.2,16,16,44.5,100,283,100,50,HOLDING,1.7,-3,1.6,-131,75,MARGINAL,3,7,true,30,30,false,30min,
backtest,2026-03-25,06:00,DP Soda Lakes,15,9.5,12.8,9.5,9.5,30.6,0,14,0,50,DECAYING,-6.5,-2,2.5,-116,60,NO_GO,-1,7,true,30,30,false,30min,
backtest,2026-03-25,06:15,DP Soda Lakes,15,9.5,12.8,9.5,9.5,30.6,0,14,0,50,DECAYING,-6.5,-2,2.5,-101,45,NO_GO,-1,7,true,30,30,false,30min,
backtest,2026-03-25,06:30,DP Soda Lakes,15,4,6.8,4,4,11.2,0,63,100,0,DECAYING,-5.5,4,2.5,-86,30,NO_GO,0,7,true,30,30,false,30min,
backtest,2026-03-25,06:45,DP Soda Lakes,15,4,6.8,4,4,11.2,0,63,100,0,DECAYING,-5.5,4,2.5,-71,15,NO_GO,0,7,true,30,30,false,30min,
backtest,2026-03-25,07:00,DP Soda Lakes,15,8.5,6.3,8.5,8.5,19.7,0,348,0,50,BUILDING,4.5,3,2.9,-56,0,NO_GO,0,7,true,30,30,false,30min,
backtest,2026-03-26,05:00,DP Soda Lakes,15,2.8,4,2.8,2.8,8.1,0,298,100,100,HOLDING,-2.5,3,2.8,-175,120,NO_GO,0,7,false,0,0,false,30min,
backtest,2026-03-26,05:15,DP Soda Lakes,15,2.8,4,2.8,2.8,8.1,0,298,100,100,HOLDING,-2.5,3,2.8,-160,105,NO_GO,0,7,false,0,0,false,30min,
backtest,2026-03-26,05:30,DP Soda Lakes,15,8.5,5.7,8.5,8.5,18.8,0,293,100,50,BUILDING,5.7,3,3,-145,90,NO_GO,0,7,false,0,0,false,30min,
backtest,2026-03-26,05:45,DP Soda Lakes,15,8.5,5.7,8.5,8.5,18.8,0,293,100,50,BUILDING,5.7,3,3,-130,75,NO_GO,0,7,false,0,0,false,30min,
backtest,2026-03-26,06:00,DP Soda Lakes,15,4.3,6.4,4.3,4.3,13.7,0,300,100,0,DECAYING,-4.2,3,3.1,-115,60,NO_GO,0,7,false,0,0,false,30min,
backtest,2026-03-26,06:15,DP Soda Lakes,15,4.3,6.4,4.3,4.3,13.7,0,300,100,0,DECAYING,-4.2,3,3.1,-100,45,NO_GO,0,7,false,0,0,false,30min,
backtest,2026-03-26,06:30,DP Soda Lakes,15,3.2,3.8,3.2,3.2,13.2,0,263,0,0,HOLDING,-1.1,5,3.8,-85,30,NO_GO,0,7,false,0,0,false,30min,
backtest,2026-03-26,06:45,DP Soda Lakes,15,3.2,3.8,3.2,3.2,13.2,0,263,0,0,HOLDING,-1.1,5,3.8,-70,15,NO_GO,0,7,false,0,0,false,30min,
backtest,2026-03-26,07:00,DP Soda Lakes,15,3.6,3.4,3.6,3.6,12.1,0,220,100,0,HOLDING,0.4,7,1.6,-55,0,NO_GO,0,7,false,0,0,false,30min,
backtest,2026-03-27,05:00,DP Soda Lakes,15,6.2,6.6,6.2,6.2,13.7,0,343,100,0,HOLDING,-0.7,3,1.6,-173,120,NO_GO,0,7,false,0,0,false,30min,
backtest,2026-03-27,05:15,DP Soda Lakes,15,6.2,6.6,6.2,6.2,13.7,0,343,100,0,HOLDING,-0.7,3,1.6,-158,105,NO_GO,0,7,false,0,0,false,30min,
backtest,2026-03-27,05:30,DP Soda Lakes,15,5.5,5.8,5.5,5.5,10.7,0,341,100,0,HOLDING,-0.7,3,1.9,-143,90,NO_GO,0,7,false,0,0,false,30min,
backtest,2026-03-27,05:45,DP Soda Lakes,15,5.5,5.8,5.5,5.5,10.7,0,341,100,0,HOLDING,-0.7,3,1.9,-128,75,NO_GO,0,7,false,0,0,false,30min,
backtest,2026-03-27,06:00,DP Soda Lakes,15,4.8,5.2,4.8,4.8,11.2,0,347,100,0,HOLDING,-0.7,3,1.6,-113,60,NO_GO,0,7,false,0,0,false,30min,
backtest,2026-03-27,06:15,DP Soda Lakes,15,4.8,5.2,4.8,4.8,11.2,0,347,100,0,HOLDING,-0.7,3,1.6,-98,45,NO_GO,0,7,false,0,0,false,30min,
backtest,2026-03-27,06:30,DP Soda Lakes,15,4.9,4.8,4.9,4.9,8.5,0,349,100,0,HOLDING,0.1,3,3.2,-83,30,NO_GO,0,7,false,0,0,false,30min,
backtest,2026-03-27,06:45,DP Soda Lakes,15,4.9,4.8,4.9,4.9,8.5,0,349,100,0,HOLDING,0.1,3,3.2,-68,15,NO_GO,0,7,false,0,0,false,30min,
backtest,2026-03-27,07:00,DP Soda Lakes,15,2.7,3.8,2.7,2.7,5.8,0,21,100,0,HOLDING,-2.2,4,3.3,-53,0,NO_GO,0,7,false,0,0,false,30min,
backtest,2026-03-28,05:00,DP Soda Lakes,15,8,5.3,8,8,23,0,291,100,50,BUILDING,5.4,-12,1.7,-171,120,NO_GO,0,7,false,0,0,false,30min,
backtest,2026-03-28,05:15,DP Soda Lakes,15,8,5.3,8,8,23,0,291,100,50,BUILDING,5.4,-12,1.7,-156,105,NO_GO,0,7,false,0,0,false,30min,
backtest,2026-03-28,05:30,DP Soda Lakes,15,5.2,6.6,5.2,5.2,13,0,287,100,50,HOLDING,-2.8,-10,1.3,-141,90,NO_GO,0,7,false,0,0,false,30min,
backtest,2026-03-28,05:45,DP Soda Lakes,15,5.2,6.6,5.2,5.2,13,0,287,100,50,HOLDING,-2.8,-10,1.3,-126,75,NO_GO,0,7,false,0,0,false,30min,
backtest,2026-03-28,06:00,DP Soda Lakes,15,3.5,4.3,3.5,3.5,7.4,0,330,100,50,HOLDING,-1.7,-3,1.5,-111,60,NO_GO,0,7,false,0,0,false,30min,
backtest,2026-03-28,06:15,DP Soda Lakes,15,3.5,4.3,3.5,3.5,7.4,0,330,100,50,HOLDING,-1.7,-3,1.5,-96,45,NO_GO,0,7,false,0,0,false,30min,
backtest,2026-03-28,06:30,DP Soda Lakes,15,2.9,3.2,2.9,2.9,8.1,0,339,100,50,HOLDING,-0.6,-1,3.2,-81,30,NO_GO,0,7,false,0,0,false,30min,
backtest,2026-03-28,06:45,DP Soda Lakes,15,2.9,3.2,2.9,2.9,8.1,0,339,100,50,HOLDING,-0.6,-1,3.2,-66,15,NO_GO,0,7,false,0,0,false,30min,
backtest,2026-03-28,07:00,DP Soda Lakes,15,4.1,3.5,4.1,4.1,12.8,0,330,100,50,HOLDING,1.2,1,2.8,-51,0,NO_GO,0,7,false,0,0,false,30min,
backtest,2026-03-29,05:00,DP Soda Lakes,15,10.8,8.8,10.8,10.8,17.2,0,290,100,100,BUILDING,4.1,0,8.2,-170,120,MARGINAL,2,7,false,0,0,false,30min,
backtest,2026-03-29,05:15,DP Soda Lakes,15,10.8,8.8,10.8,10.8,17.2,0,290,100,100,BUILDING,4.1,0,8.2,-155,105,MARGINAL,2,7,false,0,0,false,30min,
backtest,2026-03-29,05:30,DP Soda Lakes,15,10.6,10.7,10.6,10.6,20.6,0,297,100,100,HOLDING,-0.2,1,4.8,-140,90,MARGINAL,2,7,false,0,0,false,30min,
backtest,2026-03-29,05:45,DP Soda Lakes,15,10.6,10.7,10.6,10.6,20.6,0,297,100,100,HOLDING,-0.2,1,4.8,-125,75,MARGINAL,2,7,false,0,0,false,30min,
backtest,2026-03-29,06:00,DP Soda Lakes,15,10.3,10.4,10.3,10.3,20.6,0,291,100,100,HOLDING,-0.3,3,6,-110,60,MARGINAL,1,7,false,0,0,false,30min,
backtest,2026-03-29,06:15,DP Soda Lakes,15,10.3,10.4,10.3,10.3,20.6,0,291,100,100,HOLDING,-0.3,3,6,-95,45,MARGINAL,1,7,false,0,0,false,30min,
backtest,2026-03-29,06:30,DP Soda Lakes,15,5.9,8.1,5.9,5.9,15.7,0,280,100,100,DECAYING,-4.4,3,7.1,-80,30,NO_GO,0,7,false,0,0,false,30min,
backtest,2026-03-29,06:45,DP Soda Lakes,15,5.9,8.1,5.9,5.9,15.7,0,280,100,100,DECAYING,-4.4,3,7.1,-65,15,NO_GO,0,7,false,0,0,false,30min,
backtest,2026-03-29,07:00,DP Soda Lakes,15,5.5,5.7,5.5,5.5,14.1,0,277,100,100,HOLDING,-0.4,7,5,-50,0,NO_GO,0,7,false,0,0,false,30min,
backtest,2026-03-30,05:00,DP Soda Lakes,15,18.4,18.6,18.4,18.4,26.4,100,274,100,100,HOLDING,-0.4,3,1.8,-168,120,GO,5,7,true,90,300,false,30min,
backtest,2026-03-30,05:15,DP Soda Lakes,15,18.4,18.6,18.4,18.4,26.4,100,274,100,100,HOLDING,-0.4,3,1.8,-153,105,GO,5,7,true,90,300,false,30min,
backtest,2026-03-30,05:30,DP Soda Lakes,15,18.1,18.3,18.1,18.1,27.3,100,271,100,100,HOLDING,-0.3,3,2.3,-138,90,GO,5,7,true,90,300,false,30min,
backtest,2026-03-30,05:45,DP Soda Lakes,15,18.1,18.3,18.1,18.1,27.3,100,271,100,100,HOLDING,-0.3,3,2.3,-123,75,GO,5,7,true,90,300,false,30min,
backtest,2026-03-30,06:00,DP Soda Lakes,15,17.1,17.6,17.1,17.1,23.7,100,270,100,50,HOLDING,-1,3,2.3,-108,60,MARGINAL,3,7,true,90,300,false,30min,
backtest,2026-03-30,06:15,DP Soda Lakes,15,17.1,17.6,17.1,17.1,23.7,100,270,100,50,HOLDING,-1,3,2.3,-93,45,MARGINAL,3,7,true,90,300,false,30min,
backtest,2026-03-30,06:30,DP Soda Lakes,15,16.9,17,16.9,16.9,21.7,100,269,100,0,HOLDING,-0.2,4,1.7,-78,30,MARGINAL,1,7,true,90,300,false,30min,
backtest,2026-03-30,06:45,DP Soda Lakes,15,16.9,17,16.9,16.9,21.7,100,269,100,0,HOLDING,-0.2,4,1.7,-63,15,MARGINAL,1,7,true,90,300,false,30min,
backtest,2026-03-30,07:00,DP Soda Lakes,15,17.9,17.4,17.9,17.9,24.2,100,270,100,50,HOLDING,1,4,2.7,-48,0,MARGINAL,3,7,true,90,300,false,30min,
backtest,2026-03-31,05:00,DP Soda Lakes,15,9.1,7.3,9.1,9.1,20.6,0,307,100,100,BUILDING,3.5,10,3.4,-166,120,MARGINAL,2,7,false,0,150,true,30min,
backtest,2026-03-31,05:15,DP Soda Lakes,15,9.1,7.3,9.1,9.1,20.6,0,307,100,100,BUILDING,3.5,10,3.4,-151,105,MARGINAL,2,7,false,0,150,true,30min,
backtest,2026-03-31,05:30,DP Soda Lakes,15,11.3,10.2,11.3,11.3,19.9,0,331,100,50,HOLDING,2.2,27,2.6,-136,90,NO_GO,-1,7,false,0,150,true,30min,
backtest,2026-03-31,05:45,DP Soda Lakes,15,11.3,10.2,11.3,11.3,19.9,0,331,100,50,HOLDING,2.2,27,2.6,-121,75,NO_GO,-1,7,false,0,150,true,30min,
backtest,2026-03-31,06:00,DP Soda Lakes,15,8.4,9.9,8.4,8.4,16.3,0,333,100,0,HOLDING,-2.9,33,4.3,-106,60,NO_GO,0,7,false,0,150,true,30min,
backtest,2026-03-31,06:15,DP Soda Lakes,15,8.4,9.9,8.4,8.4,16.3,0,333,100,0,HOLDING,-2.9,33,4.3,-91,45,NO_GO,0,7,false,0,150,true,30min,
backtest,2026-03-31,06:30,DP Soda Lakes,15,5.6,7,5.6,5.6,11.2,0,334,100,0,HOLDING,-2.8,37,2.9,-76,30,NO_GO,0,7,false,0,150,true,30min,
backtest,2026-03-31,06:45,DP Soda Lakes,15,5.6,7,5.6,5.6,11.2,0,334,100,0,HOLDING,-2.8,37,2.9,-61,15,NO_GO,0,7,false,0,150,true,30min,
backtest,2026-03-31,07:00,DP Soda Lakes,15,7.3,6.4,7.3,7.3,13.7,0,330,100,50,HOLDING,1.7,39,3.9,-46,0,NO_GO,0,7,false,0,150,true,30min,
backtest,2026-04-01,05:00,DP Soda Lakes,15,5,4.2,5,5,12.3,0,303,100,100,HOLDING,1.7,6,0.9,-165,120,NO_GO,0,7,false,0,0,false,30min,
backtest,2026-04-01,05:15,DP Soda Lakes,15,5,4.2,5,5,12.3,0,303,100,100,HOLDING,1.7,6,0.9,-150,105,NO_GO,0,7,false,0,0,false,30min,
backtest,2026-04-01,05:30,DP Soda Lakes,15,5.6,5.3,5.6,5.6,14.5,0,300,100,100,HOLDING,0.6,4,2.1,-135,90,NO_GO,0,7,false,0,0,false,30min,
backtest,2026-04-01,05:45,DP Soda Lakes,15,5.6,5.3,5.6,5.6,14.5,0,300,100,100,HOLDING,0.6,4,2.1,-120,75,NO_GO,0,7,false,0,0,false,30min,
backtest,2026-04-01,06:00,DP Soda Lakes,15,7.6,6.6,7.6,7.6,16.3,0,303,100,100,HOLDING,2,4,2.2,-105,60,NO_GO,0,7,false,0,0,false,30min,
backtest,2026-04-01,06:15,DP Soda Lakes,15,7.6,6.6,7.6,7.6,16.3,0,303,100,100,HOLDING,2,4,2.2,-90,45,NO_GO,0,7,false,0,0,false,30min,
backtest,2026-04-01,06:30,DP Soda Lakes,15,1.8,4.7,1.8,1.8,5.4,0,307,100,100,DECAYING,-5.8,5,3.3,-75,30,NO_GO,0,7,false,0,0,false,30min,
backtest,2026-04-01,06:45,DP Soda Lakes,15,1.8,4.7,1.8,1.8,5.4,0,307,100,100,DECAYING,-5.8,5,3.3,-60,15,NO_GO,0,7,false,0,0,false,30min,
backtest,2026-04-01,07:00,DP Soda Lakes,15,3.3,2.5,3.3,3.3,10.5,0,285,100,50,HOLDING,1.5,7,1.9,-45,0,NO_GO,0,7,false,0,0,false,30min,
backtest,2026-04-02,05:00,DP Soda Lakes,15,4.8,4.3,4.8,4.8,10.3,0,308,100,100,HOLDING,1,4,3.4,-163,120,NO_GO,0,7,false,0,0,false,30min,
backtest,2026-04-02,05:15,DP Soda Lakes,15,4.8,4.3,4.8,4.8,10.3,0,308,100,100,HOLDING,1,4,3.4,-148,105,NO_GO,0,7,false,0,0,false,30min,
backtest,2026-04-02,05:30,DP Soda Lakes,15,3.7,4.3,3.7,3.7,9.4,0,319,100,50,HOLDING,-1.1,-2,3.5,-133,90,NO_GO,0,7,false,0,0,false,30min,
backtest,2026-04-02,05:45,DP Soda Lakes,15,3.7,4.3,3.7,3.7,9.4,0,319,100,50,HOLDING,-1.1,-2,3.5,-118,75,NO_GO,0,7,false,0,0,false,30min,
backtest,2026-04-02,06:00,DP Soda Lakes,15,3,3.4,3,3,9.2,0,327,100,50,HOLDING,-0.7,1,7,-103,60,NO_GO,0,7,false,0,0,false,30min,
backtest,2026-04-02,06:15,DP Soda Lakes,15,3,3.4,3,3,9.2,0,327,100,50,HOLDING,-0.7,1,7,-88,45,NO_GO,0,7,false,0,0,false,30min,
backtest,2026-04-02,06:30,DP Soda Lakes,15,4.1,3.5,4.1,4.1,11.4,0,312,100,100,HOLDING,1.1,3,4.9,-73,30,NO_GO,0,7,false,0,0,false,30min,
backtest,2026-04-02,06:45,DP Soda Lakes,15,4.1,3.5,4.1,4.1,11.4,0,312,100,100,HOLDING,1.1,3,4.9,-58,15,NO_GO,0,7,false,0,0,false,30min,
backtest,2026-04-02,07:00,DP Soda Lakes,15,2.6,3.3,2.6,2.6,6.7,0,322,100,100,HOLDING,-1.5,2,4.4,-43,0,NO_GO,0,7,false,0,0,false,30min,
backtest,2026-04-03,05:00,DP Soda Lakes,15,3.9,3.3,3.9,3.9,10.7,0,268,100,50,HOLDING,1.1,8,8.6,-162,120,NO_GO,0,7,true,30,0,false,30min,
backtest,2026-04-03,05:15,DP Soda Lakes,15,3.9,3.3,3.9,3.9,10.7,0,268,100,50,HOLDING,1.1,8,8.6,-147,105,NO_GO,0,7,true,30,0,false,30min,
backtest,2026-04-03,05:30,DP Soda Lakes,15,2.5,3.2,2.5,2.5,6.7,0,303,100,100,HOLDING,-1.4,8,8.4,-132,90,NO_GO,0,7,true,30,0,false,30min,
backtest,2026-04-03,05:45,DP Soda Lakes,15,2.5,3.2,2.5,2.5,6.7,0,303,100,100,HOLDING,-1.4,8,8.4,-117,75,NO_GO,0,7,true,30,0,false,30min,
backtest,2026-04-03,06:00,DP Soda Lakes,15,2.5,2.5,2.5,2.5,5.8,0,271,100,50,HOLDING,0,10,12.8,-102,60,NO_GO,0,7,true,30,0,false,30min,
backtest,2026-04-03,06:15,DP Soda Lakes,15,2.5,2.5,2.5,2.5,5.8,0,271,100,50,HOLDING,0,10,12.8,-87,45,NO_GO,0,7,true,30,0,false,30min,
backtest,2026-04-03,06:30,DP Soda Lakes,15,2.9,2.7,2.9,2.9,9.2,0,216,100,0,HOLDING,0.4,6,16.5,-72,30,NO_GO,0,7,true,30,0,false,30min,
backtest,2026-04-03,06:45,DP Soda Lakes,15,2.9,2.7,2.9,2.9,9.2,0,216,100,0,HOLDING,0.4,6,16.5,-57,15,NO_GO,0,7,true,30,0,false,30min,
backtest,2026-04-03,07:00,DP Soda Lakes,15,3.3,3.1,3.3,3.3,7.2,0,220,100,0,HOLDING,0.4,6,18.6,-42,0,NO_GO,0,7,true,30,0,false,30min,
backtest,2026-04-04,05:00,DP Soda Lakes,15,4.6,4.3,4.6,4.6,11.6,0,309,100,100,HOLDING,0.6,19,4,-160,120,NO_GO,0,7,false,0,0,false,30min,
backtest,2026-04-04,05:15,DP Soda Lakes,15,4.6,4.3,4.6,4.6,11.6,0,309,100,100,HOLDING,0.6,19,4,-145,105,NO_GO,0,7,false,0,0,false,30min,
backtest,2026-04-04,05:30,DP Soda Lakes,15,3.5,4,3.5,3.5,14.1,0,295,100,100,HOLDING,-1.1,16,2,-130,90,NO_GO,0,7,false,0,0,false,30min,
backtest,2026-04-04,05:45,DP Soda Lakes,15,3.5,4,3.5,3.5,14.1,0,295,100,100,HOLDING,-1.1,16,2,-115,75,NO_GO,0,7,false,0,0,false,30min,
backtest,2026-04-04,06:00,DP Soda Lakes,15,2.1,2.8,2.1,2.1,8.7,0,353,0,50,HOLDING,-1.4,18,2.8,-100,60,NO_GO,0,7,false,0,0,false,30min,
backtest,2026-04-04,06:15,DP Soda Lakes,15,2.1,2.8,2.1,2.1,8.7,0,353,0,50,HOLDING,-1.4,18,2.8,-85,45,NO_GO,0,7,false,0,0,false,30min,
backtest,2026-04-04,06:30,DP Soda Lakes,15,2.9,2.5,2.9,2.9,8.3,0,58,100,0,HOLDING,0.8,18,4.1,-70,30,NO_GO,0,7,false,0,0,false,30min,
backtest,2026-04-04,06:45,DP Soda Lakes,15,2.9,2.5,2.9,2.9,8.3,0,58,100,0,HOLDING,0.8,18,4.1,-55,15,NO_GO,0,7,false,0,0,false,30min,
backtest,2026-04-04,07:00,DP Soda Lakes,15,3.9,3.4,3.9,3.9,10.7,0,97,100,0,HOLDING,1,5,5.3,-40,0,NO_GO,0,7,false,0,0,false,30min,
backtest,2026-04-05,05:00,DP Soda Lakes,15,18.8,17.1,18.8,18.8,26.2,100,274,100,100,BUILDING,3.5,2,1.3,-158,120,GO,6,7,true,120,150,false,30min,
backtest,2026-04-05,05:15,DP Soda Lakes,15,18.8,17.1,18.8,18.8,26.2,100,274,100,100,BUILDING,3.5,2,1.3,-143,105,GO,6,7,true,120,150,false,30min,
backtest,2026-04-05,05:30,DP Soda Lakes,15,18.3,18.6,18.3,18.3,26.4,100,275,100,100,HOLDING,-0.5,2,2.8,-128,90,GO,5,7,true,120,150,false,30min,
backtest,2026-04-05,05:45,DP Soda Lakes,15,18.3,18.6,18.3,18.3,26.4,100,275,100,100,HOLDING,-0.5,2,2.8,-113,75,GO,5,7,true,120,150,false,30min,
backtest,2026-04-05,06:00,DP Soda Lakes,15,18.7,18.5,18.7,18.7,26.6,100,275,100,100,HOLDING,0.4,1,3.1,-98,60,GO,5,7,true,120,150,false,30min,
backtest,2026-04-05,06:15,DP Soda Lakes,15,18.7,18.5,18.7,18.7,26.6,100,275,100,100,HOLDING,0.4,1,3.1,-83,45,GO,5,7,true,120,150,false,30min,
backtest,2026-04-05,06:30,DP Soda Lakes,15,20.1,19.4,20.1,20.1,30,100,274,100,100,HOLDING,1.4,0,2.7,-68,30,GO,5,7,true,120,150,false,30min,
backtest,2026-04-05,06:45,DP Soda Lakes,15,20.1,19.4,20.1,20.1,30,100,274,100,100,HOLDING,1.4,0,2.7,-53,15,GO,5,7,true,120,150,false,30min,
backtest,2026-04-05,07:00,DP Soda Lakes,15,17.3,18.7,17.3,17.3,26.6,100,276,100,100,HOLDING,-2.8,0,2.8,-38,0,GO,5,7,true,120,150,false,30min,
backtest,2026-04-06,05:00,DP Soda Lakes,15,17.6,17.6,17.6,17.6,25.9,100,275,100,100,HOLDING,0.1,6,2,-157,120,GO,4,7,true,120,360,false,30min,
backtest,2026-04-06,05:15,DP Soda Lakes,15,17.6,17.6,17.6,17.6,25.9,100,275,100,100,HOLDING,0.1,6,2,-142,105,GO,4,7,true,120,360,false,30min,
backtest,2026-04-06,05:30,DP Soda Lakes,15,19.6,18.6,19.6,19.6,29.1,100,274,100,100,HOLDING,2,5,1.4,-127,90,GO,4,7,true,120,360,false,30min,
backtest,2026-04-06,05:45,DP Soda Lakes,15,19.6,18.6,19.6,19.6,29.1,100,274,100,100,HOLDING,2,5,1.4,-112,75,GO,4,7,true,120,360,false,30min,
backtest,2026-04-06,06:00,DP Soda Lakes,15,18.8,19.2,18.8,18.8,27.7,100,273,100,100,HOLDING,-0.8,5,1.4,-97,60,GO,4,7,true,120,360,false,30min,
backtest,2026-04-06,06:15,DP Soda Lakes,15,18.8,19.2,18.8,18.8,27.7,100,273,100,100,HOLDING,-0.8,5,1.4,-82,45,GO,4,7,true,120,360,false,30min,
backtest,2026-04-06,06:30,DP Soda Lakes,15,17.9,18.4,17.9,17.9,28.6,100,272,100,100,HOLDING,-0.9,6,1.7,-67,30,GO,4,7,true,120,360,false,30min,
backtest,2026-04-06,06:45,DP Soda Lakes,15,17.9,18.4,17.9,17.9,28.6,100,272,100,100,HOLDING,-0.9,6,1.7,-52,15,GO,4,7,true,120,360,false,30min,
backtest,2026-04-06,07:00,DP Soda Lakes,15,18.2,18,18.2,18.2,26.2,100,271,100,100,HOLDING,0.3,6,3.5,-37,0,GO,4,7,true,120,360,false,30min,
backtest,2026-04-07,05:00,DP Soda Lakes,15,4.1,3.5,4.1,4.1,10.7,0,312,100,100,HOLDING,1.1,12,0.9,-155,120,NO_GO,0,7,false,0,0,false,30min,
backtest,2026-04-07,05:15,DP Soda Lakes,15,4.1,3.5,4.1,4.1,10.7,0,312,100,100,HOLDING,1.1,12,0.9,-140,105,NO_GO,0,7,false,0,0,false,30min,
backtest,2026-04-07,05:30,DP Soda Lakes,15,3,3.5,3,3,7.6,0,319,100,100,HOLDING,-1.1,12,1.5,-125,90,NO_GO,0,7,false,0,0,false,30min,
backtest,2026-04-07,05:45,DP Soda Lakes,15,3,3.5,3,3,7.6,0,319,100,100,HOLDING,-1.1,12,1.5,-110,75,NO_GO,0,7,false,0,0,false,30min,
backtest,2026-04-07,06:00,DP Soda Lakes,15,5.4,4.2,5.4,5.4,10.3,0,314,100,100,HOLDING,2.4,14,2,-95,60,NO_GO,0,7,false,0,0,false,30min,
backtest,2026-04-07,06:15,DP Soda Lakes,15,5.4,4.2,5.4,5.4,10.3,0,314,100,100,HOLDING,2.4,14,2,-80,45,NO_GO,0,7,false,0,0,false,30min,
backtest,2026-04-07,06:30,DP Soda Lakes,15,3,4.2,3,3,7.8,0,314,100,100,HOLDING,-2.4,16,1.5,-65,30,NO_GO,0,7,false,0,0,false,30min,
backtest,2026-04-07,06:45,DP Soda Lakes,15,3,4.2,3,3,7.8,0,314,100,100,HOLDING,-2.4,16,1.5,-50,15,NO_GO,0,7,false,0,0,false,30min,
backtest,2026-04-07,07:00,DP Soda Lakes,15,4,3.5,4,4,9.6,0,316,100,100,HOLDING,1,16,2.9,-35,0,NO_GO,0,7,false,0,0,false,30min,
backtest,2026-04-08,05:00,DP Soda Lakes,15,8.6,8.5,8.6,8.6,15.9,0,288,100,100,HOLDING,0.2,-3,9.2,-154,120,NO_GO,0,7,false,0,30,true,30min,
backtest,2026-04-08,05:15,DP Soda Lakes,15,8.6,8.5,8.6,8.6,15.9,0,288,100,100,HOLDING,0.2,-3,9.2,-139,105,NO_GO,0,7,false,0,30,true,30min,
backtest,2026-04-08,05:30,DP Soda Lakes,15,10.1,9.3,10.1,10.1,17.2,0,282,100,100,HOLDING,1.5,2,8.4,-124,90,MARGINAL,1,7,false,0,30,true,30min,
backtest,2026-04-08,05:45,DP Soda Lakes,15,10.1,9.3,10.1,10.1,17.2,0,282,100,100,HOLDING,1.5,2,8.4,-109,75,MARGINAL,1,7,false,0,30,true,30min,
backtest,2026-04-08,06:00,DP Soda Lakes,15,5.9,8,5.9,5.9,16.3,0,278,100,100,DECAYING,-4.2,8,5.1,-94,60,NO_GO,0,7,false,0,30,true,30min,
backtest,2026-04-08,06:15,DP Soda Lakes,15,5.9,8,5.9,5.9,16.3,0,278,100,100,DECAYING,-4.2,8,5.1,-79,45,NO_GO,0,7,false,0,30,true,30min,
backtest,2026-04-08,06:30,DP Soda Lakes,15,3.3,4.6,3.3,3.3,9.2,0,243,100,50,HOLDING,-2.6,11,6.7,-64,30,NO_GO,0,7,false,0,30,true,30min,
backtest,2026-04-08,06:45,DP Soda Lakes,15,3.3,4.6,3.3,3.3,9.2,0,243,100,50,HOLDING,-2.6,11,6.7,-49,15,NO_GO,0,7,false,0,30,true,30min,
backtest,2026-04-08,07:00,DP Soda Lakes,15,6,4.7,6,6,14.3,0,265,0,50,HOLDING,2.7,7,7.7,-34,0,NO_GO,0,7,false,0,30,true,30min,
backtest,2026-04-09,05:00,DP Soda Lakes,15,2.1,3.5,2.1,2.1,8.5,0,281,100,50,HOLDING,-2.8,3,1.6,-152,120,NO_GO,0,7,false,0,0,false,30min,
backtest,2026-04-09,05:15,DP Soda Lakes,15,2.1,3.5,2.1,2.1,8.5,0,281,100,50,HOLDING,-2.8,3,1.6,-137,105,NO_GO,0,7,false,0,0,false,30min,
backtest,2026-04-09,05:30,DP Soda Lakes,15,3.1,2.6,3.1,3.1,11.2,0,265,100,50,HOLDING,1,6,1.7,-122,90,NO_GO,0,7,false,0,0,false,30min,
backtest,2026-04-09,05:45,DP Soda Lakes,15,3.1,2.6,3.1,3.1,11.2,0,265,100,50,HOLDING,1,6,1.7,-107,75,NO_GO,0,7,false,0,0,false,30min,
backtest,2026-04-09,06:00,DP Soda Lakes,15,3.8,3.5,3.8,3.8,16.3,0,258,100,50,HOLDING,0.7,7,2.1,-92,60,NO_GO,0,7,false,0,0,false,30min,
backtest,2026-04-09,06:15,DP Soda Lakes,15,3.8,3.5,3.8,3.8,16.3,0,258,100,50,HOLDING,0.7,7,2.1,-77,45,NO_GO,0,7,false,0,0,false,30min,
backtest,2026-04-09,06:30,DP Soda Lakes,15,3.6,3.7,3.6,3.6,14.3,0,260,100,50,HOLDING,-0.2,-2,2.1,-62,30,NO_GO,0,7,false,0,0,false,30min,
backtest,2026-04-09,06:45,DP Soda Lakes,15,3.6,3.7,3.6,3.6,14.3,0,260,100,50,HOLDING,-0.2,-2,2.1,-47,15,NO_GO,0,7,false,0,0,false,30min,
backtest,2026-04-09,07:00,DP Soda Lakes,15,2.8,3.2,2.8,2.8,9.6,0,278,100,100,HOLDING,-0.8,-5,4.1,-32,0,NO_GO,0,7,false,0,0,false,30min,
backtest,2026-04-10,05:00,DP Soda Lakes,15,6.1,5,6.1,6.1,12.5,0,291,100,100,HOLDING,2.1,11,1.8,-151,120,NO_GO,0,7,false,0,0,false,30min,
backtest,2026-04-10,05:15,DP Soda Lakes,15,6.1,5,6.1,6.1,12.5,0,291,100,100,HOLDING,2.1,11,1.8,-136,105,NO_GO,0,7,false,0,0,false,30min,
backtest,2026-04-10,05:30,DP Soda Lakes,15,5.2,5.7,5.2,5.2,10.5,0,301,100,100,HOLDING,-0.9,9,2.1,-121,90,NO_GO,0,7,false,0,0,false,30min,
backtest,2026-04-10,05:45,DP Soda Lakes,15,5.2,5.7,5.2,5.2,10.5,0,301,100,100,HOLDING,-0.9,9,2.1,-106,75,NO_GO,0,7,false,0,0,false,30min,
backtest,2026-04-10,06:00,DP Soda Lakes,15,5.8,5.5,5.8,5.8,11.4,0,310,100,100,HOLDING,0.6,6,1.8,-91,60,NO_GO,0,7,false,0,0,false,30min,
backtest,2026-04-10,06:15,DP Soda Lakes,15,5.8,5.5,5.8,5.8,11.4,0,310,100,100,HOLDING,0.6,6,1.8,-76,45,NO_GO,0,7,false,0,0,false,30min,
backtest,2026-04-10,06:30,DP Soda Lakes,15,5.7,5.8,5.7,5.7,9.4,0,307,100,100,HOLDING,-0.1,5,1.8,-61,30,NO_GO,0,7,false,0,0,false,30min,
backtest,2026-04-10,06:45,DP Soda Lakes,15,5.7,5.8,5.7,5.7,9.4,0,307,100,100,HOLDING,-0.1,5,1.8,-46,15,NO_GO,0,7,false,0,0,false,30min,
backtest,2026-04-10,07:00,DP Soda Lakes,15,3,4.3,3,3,7.2,0,312,100,100,HOLDING,-2.7,6,3.5,-31,0,NO_GO,0,7,false,0,0,false,30min,
backtest,2026-04-11,05:00,DP Soda Lakes,15,2.9,4.8,2.9,2.9,8.5,0,273,100,50,DECAYING,-3.9,-4,1.6,-149,120,NO_GO,0,7,false,0,0,false,30min,
backtest,2026-04-11,05:15,DP Soda Lakes,15,2.9,4.8,2.9,2.9,8.5,0,273,100,50,DECAYING,-3.9,-4,1.6,-134,105,NO_GO,0,7,false,0,0,false,30min,
backtest,2026-04-11,05:30,DP Soda Lakes,15,3.6,3.3,3.6,3.6,10.1,0,298,0,0,HOLDING,0.7,-8,0.9,-119,90,NO_GO,0,7,false,0,0,false,30min,
backtest,2026-04-11,05:45,DP Soda Lakes,15,3.6,3.3,3.6,3.6,10.1,0,298,0,0,HOLDING,0.7,-8,0.9,-104,75,NO_GO,0,7,false,0,0,false,30min,
backtest,2026-04-11,06:00,DP Soda Lakes,15,8.7,6.1,8.7,8.7,20.4,0,28,100,0,BUILDING,5.1,-13,1.5,-89,60,NO_GO,0,7,false,0,0,false,30min,
backtest,2026-04-11,06:15,DP Soda Lakes,15,8.7,6.1,8.7,8.7,20.4,0,28,100,0,BUILDING,5.1,-13,1.5,-74,45,NO_GO,0,7,false,0,0,false,30min,
backtest,2026-04-11,06:30,DP Soda Lakes,15,3.4,6,3.4,3.4,9.8,0,116,0,0,DECAYING,-5.3,-7,1.7,-59,30,NO_GO,0,7,false,0,0,false,30min,
backtest,2026-04-11,06:45,DP Soda Lakes,15,3.4,6,3.4,3.4,9.8,0,116,0,0,DECAYING,-5.3,-7,1.7,-44,15,NO_GO,0,7,false,0,0,false,30min,
backtest,2026-04-11,07:00,DP Soda Lakes,15,8.6,6,8.6,8.6,24.2,0,257,0,50,BUILDING,5.2,-17,3.4,-29,0,NO_GO,0,7,false,0,0,false,30min,
backtest,2026-04-12,05:00,DP Soda Lakes,15,10.7,9.9,10.7,10.7,21,0,253,100,0,HOLDING,1.6,-7,1.7,-148,120,NO_GO,-1,7,true,30,60,false,30min,
backtest,2026-04-12,05:15,DP Soda Lakes,15,10.7,9.9,10.7,10.7,21,0,253,100,0,HOLDING,1.6,-7,1.7,-133,105,NO_GO,-1,7,true,30,60,false,30min,
backtest,2026-04-12,05:30,DP Soda Lakes,15,9.3,10,9.3,9.3,21,0,258,100,0,HOLDING,-1.4,-3,1.9,-118,90,NO_GO,-2,7,true,30,60,false,30min,
backtest,2026-04-12,05:45,DP Soda Lakes,15,9.3,10,9.3,9.3,21,0,258,100,0,HOLDING,-1.4,-3,1.9,-103,75,NO_GO,-2,7,true,30,60,false,30min,
backtest,2026-04-12,06:00,DP Soda Lakes,15,15.9,12.6,15.9,15.9,23.9,100,261,100,50,BUILDING,6.6,-9,1.9,-88,60,GO,5,7,true,30,60,false,30min,
backtest,2026-04-12,06:15,DP Soda Lakes,15,15.9,12.6,15.9,15.9,23.9,100,261,100,50,BUILDING,6.6,-9,1.9,-73,45,GO,5,7,true,30,60,false,30min,
backtest,2026-04-12,06:30,DP Soda Lakes,15,18.7,17.3,18.7,18.7,28.4,100,273,100,100,HOLDING,2.8,-9,1.4,-58,30,GO,6,7,true,30,60,false,30min,
backtest,2026-04-12,06:45,DP Soda Lakes,15,18.7,17.3,18.7,18.7,28.4,100,273,100,100,HOLDING,2.8,-9,1.4,-43,15,GO,6,7,true,30,60,false,30min,
backtest,2026-04-12,07:00,DP Soda Lakes,15,12.5,15.6,12.5,12.5,22.6,0,271,100,100,DECAYING,-6.2,-9,3,-28,0,MARGINAL,2,7,true,30,60,false,30min,
backtest,2026-04-13,05:00,DP Soda Lakes,15,5.8,5.4,5.8,5.8,13,0,290,100,100,HOLDING,0.8,11,4.8,-146,120,NO_GO,0,7,false,0,0,false,30min,
backtest,2026-04-13,05:15,DP Soda Lakes,15,5.8,5.4,5.8,5.8,13,0,290,100,100,HOLDING,0.8,11,4.8,-131,105,NO_GO,0,7,false,0,0,false,30min,
backtest,2026-04-13,05:30,DP Soda Lakes,15,7.3,6.5,7.3,7.3,15.2,0,288,100,100,HOLDING,1.5,12,3.9,-116,90,NO_GO,0,7,false,0,0,false,30min,
backtest,2026-04-13,05:45,DP Soda Lakes,15,7.3,6.5,7.3,7.3,15.2,0,288,100,100,HOLDING,1.5,12,3.9,-101,75,NO_GO,0,7,false,0,0,false,30min,
backtest,2026-04-13,06:00,DP Soda Lakes,15,7.2,7.3,7.2,7.2,15.7,0,288,100,100,HOLDING,-0.1,12,3.5,-86,60,NO_GO,0,7,false,0,0,false,30min,
backtest,2026-04-13,06:15,DP Soda Lakes,15,7.2,7.3,7.2,7.2,15.7,0,288,100,100,HOLDING,-0.1,12,3.5,-71,45,NO_GO,0,7,false,0,0,false,30min,
backtest,2026-04-13,06:30,DP Soda Lakes,15,9.3,8.3,9.3,9.3,19.5,0,290,100,100,HOLDING,2.1,8,4.1,-56,30,MARGINAL,1,7,false,0,0,false,30min,
backtest,2026-04-13,06:45,DP Soda Lakes,15,9.3,8.3,9.3,9.3,19.5,0,290,100,100,HOLDING,2.1,8,4.1,-41,15,MARGINAL,1,7,false,0,0,false,30min,
backtest,2026-04-13,07:00,DP Soda Lakes,15,4,6.7,4,4,17.2,0,266,100,50,DECAYING,-5.3,10,2.7,-26,0,NO_GO,0,7,false,0,0,false,30min,
backtest,2026-04-14,05:00,DP Soda Lakes,15,2.8,4.2,2.8,2.8,6.3,0,281,100,100,HOLDING,-2.7,14,1,-145,120,NO_GO,0,7,false,0,0,false,30min,
backtest,2026-04-14,05:15,DP Soda Lakes,15,2.8,4.2,2.8,2.8,6.3,0,281,100,100,HOLDING,-2.7,14,1,-130,105,NO_GO,0,7,false,0,0,false,30min,
backtest,2026-04-14,05:30,DP Soda Lakes,15,6.1,4.4,6.1,6.1,11.9,0,285,100,100,BUILDING,3.3,7,0.6,-115,90,NO_GO,0,7,false,0,0,false,30min,
backtest,2026-04-14,05:45,DP Soda Lakes,15,6.1,4.4,6.1,6.1,11.9,0,285,100,100,BUILDING,3.3,7,0.6,-100,75,NO_GO,0,7,false,0,0,false,30min,
backtest,2026-04-14,06:00,DP Soda Lakes,15,7.8,6.9,7.8,7.8,16.1,0,295,100,100,HOLDING,1.7,6,0.5,-85,60,NO_GO,0,7,false,0,0,false,30min,
backtest,2026-04-14,06:15,DP Soda Lakes,15,7.8,6.9,7.8,7.8,16.1,0,295,100,100,HOLDING,1.7,6,0.5,-70,45,NO_GO,0,7,false,0,0,false,30min,
backtest,2026-04-14,06:30,DP Soda Lakes,15,11.2,9.5,11.2,11.2,15.7,0,286,100,100,BUILDING,3.4,9,1.6,-55,30,MARGINAL,2,7,false,0,0,false,30min,
backtest,2026-04-14,06:45,DP Soda Lakes,15,11.2,9.5,11.2,11.2,15.7,0,286,100,100,BUILDING,3.4,9,1.6,-40,15,MARGINAL,2,7,false,0,0,false,30min,
backtest,2026-04-14,07:00,DP Soda Lakes,15,10.7,10.9,10.7,10.7,17.2,0,286,100,100,HOLDING,-0.5,10,3.8,-25,0,MARGINAL,1,7,false,0,0,false,30min,
backtest,2026-04-15,05:00,DP Soda Lakes,15,22,21.3,22,22,36.2,100,274,100,100,HOLDING,1.4,-20,9.8,-143,120,GO,6,7,true,210,300,false,30min,
backtest,2026-04-15,05:15,DP Soda Lakes,15,22,21.3,22,22,36.2,100,274,100,100,HOLDING,1.4,-20,9.8,-128,105,GO,6,7,true,210,300,false,30min,
backtest,2026-04-15,05:30,DP Soda Lakes,15,25.7,23.9,25.7,25.7,42.5,100,281,100,100,BUILDING,3.7,-21,9.7,-113,90,GO,7,7,true,210,300,false,30min,
backtest,2026-04-15,05:45,DP Soda Lakes,15,25.7,23.9,25.7,25.7,42.5,100,281,100,100,BUILDING,3.7,-21,9.7,-98,75,GO,7,7,true,210,300,false,30min,
backtest,2026-04-15,06:00,DP Soda Lakes,15,27.4,26.5,27.4,27.4,42,100,283,100,100,HOLDING,1.7,-21,13.4,-83,60,GO,6,7,true,210,300,false,30min,
backtest,2026-04-15,06:15,DP Soda Lakes,15,27.4,26.5,27.4,27.4,42,100,283,100,100,HOLDING,1.7,-21,13.4,-68,45,GO,6,7,true,210,300,false,30min,
backtest,2026-04-15,06:30,DP Soda Lakes,15,25.1,26.3,25.1,25.1,42.3,100,281,100,100,HOLDING,-2.3,-21,10.6,-53,30,GO,6,7,true,210,300,false,30min,
backtest,2026-04-15,06:45,DP Soda Lakes,15,25.1,26.3,25.1,25.1,42.3,100,281,100,100,HOLDING,-2.3,-21,10.6,-38,15,GO,6,7,true,210,300,false,30min,
backtest,2026-04-15,07:00,DP Soda Lakes,15,26.3,25.7,26.3,26.3,41.2,100,281,100,100,HOLDING,1.2,-22,13.3,-23,0,GO,5,7,true,210,300,false,30min,
backtest,2026-04-16,05:00,DP Soda Lakes,15,13,15.2,13,13,20.8,0,274,100,100,DECAYING,-4.3,0,2.3,-142,120,MARGINAL,3,7,true,60,60,false,30min,
backtest,2026-04-16,05:15,DP Soda Lakes,15,13,15.2,13,13,20.8,0,274,100,100,DECAYING,-4.3,0,2.3,-127,105,MARGINAL,3,7,true,60,60,false,30min,
backtest,2026-04-16,05:30,DP Soda Lakes,15,15.9,14.4,15.9,15.9,24.8,100,271,100,100,HOLDING,2.9,1,2.9,-112,90,GO,5,7,true,60,60,false,30min,
backtest,2026-04-16,05:45,DP Soda Lakes,15,15.9,14.4,15.9,15.9,24.8,100,271,100,100,HOLDING,2.9,1,2.9,-97,75,GO,5,7,true,60,60,false,30min,
backtest,2026-04-16,06:00,DP Soda Lakes,15,16.4,16.1,16.4,16.4,25.7,100,272,100,100,HOLDING,0.5,1,2.3,-82,60,GO,5,7,true,60,60,false,30min,
backtest,2026-04-16,06:15,DP Soda Lakes,15,16.4,16.1,16.4,16.4,25.7,100,272,100,100,HOLDING,0.5,1,2.3,-67,45,GO,5,7,true,60,60,false,30min,
backtest,2026-04-16,06:30,DP Soda Lakes,15,12.9,14.6,12.9,12.9,22.1,0,270,100,50,DECAYING,-3.5,1,3.5,-52,30,MARGINAL,1,7,true,60,60,false,30min,
backtest,2026-04-16,06:45,DP Soda Lakes,15,12.9,14.6,12.9,12.9,22.1,0,270,100,50,DECAYING,-3.5,1,3.5,-37,15,MARGINAL,1,7,true,60,60,false,30min,
backtest,2026-04-16,07:00,DP Soda Lakes,15,11.2,12.1,11.2,11.2,23,0,266,100,0,HOLDING,-1.7,3,4.7,-22,0,NO_GO,-2,7,true,60,60,false,30min,
backtest,2026-04-17,05:00,DP Soda Lakes,15,10.8,10.3,10.8,10.8,18.1,0,122,100,0,HOLDING,1.1,51,12.8,-140,120,NO_GO,-5,7,false,0,0,false,30min,
backtest,2026-04-17,05:15,DP Soda Lakes,15,10.8,10.3,10.8,10.8,18.1,0,122,100,0,HOLDING,1.1,51,12.8,-125,105,NO_GO,-5,7,false,0,0,false,30min,
backtest,2026-04-17,05:30,DP Soda Lakes,15,12.8,11.8,12.8,12.8,19.9,0,130,100,0,HOLDING,2,52,12.4,-110,90,NO_GO,-3,7,false,0,0,false,30min,
backtest,2026-04-17,05:45,DP Soda Lakes,15,12.8,11.8,12.8,12.8,19.9,0,130,100,0,HOLDING,2,52,12.4,-95,75,NO_GO,-3,7,false,0,0,false,30min,
backtest,2026-04-17,06:00,DP Soda Lakes,15,12.3,12.6,12.3,12.3,19.5,0,124,100,0,HOLDING,-0.5,53,12.1,-80,60,NO_GO,-5,7,false,0,0,false,30min,
backtest,2026-04-17,06:15,DP Soda Lakes,15,12.3,12.6,12.3,12.3,19.5,0,124,100,0,HOLDING,-0.5,53,12.1,-65,45,NO_GO,-5,7,false,0,0,false,30min,
backtest,2026-04-17,06:30,DP Soda Lakes,15,11.2,11.8,11.2,11.2,18.1,0,123,100,0,HOLDING,-1.1,53,13.4,-50,30,NO_GO,-5,7,false,0,0,false,30min,
backtest,2026-04-17,06:45,DP Soda Lakes,15,11.2,11.8,11.2,11.2,18.1,0,123,100,0,HOLDING,-1.1,53,13.4,-35,15,NO_GO,-5,7,false,0,0,false,30min,
backtest,2026-04-17,07:00,DP Soda Lakes,15,8.8,10,8.8,8.8,15,0,120,100,0,HOLDING,-2.4,50,10,-20,0,NO_GO,0,7,false,0,0,false,30min,
backtest,2026-04-18,05:00,DP Soda Lakes,15,19.2,19.4,19.2,19.2,29.1,100,286,100,100,HOLDING,-0.3,-7,5.4,-139,120,GO,6,7,false,0,300,true,30min,
backtest,2026-04-18,05:15,DP Soda Lakes,15,19.2,19.4,19.2,19.2,29.1,100,286,100,100,HOLDING,-0.3,-7,5.4,-124,105,GO,6,7,false,0,300,true,30min,
backtest,2026-04-18,05:30,DP Soda Lakes,15,16.1,17.6,16.1,16.1,27.7,100,277,100,50,DECAYING,-3.1,-6,4.5,-109,90,MARGINAL,3,7,false,0,300,true,30min,
backtest,2026-04-18,05:45,DP Soda Lakes,15,16.1,17.6,16.1,16.1,27.7,100,277,100,50,DECAYING,-3.1,-6,4.5,-94,75,MARGINAL,3,7,false,0,300,true,30min,
backtest,2026-04-18,06:00,DP Soda Lakes,15,9,12.6,9,9,22.8,0,275,100,50,DECAYING,-7.1,-7,4.9,-79,60,NO_GO,-1,7,false,0,300,true,30min,
backtest,2026-04-18,06:15,DP Soda Lakes,15,9,12.6,9,9,22.8,0,275,100,50,DECAYING,-7.1,-7,4.9,-64,45,NO_GO,-1,7,false,0,300,true,30min,
backtest,2026-04-18,06:30,DP Soda Lakes,15,10.5,9.8,10.5,10.5,18.3,0,288,100,100,HOLDING,1.5,-3,10.2,-49,30,NO_GO,0,7,false,0,300,true,30min,
backtest,2026-04-18,06:45,DP Soda Lakes,15,10.5,9.8,10.5,10.5,18.3,0,288,100,100,HOLDING,1.5,-3,10.2,-34,15,NO_GO,0,7,false,0,300,true,30min,
backtest,2026-04-18,07:00,DP Soda Lakes,15,10.3,10.4,10.3,10.3,18.6,0,288,100,100,HOLDING,-0.2,-1,12,-19,0,NO_GO,0,7,false,0,300,true,30min,
backtest,2026-04-19,05:00,DP Soda Lakes,15,21.6,21.3,21.6,21.6,30,100,269,100,0,HOLDING,0.6,1,1.3,-137,120,MARGINAL,1,7,true,90,360,false,30min,
backtest,2026-04-19,05:15,DP Soda Lakes,15,21.6,21.3,21.6,21.6,30,100,269,100,0,HOLDING,0.6,1,1.3,-122,105,MARGINAL,1,7,true,90,360,false,30min,
backtest,2026-04-19,05:30,DP Soda Lakes,15,21.8,21.7,21.8,21.8,32.2,100,271,100,50,HOLDING,0.2,0,1.9,-107,90,MARGINAL,3,7,true,90,360,false,30min,
backtest,2026-04-19,05:45,DP Soda Lakes,15,21.8,21.7,21.8,21.8,32.2,100,271,100,50,HOLDING,0.2,0,1.9,-92,75,MARGINAL,3,7,true,90,360,false,30min,
backtest,2026-04-19,06:00,DP Soda Lakes,15,20.7,21.3,20.7,20.7,32.2,100,277,100,100,HOLDING,-1.1,0,1.7,-77,60,GO,5,7,true,90,360,false,30min,
backtest,2026-04-19,06:15,DP Soda Lakes,15,20.7,21.3,20.7,20.7,32.2,100,277,100,100,HOLDING,-1.1,0,1.7,-62,45,GO,5,7,true,90,360,false,30min,
backtest,2026-04-19,06:30,DP Soda Lakes,15,22,21.4,22,22,31.8,100,280,100,100,HOLDING,1.3,0,1,-47,30,GO,5,7,true,90,360,false,30min,
backtest,2026-04-19,06:45,DP Soda Lakes,15,22,21.4,22,22,31.8,100,280,100,100,HOLDING,1.3,0,1,-32,15,GO,5,7,true,90,360,false,30min,
backtest,2026-04-19,07:00,DP Soda Lakes,15,20.9,21.4,20.9,20.9,30.2,100,277,100,100,HOLDING,-1.1,0,3.3,-17,0,GO,5,7,true,90,360,false,30min,
backtest,2026-04-20,05:00,DP Soda Lakes,15,21.5,21.1,21.5,21.5,28.4,100,270,100,50,HOLDING,0.9,1,1.6,-136,120,MARGINAL,3,7,true,120,360,false,30min,
backtest,2026-04-20,05:15,DP Soda Lakes,15,21.5,21.1,21.5,21.5,28.4,100,270,100,50,HOLDING,0.9,1,1.6,-121,105,MARGINAL,3,7,true,120,360,false,30min,
backtest,2026-04-20,05:30,DP Soda Lakes,15,21.9,21.7,21.9,21.9,33.5,100,267,100,50,HOLDING,0.4,2,1.8,-106,90,MARGINAL,3,7,true,120,360,false,30min,
backtest,2026-04-20,05:45,DP Soda Lakes,15,21.9,21.7,21.9,21.9,33.5,100,267,100,50,HOLDING,0.4,2,1.8,-91,75,MARGINAL,3,7,true,120,360,false,30min,
backtest,2026-04-20,06:00,DP Soda Lakes,15,17.8,19.9,17.8,17.8,27.3,100,272,100,100,DECAYING,-4.1,2,2.5,-76,60,GO,4,7,true,120,360,false,30min,
backtest,2026-04-20,06:15,DP Soda Lakes,15,17.8,19.9,17.8,17.8,27.3,100,272,100,100,DECAYING,-4.1,2,2.5,-61,45,GO,4,7,true,120,360,false,30min,
backtest,2026-04-20,06:30,DP Soda Lakes,15,19.3,18.6,19.3,19.3,28.2,100,270,100,50,HOLDING,1.5,2,3.1,-46,30,MARGINAL,3,7,true,120,360,false,30min,
backtest,2026-04-20,06:45,DP Soda Lakes,15,19.3,18.6,19.3,19.3,28.2,100,270,100,50,HOLDING,1.5,2,3.1,-31,15,MARGINAL,3,7,true,120,360,false,30min,
backtest,2026-04-20,07:00,DP Soda Lakes,15,22.4,20.9,22.4,22.4,31.8,100,265,100,0,BUILDING,3.1,2,2.2,-16,0,MARGINAL,2,7,true,120,360,false,30min,
backtest,2026-04-21,05:00,DP Soda Lakes,15,23.3,23.5,23.3,23.3,35.6,100,270,100,50,HOLDING,-0.3,2,1.7,-135,120,MARGINAL,3,7,true,120,360,false,30min,
backtest,2026-04-21,05:15,DP Soda Lakes,15,23.3,23.5,23.3,23.3,35.6,100,270,100,50,HOLDING,-0.3,2,1.7,-120,105,MARGINAL,3,7,true,120,360,false,30min,
backtest,2026-04-21,05:30,DP Soda Lakes,15,24.7,24,24.7,24.7,35.3,100,279,100,100,HOLDING,1.4,3,1.1,-105,90,GO,5,7,true,120,360,false,30min,
backtest,2026-04-21,05:45,DP Soda Lakes,15,24.7,24,24.7,24.7,35.3,100,279,100,100,HOLDING,1.4,3,1.1,-90,75,GO,5,7,true,120,360,false,30min,
backtest,2026-04-21,06:00,DP Soda Lakes,15,23.4,24,23.4,23.4,34.9,100,280,100,100,HOLDING,-1.3,4,1.1,-75,60,GO,5,7,true,120,360,false,30min,
backtest,2026-04-21,06:15,DP Soda Lakes,15,23.4,24,23.4,23.4,34.9,100,280,100,100,HOLDING,-1.3,4,1.1,-60,45,GO,5,7,true,120,360,false,30min,
backtest,2026-04-21,06:30,DP Soda Lakes,15,23.5,23.4,23.5,23.5,36.2,100,279,100,100,HOLDING,0.1,4,1.3,-45,30,GO,5,7,true,120,360,false,30min,
backtest,2026-04-21,06:45,DP Soda Lakes,15,23.5,23.4,23.5,23.5,36.2,100,279,100,100,HOLDING,0.1,4,1.3,-30,15,GO,5,7,true,120,360,false,30min,
backtest,2026-04-21,07:00,DP Soda Lakes,15,22.6,23.1,22.6,22.6,32.4,100,277,100,100,HOLDING,-0.9,5,1.4,-15,0,GO,4,7,true,120,360,false,30min,
backtest,2026-04-22,05:00,DP Soda Lakes,15,15,12.7,15,15,21.7,100,275,100,100,BUILDING,4.6,7,1.4,-133,120,GO,5,7,false,0,30,true,30min,
backtest,2026-04-22,05:15,DP Soda Lakes,15,15,12.7,15,15,21.7,100,275,100,100,BUILDING,4.6,7,1.4,-118,105,GO,5,7,false,0,30,true,30min,
backtest,2026-04-22,05:30,DP Soda Lakes,15,14.5,14.8,14.5,14.5,25.7,0,271,100,50,HOLDING,-0.5,7,2.1,-103,90,MARGINAL,1,7,false,0,30,true,30min,
backtest,2026-04-22,05:45,DP Soda Lakes,15,14.5,14.8,14.5,14.5,25.7,0,271,100,50,HOLDING,-0.5,7,2.1,-88,75,MARGINAL,1,7,false,0,30,true,30min,
backtest,2026-04-22,06:00,DP Soda Lakes,15,10.4,12.4,10.4,10.4,25.7,0,271,100,50,DECAYING,-4.1,5,1.5,-73,60,NO_GO,-2,7,false,0,30,true,30min,
backtest,2026-04-22,06:15,DP Soda Lakes,15,10.4,12.4,10.4,10.4,25.7,0,271,100,50,DECAYING,-4.1,5,1.5,-58,45,NO_GO,-2,7,false,0,30,true,30min,
backtest,2026-04-22,06:30,DP Soda Lakes,15,6.5,8.4,6.5,6.5,18.1,0,272,100,100,DECAYING,-3.9,8,1.7,-43,30,NO_GO,0,7,false,0,30,true,30min,
backtest,2026-04-22,06:45,DP Soda Lakes,15,6.5,8.4,6.5,6.5,18.1,0,272,100,100,DECAYING,-3.9,8,1.7,-28,15,NO_GO,0,7,false,0,30,true,30min,
backtest,2026-04-22,07:00,DP Soda Lakes,15,8.1,7.3,8.1,8.1,17.7,0,269,100,50,HOLDING,1.6,8,2.7,-13,0,NO_GO,0,7,false,0,30,true,30min,
backtest,2026-04-23,05:00,DP Soda Lakes,15,5,5.5,5,5,11,0,293,100,100,HOLDING,-1,21,1.6,-132,120,NO_GO,0,7,true,30,30,false,30min,
backtest,2026-04-23,05:15,DP Soda Lakes,15,5,5.5,5,5,11,0,293,100,100,HOLDING,-1,21,1.6,-117,105,NO_GO,0,7,true,30,30,false,30min,
backtest,2026-04-23,05:30,DP Soda Lakes,15,3.6,4.3,3.6,3.6,11.4,0,295,100,100,HOLDING,-1.4,25,12.3,-102,90,NO_GO,0,7,true,30,30,false,30min,
backtest,2026-04-23,05:45,DP Soda Lakes,15,3.6,4.3,3.6,3.6,11.4,0,295,100,100,HOLDING,-1.4,25,12.3,-87,75,NO_GO,0,7,true,30,30,false,30min,
backtest,2026-04-23,06:00,DP Soda Lakes,15,3.2,3.4,3.2,3.2,11.2,0,295,100,100,HOLDING,-0.4,25,7.4,-72,60,NO_GO,0,7,true,30,30,false,30min,
backtest,2026-04-23,06:15,DP Soda Lakes,15,3.2,3.4,3.2,3.2,11.2,0,295,100,100,HOLDING,-0.4,25,7.4,-57,45,NO_GO,0,7,true,30,30,false,30min,
backtest,2026-04-23,06:30,DP Soda Lakes,15,3.3,3.3,3.3,3.3,8.9,0,284,100,100,HOLDING,0.1,25,1.6,-42,30,NO_GO,0,7,true,30,30,false,30min,
backtest,2026-04-23,06:45,DP Soda Lakes,15,3.3,3.3,3.3,3.3,8.9,0,284,100,100,HOLDING,0.1,25,1.6,-27,15,NO_GO,0,7,true,30,30,false,30min,
backtest,2026-04-23,07:00,DP Soda Lakes,15,3.4,3.3,3.4,3.4,7.8,0,279,100,100,HOLDING,0.1,24,3,-12,0,NO_GO,0,7,true,30,30,false,30min,
backtest,2026-04-24,05:00,DP Soda Lakes,15,16.1,13.3,16.1,16.1,26.4,100,269,100,50,BUILDING,5.6,-4,7.9,-130,120,GO,4,7,true,30,120,false,30min,
backtest,2026-04-24,05:15,DP Soda Lakes,15,16.1,13.3,16.1,16.1,26.4,100,269,100,50,BUILDING,5.6,-4,7.9,-115,105,GO,4,7,true,30,120,false,30min,
backtest,2026-04-24,05:30,DP Soda Lakes,15,15.7,15.9,15.7,15.7,25.5,100,282,100,100,HOLDING,-0.4,-3,3.7,-100,90,GO,5,7,true,30,120,false,30min,
backtest,2026-04-24,05:45,DP Soda Lakes,15,15.7,15.9,15.7,15.7,25.5,100,282,100,100,HOLDING,-0.4,-3,3.7,-85,75,GO,5,7,true,30,120,false,30min,
backtest,2026-04-24,06:00,DP Soda Lakes,15,16.8,16.3,16.8,16.8,25.3,100,282,100,100,HOLDING,1.1,-3,2.4,-70,60,GO,5,7,true,30,120,false,30min,
backtest,2026-04-24,06:15,DP Soda Lakes,15,16.8,16.3,16.8,16.8,25.3,100,282,100,100,HOLDING,1.1,-3,2.4,-55,45,GO,5,7,true,30,120,false,30min,
backtest,2026-04-24,06:30,DP Soda Lakes,15,17.6,17.2,17.6,17.6,25.7,100,279,100,100,HOLDING,0.8,-3,4.1,-40,30,GO,5,7,true,30,120,false,30min,
backtest,2026-04-24,06:45,DP Soda Lakes,15,17.6,17.2,17.6,17.6,25.7,100,279,100,100,HOLDING,0.8,-3,4.1,-25,15,GO,5,7,true,30,120,false,30min,
backtest,2026-04-24,07:00,DP Soda Lakes,15,16,16.8,16,16,26.4,100,275,100,100,HOLDING,-1.6,-5,3.7,-10,0,GO,6,7,true,30,120,false,30min,
backtest,2026-04-25,05:00,DP Soda Lakes,15,5.5,5.4,5.5,5.5,11.2,0,330,100,50,HOLDING,0.2,10,1.5,-129,120,NO_GO,0,7,false,0,0,false,30min,
backtest,2026-04-25,05:15,DP Soda Lakes,15,5.5,5.4,5.5,5.5,11.2,0,330,100,50,HOLDING,0.2,10,1.5,-114,105,NO_GO,0,7,false,0,0,false,30min,
backtest,2026-04-25,05:30,DP Soda Lakes,15,5.6,5.5,5.6,5.6,11.2,0,348,100,0,HOLDING,0.1,9,1.5,-99,90,NO_GO,0,7,false,0,0,false,30min,
backtest,2026-04-25,05:45,DP Soda Lakes,15,5.6,5.5,5.6,5.6,11.2,0,348,100,0,HOLDING,0.1,9,1.5,-84,75,NO_GO,0,7,false,0,0,false,30min,
backtest,2026-04-25,06:00,DP Soda Lakes,15,4.9,5.3,4.9,4.9,11.2,0,0,100,0,HOLDING,-0.7,9,1.3,-69,60,NO_GO,0,7,false,0,0,false,30min,
backtest,2026-04-25,06:15,DP Soda Lakes,15,4.9,5.3,4.9,4.9,11.2,0,0,100,0,HOLDING,-0.7,9,1.3,-54,45,NO_GO,0,7,false,0,0,false,30min,
backtest,2026-04-25,06:30,DP Soda Lakes,15,5.5,5.2,5.5,5.5,10.7,0,3,100,0,HOLDING,0.6,8,1.5,-39,30,NO_GO,0,7,false,0,0,false,30min,
backtest,2026-04-25,06:45,DP Soda Lakes,15,5.5,5.2,5.5,5.5,10.7,0,3,100,0,HOLDING,0.6,8,1.5,-24,15,NO_GO,0,7,false,0,0,false,30min,
backtest,2026-04-25,07:00,DP Soda Lakes,15,5.4,5.5,5.4,5.4,9.6,0,8,100,0,HOLDING,-0.1,6,2.1,-9,0,NO_GO,0,7,false,0,0,false,30min,
backtest,2026-04-26,05:00,DP Soda Lakes,15,5.8,5.2,5.8,5.8,14.3,0,332,100,50,HOLDING,1.3,3,1.5,-128,120,NO_GO,0,7,false,0,0,false,30min,
backtest,2026-04-26,05:15,DP Soda Lakes,15,5.8,5.2,5.8,5.8,14.3,0,332,100,50,HOLDING,1.3,3,1.5,-113,105,NO_GO,0,7,false,0,0,false,30min,
backtest,2026-04-26,05:30,DP Soda Lakes,15,6,5.9,6,6,11.4,0,330,100,50,HOLDING,0.2,4,1.7,-98,90,NO_GO,0,7,false,0,0,false,30min,
backtest,2026-04-26,05:45,DP Soda Lakes,15,6,5.9,6,6,11.4,0,330,100,50,HOLDING,0.2,4,1.7,-83,75,NO_GO,0,7,false,0,0,false,30min,
backtest,2026-04-26,06:00,DP Soda Lakes,15,3.8,4.9,3.8,3.8,8.7,0,339,100,0,HOLDING,-2.2,5,1.5,-68,60,NO_GO,0,7,false,0,0,false,30min,
backtest,2026-04-26,06:15,DP Soda Lakes,15,3.8,4.9,3.8,3.8,8.7,0,339,100,0,HOLDING,-2.2,5,1.5,-53,45,NO_GO,0,7,false,0,0,false,30min,
backtest,2026-04-26,06:30,DP Soda Lakes,15,3.7,3.8,3.7,3.7,6.7,0,329,100,50,HOLDING,-0.1,4,1.8,-38,30,NO_GO,0,7,false,0,0,false,30min,
backtest,2026-04-26,06:45,DP Soda Lakes,15,3.7,3.8,3.7,3.7,6.7,0,329,100,50,HOLDING,-0.1,4,1.8,-23,15,NO_GO,0,7,false,0,0,false,30min,
backtest,2026-04-26,07:00,DP Soda Lakes,15,3.9,3.8,3.9,3.9,7.8,0,316,100,100,HOLDING,0.2,4,2.9,-8,0,NO_GO,0,7,false,0,0,false,30min,
backtest,2026-04-27,05:00,DP Soda Lakes,15,8.2,9,8.2,8.2,23.3,0,268,100,50,HOLDING,-1.6,-10,1,-126,120,NO_GO,0,7,false,0,0,false,30min,
backtest,2026-04-27,05:15,DP Soda Lakes,15,8.2,9,8.2,8.2,23.3,0,268,100,50,HOLDING,-1.6,-10,1,-111,105,NO_GO,0,7,false,0,0,false,30min,
backtest,2026-04-27,05:30,DP Soda Lakes,15,4.1,6.1,4.1,4.1,8.5,0,308,0,0,DECAYING,-4.1,-8,1.7,-96,90,NO_GO,0,7,false,0,0,false,30min,
backtest,2026-04-27,05:45,DP Soda Lakes,15,4.1,6.1,4.1,4.1,8.5,0,308,0,0,DECAYING,-4.1,-8,1.7,-81,75,NO_GO,0,7,false,0,0,false,30min,
backtest,2026-04-27,06:00,DP Soda Lakes,15,4.4,4.3,4.4,4.4,10.3,0,268,0,0,HOLDING,0.3,-7,1.9,-66,60,NO_GO,0,7,false,0,0,false,30min,
backtest,2026-04-27,06:15,DP Soda Lakes,15,4.4,4.3,4.4,4.4,10.3,0,268,0,0,HOLDING,0.3,-7,1.9,-51,45,NO_GO,0,7,false,0,0,false,30min,
backtest,2026-04-27,06:30,DP Soda Lakes,15,9.9,7.2,9.9,9.9,18.8,0,227,0,50,BUILDING,5.5,-13,2.6,-36,30,MARGINAL,2,7,false,0,0,false,30min,
backtest,2026-04-27,06:45,DP Soda Lakes,15,9.9,7.2,9.9,9.9,18.8,0,227,0,50,BUILDING,5.5,-13,2.6,-21,15,MARGINAL,2,7,false,0,0,false,30min,
backtest,2026-04-27,07:00,DP Soda Lakes,15,8.8,9.4,8.8,8.8,17,0,282,100,100,HOLDING,-1.1,-15,3.9,-6,0,NO_GO,0,7,false,0,0,false,30min,
backtest,2026-04-28,05:00,DP Soda Lakes,15,3.6,2.9,3.6,3.6,7.6,0,333,100,50,HOLDING,1.4,3,4.7,-125,120,NO_GO,0,7,false,0,0,false,30min,
backtest,2026-04-28,05:15,DP Soda Lakes,15,3.6,2.9,3.6,3.6,7.6,0,333,100,50,HOLDING,1.4,3,4.7,-110,105,NO_GO,0,7,false,0,0,false,30min,
backtest,2026-04-28,05:30,DP Soda Lakes,15,4.7,4.2,4.7,4.7,11.2,0,339,100,0,HOLDING,1.1,3,4.5,-95,90,NO_GO,0,7,false,0,0,false,30min,
backtest,2026-04-28,05:45,DP Soda Lakes,15,4.7,4.2,4.7,4.7,11.2,0,339,100,0,HOLDING,1.1,3,4.5,-80,75,NO_GO,0,7,false,0,0,false,30min,
backtest,2026-04-28,06:00,DP Soda Lakes,15,6.3,5.5,6.3,6.3,16.8,0,339,100,0,HOLDING,1.6,5,9.3,-65,60,NO_GO,0,7,false,0,0,false,30min,
backtest,2026-04-28,06:15,DP Soda Lakes,15,6.3,5.5,6.3,6.3,16.8,0,339,100,0,HOLDING,1.6,5,9.3,-50,45,NO_GO,0,7,false,0,0,false,30min,
backtest,2026-04-28,06:30,DP Soda Lakes,15,11.9,9.1,11.9,11.9,20.8,0,337,100,0,BUILDING,5.6,7,8.1,-35,30,NO_GO,-3,7,false,0,0,false,30min,
backtest,2026-04-28,06:45,DP Soda Lakes,15,11.9,9.1,11.9,11.9,20.8,0,337,100,0,BUILDING,5.6,7,8.1,-20,15,NO_GO,-3,7,false,0,0,false,30min,
backtest,2026-04-28,07:00,DP Soda Lakes,15,10.3,11.1,10.3,10.3,21,0,333,100,0,HOLDING,-1.6,6,4.5,-5,0,NO_GO,-3,7,false,0,0,false,30min,
backtest,2026-04-29,05:00,DP Soda Lakes,15,3.7,5.1,3.7,3.7,8.5,0,287,100,50,HOLDING,-2.7,8,2.3,-124,120,NO_GO,0,7,false,0,0,false,30min,
backtest,2026-04-29,05:15,DP Soda Lakes,15,3.7,5.1,3.7,3.7,8.5,0,287,100,50,HOLDING,-2.7,8,2.3,-109,105,NO_GO,0,7,false,0,0,false,30min,
backtest,2026-04-29,05:30,DP Soda Lakes,15,5.1,4.4,5.1,5.1,13.4,0,280,100,50,HOLDING,1.4,6,4.2,-94,90,NO_GO,0,7,false,0,0,false,30min,
backtest,2026-04-29,05:45,DP Soda Lakes,15,5.1,4.4,5.1,5.1,13.4,0,280,100,50,HOLDING,1.4,6,4.2,-79,75,NO_GO,0,7,false,0,0,false,30min,
backtest,2026-04-29,06:00,DP Soda Lakes,15,7.5,6.3,7.5,7.5,13.9,0,291,100,100,HOLDING,2.4,6,3.3,-64,60,NO_GO,0,7,false,0,0,false,30min,
backtest,2026-04-29,06:15,DP Soda Lakes,15,7.5,6.3,7.5,7.5,13.9,0,291,100,100,HOLDING,2.4,6,3.3,-49,45,NO_GO,0,7,false,0,0,false,30min,
backtest,2026-04-29,06:30,DP Soda Lakes,15,6.5,7,6.5,6.5,13,0,276,100,50,HOLDING,-1,6,4.4,-34,30,NO_GO,0,7,false,0,0,false,30min,
backtest,2026-04-29,06:45,DP Soda Lakes,15,6.5,7,6.5,6.5,13,0,276,100,50,HOLDING,-1,6,4.4,-19,15,NO_GO,0,7,false,0,0,false,30min,
backtest,2026-04-29,07:00,DP Soda Lakes,15,4.2,5.3,4.2,4.2,13.2,0,237,100,0,HOLDING,-2.3,6,4.6,-4,0,NO_GO,0,7,false,0,0,false,30min,
backtest,2026-04-30,05:00,DP Soda Lakes,15,5.4,7,5.4,5.4,13,0,284,100,50,DECAYING,-3.2,-8,4.1,-123,120,NO_GO,0,7,false,0,0,false,30min,
backtest,2026-04-30,05:15,DP Soda Lakes,15,5.4,7,5.4,5.4,13,0,284,100,50,DECAYING,-3.2,-8,4.1,-108,105,NO_GO,0,7,false,0,0,false,30min,
backtest,2026-04-30,05:30,DP Soda Lakes,15,4.4,4.9,4.4,4.4,11.9,0,310,100,100,HOLDING,-1,-6,3.4,-93,90,NO_GO,0,7,false,0,0,false,30min,
backtest,2026-04-30,05:45,DP Soda Lakes,15,4.4,4.9,4.4,4.4,11.9,0,310,100,100,HOLDING,-1,-6,3.4,-78,75,NO_GO,0,7,false,0,0,false,30min,
backtest,2026-04-30,06:00,DP Soda Lakes,15,3.5,4,3.5,3.5,7.8,0,334,100,50,HOLDING,-0.9,-8,3.3,-63,60,NO_GO,0,7,false,0,0,false,30min,
backtest,2026-04-30,06:15,DP Soda Lakes,15,3.5,4,3.5,3.5,7.8,0,334,100,50,HOLDING,-0.9,-8,3.3,-48,45,NO_GO,0,7,false,0,0,false,30min,
backtest,2026-04-30,06:30,DP Soda Lakes,15,3.1,3.3,3.1,3.1,8.3,0,353,100,0,HOLDING,-0.4,-5,3.7,-33,30,NO_GO,0,7,false,0,0,false,30min,
backtest,2026-04-30,06:45,DP Soda Lakes,15,3.1,3.3,3.1,3.1,8.3,0,353,100,0,HOLDING,-0.4,-5,3.7,-18,15,NO_GO,0,7,false,0,0,false,30min,
backtest,2026-04-30,07:00,DP Soda Lakes,15,4.4,3.8,4.4,4.4,10.1,0,344,100,0,HOLDING,1.3,-12,5.6,-3,0,NO_GO,0,7,false,0,0,false,30min,
backtest,2026-05-01,05:00,DP Soda Lakes,15,14.1,13.1,12.3,15.7,22.6,50,269,100,58,HOLDING,2.1,-5,1.2,-121,60,MARGINAL,3,6,true,30,20,false,5min,
backtest,2026-05-01,05:15,DP Soda Lakes,15,14.8,13.6,13.1,16.2,23.5,67,267,100,42,HOLDING,2.4,-7,0.8,-106,45,MARGINAL,1,6,true,30,20,false,5min,
backtest,2026-05-01,05:30,DP Soda Lakes,15,13.5,13.8,10.8,16.2,23.5,17,265,100,25,HOLDING,-0.6,-6,0.9,-91,30,MARGINAL,1,6,true,30,20,false,5min,
backtest,2026-05-01,05:45,DP Soda Lakes,15,12.6,13.7,10.8,14.9,22.8,0,264,100,17,HOLDING,-2.2,-8,0.9,-76,15,NO_GO,-1,6,true,30,20,false,5min,
backtest,2026-05-01,06:00,DP Soda Lakes,15,12.9,13.2,12,15,22.8,17,263,100,17,HOLDING,-0.6,-6,2.2,-61,0,MARGINAL,1,6,true,30,20,false,5min,
backtest,2026-05-01,06:15,DP Soda Lakes,15,13.8,13.2,12,15.9,22.4,33,265,100,25,HOLDING,1.2,-7,2.6,-46,-15,MARGINAL,1,6,true,30,20,false,5min,
backtest,2026-05-01,06:30,DP Soda Lakes,15,14.7,13.8,13.4,16.1,22.4,33,268,100,50,HOLDING,1.8,-7,2,-31,-30,MARGINAL,3,6,true,30,20,false,5min,
backtest,2026-05-01,06:45,DP Soda Lakes,15,15.2,14.5,14,16.2,22.8,50,270,100,58,HOLDING,1.4,-8,2.3,-16,-45,GO,4,6,true,30,20,false,5min,
backtest,2026-05-01,07:00,DP Soda Lakes,15,15.3,15,14,16.2,22.8,83,273,100,83,HOLDING,0.7,-8,2.7,-1,-60,GO,6,6,true,30,20,false,5min,
backtest,2026-05-02,05:00,DP Soda Lakes,15,24.1,24.6,21.1,25.9,36.9,100,272,100,67,HOLDING,-1,-2,0.3,-120,60,MARGINAL,3,6,true,195,300,false,5min,
backtest,2026-05-02,05:15,DP Soda Lakes,15,25.6,25.3,21.1,28.7,35.6,100,273,100,75,HOLDING,0.6,-3,0.8,-105,45,MARGINAL,3,6,true,195,300,false,5min,
backtest,2026-05-02,05:30,DP Soda Lakes,15,26.6,25.4,23.6,28.7,35.6,100,274,100,83,HOLDING,2.6,-4,1.8,-90,30,GO,5,6,true,195,300,false,5min,
backtest,2026-05-02,05:45,DP Soda Lakes,15,25.8,25.7,23.6,28,36.2,100,274,100,92,HOLDING,0.2,-1,1.9,-75,15,GO,5,6,true,195,300,false,5min,
backtest,2026-05-02,06:00,DP Soda Lakes,15,26,26.3,24.4,28,36.5,100,273,100,83,HOLDING,-0.7,-3,1,-60,0,GO,5,6,true,195,300,false,5min,
backtest,2026-05-02,06:15,DP Soda Lakes,15,26,25.9,24.7,27.6,37.4,100,270,100,58,HOLDING,0.3,-4,0.9,-45,-15,MARGINAL,3,6,true,195,300,false,5min,
backtest,2026-05-02,06:30,DP Soda Lakes,15,24.7,25.3,22.7,27.6,37.4,100,270,100,58,HOLDING,-1.3,-4,1.1,-30,-30,MARGINAL,3,6,true,195,300,false,5min,
backtest,2026-05-02,06:45,DP Soda Lakes,15,23.2,24.6,20.6,25.6,36.5,100,270,100,50,HOLDING,-2.8,-5,0.8,-15,-45,GO,4,6,true,195,300,false,5min,
backtest,2026-05-02,07:00,DP Soda Lakes,15,21.7,23.2,20.3,25.6,36.5,100,271,100,50,HOLDING,-3,-4,2.2,0,-60,MARGINAL,3,6,true,195,300,false,5min,
backtest,2026-05-03,05:00,DP Soda Lakes,15,18.2,17.9,16.1,19.7,28.6,100,271,100,75,HOLDING,0.6,9,2.8,-119,60,MARGINAL,2,6,false,20,290,true,5min,
backtest,2026-05-03,05:15,DP Soda Lakes,15,18.9,18.1,17.5,19.7,28.6,100,270,100,67,HOLDING,1.4,10,2.3,-104,45,MARGINAL,2,6,false,20,290,true,5min,
backtest,2026-05-03,05:30,DP Soda Lakes,15,20.1,19.2,17.8,22,28.2,100,273,100,75,HOLDING,1.8,11,2.6,-89,30,MARGINAL,2,6,false,20,290,true,5min,
backtest,2026-05-03,05:45,DP Soda Lakes,15,19.7,19.3,15.8,22,28.2,100,275,100,83,HOLDING,0.8,12,3.6,-74,15,GO,4,6,false,20,290,true,5min,
backtest,2026-05-03,06:00,DP Soda Lakes,15,14.9,17.5,9.1,20,26.8,50,277,100,83,DECAYING,-5.2,10,3.2,-59,0,MARGINAL,2,6,false,20,290,true,5min,
backtest,2026-05-03,06:15,DP Soda Lakes,15,13.8,16.7,9.1,16.6,23.3,50,279,100,100,DECAYING,-5.9,10,2.7,-44,-15,MARGINAL,2,6,false,20,290,true,5min,
backtest,2026-05-03,06:30,DP Soda Lakes,15,13,13.9,7.1,16.6,23.3,50,277,100,83,HOLDING,-1.9,9,2.4,-29,-30,MARGINAL,3,6,false,20,290,true,5min,
backtest,2026-05-03,06:45,DP Soda Lakes,15,11.3,12.5,7.1,13.7,22.1,0,273,100,58,HOLDING,-2.4,9,2.8,-14,-45,NO_GO,-1,6,false,20,290,true,5min,
backtest,2026-05-03,07:00,DP Soda Lakes,15,13.8,13.4,10.6,17.6,23.3,33,271,100,50,HOLDING,0.9,10,4.2,1,-60,MARGINAL,1,6,false,20,290,true,5min,
backtest,2026-05-04,05:00,DP Soda Lakes,15,15.9,14.6,14.2,18.3,24.4,83,274,100,67,HOLDING,2.5,3,0.8,-118,60,MARGINAL,3,6,true,200,35,false,5min,
backtest,2026-05-04,05:15,DP Soda Lakes,15,15.7,15.7,14.2,17.9,24.4,83,277,100,83,HOLDING,0,4,1.4,-103,45,GO,5,6,true,200,35,false,5min,
backtest,2026-05-04,05:30,DP Soda Lakes,15,15.8,15.9,14.3,17.9,25.5,83,274,100,58,HOLDING,0,4,1.7,-88,30,MARGINAL,3,6,true,200,35,false,5min,
backtest,2026-05-04,05:45,DP Soda Lakes,15,17.5,16.6,14.3,21,28,83,271,100,42,HOLDING,1.8,3,1.3,-73,15,MARGINAL,1,6,true,200,35,false,5min,
backtest,2026-05-04,06:00,DP Soda Lakes,15,18.6,17.2,17.5,21,30,100,271,100,33,HOLDING,2.8,2,1.4,-58,0,MARGINAL,1,6,true,200,35,false,5min,
backtest,2026-05-04,06:15,DP Soda Lakes,15,18.7,18.1,17.5,20.6,31.1,100,271,100,42,HOLDING,1.2,1,1.6,-43,-15,MARGINAL,1,6,true,200,35,false,5min,
backtest,2026-05-04,06:30,DP Soda Lakes,15,20.2,19.4,17.7,23.2,31.1,100,273,100,67,HOLDING,1.6,2,1.4,-28,-30,MARGINAL,3,6,true,200,35,false,5min,
backtest,2026-05-04,06:45,DP Soda Lakes,15,22.5,20.6,17.7,24.9,31.5,100,275,100,83,BUILDING,3.9,2,1.3,-13,-45,GO,6,6,true,200,35,false,5min,
backtest,2026-05-04,07:00,DP Soda Lakes,15,24.2,22.2,22.5,24.9,33.5,100,276,100,100,BUILDING,4,2,1.4,2,-60,GO,6,6,true,200,35,false,5min,
backtest,2026-05-05,05:00,DP Soda Lakes,15,19.5,17.6,16.7,24,32.4,100,329,100,67,BUILDING,3.7,4,5.4,-117,60,GO,4,6,false,0,85,true,5min,
backtest,2026-05-05,05:15,DP Soda Lakes,15,19.1,18.3,18.3,20.3,35.8,100,330,100,58,HOLDING,1.5,4,5.6,-102,45,MARGINAL,3,6,false,0,85,true,5min,
backtest,2026-05-05,05:30,DP Soda Lakes,15,17.4,18.5,13.5,19.2,35.8,83,331,100,50,HOLDING,-2,3,4.5,-87,30,MARGINAL,3,6,false,0,85,true,5min,
backtest,2026-05-05,05:45,DP Soda Lakes,15,15.7,17.4,12.8,18,27.3,50,333,100,42,DECAYING,-3.4,1,2.8,-72,15,NO_GO,0,6,false,0,85,true,5min,
backtest,2026-05-05,06:00,DP Soda Lakes,15,12.9,15.2,9.4,18,25.1,17,334,100,33,DECAYING,-4.6,1,3.3,-57,0,NO_GO,-1,6,false,0,85,true,5min,
backtest,2026-05-05,06:15,DP Soda Lakes,15,10.3,13,8.1,12.3,24.2,0,336,100,25,DECAYING,-5.3,3,5.4,-42,-15,NO_GO,-4,6,false,0,85,true,5min,
backtest,2026-05-05,06:30,DP Soda Lakes,15,10.3,11.6,8.1,12.3,17.9,0,338,100,17,HOLDING,-2.5,3,6.3,-27,-30,NO_GO,-3,6,false,0,85,true,5min,
backtest,2026-05-05,06:45,DP Soda Lakes,15,10.2,10.3,9.2,10.8,17.4,0,337,100,25,HOLDING,-0.1,4,6.3,-12,-45,NO_GO,-3,6,false,0,85,true,5min,
backtest,2026-05-05,07:00,DP Soda Lakes,15,11.1,10.7,9.2,13.3,18.3,0,334,100,42,HOLDING,0.8,5,6,3,-60,NO_GO,-4,6,false,0,85,true,5min,
backtest,2026-05-06,05:00,DP Soda Lakes,15,2.3,2.2,2.1,2.4,4,0,360,100,0,HOLDING,0,1,3.3,-116,60,NO_GO,0,6,false,0,0,false,5min,
backtest,2026-05-06,05:15,DP Soda Lakes,15,2.5,2.4,2.1,3.1,6.3,0,359,100,0,HOLDING,0.2,1,3.1,-101,45,NO_GO,0,6,false,0,0,false,5min,
backtest,2026-05-06,05:30,DP Soda Lakes,15,2.7,2.5,2.1,3.2,6.3,0,359,100,0,HOLDING,0.4,0,2.9,-86,30,NO_GO,0,6,false,0,0,false,5min,
backtest,2026-05-06,05:45,DP Soda Lakes,15,2.4,2.4,1.9,3.2,4.5,0,357,100,0,HOLDING,0,0,2.8,-71,15,NO_GO,0,6,false,0,0,false,5min,
backtest,2026-05-06,06:00,DP Soda Lakes,15,2.4,2.5,1.9,3.1,4.5,0,357,100,0,HOLDING,-0.3,0,3.1,-56,0,NO_GO,0,6,false,0,0,false,5min,
backtest,2026-05-06,06:15,DP Soda Lakes,15,2.4,2.4,2,3.1,4.5,0,355,100,0,HOLDING,0,0,3.2,-41,-15,NO_GO,0,6,false,0,0,false,5min,
backtest,2026-05-06,06:30,DP Soda Lakes,15,2.3,2.3,2,2.7,4,0,353,100,0,HOLDING,-0.1,0,2.7,-26,-30,NO_GO,0,6,false,0,0,false,5min,
backtest,2026-05-06,06:45,DP Soda Lakes,15,2.5,2.4,2.2,2.7,4,0,353,100,0,HOLDING,0.1,0,2.9,-11,-45,NO_GO,0,6,false,0,0,false,5min,
backtest,2026-05-06,07:00,DP Soda Lakes,15,2.5,2.4,2.3,2.7,4,0,355,100,0,HOLDING,0.2,0,2.8,4,-60,NO_GO,0,6,false,0,0,false,5min,
backtest,2026-05-07,05:00,DP Soda Lakes,15,15,15.1,11.4,17.5,34,50,291,100,92,HOLDING,-0.1,-30,2.7,-114,60,GO,5,6,true,235,30,false,5min,
backtest,2026-05-07,05:15,DP Soda Lakes,15,16.4,15.9,14.3,18.1,34,67,285,100,75,HOLDING,1,-31,3,-99,45,GO,4,6,true,235,30,false,5min,
backtest,2026-05-07,05:30,DP Soda Lakes,15,16.8,15.9,14.3,18.1,37.6,83,282,100,75,HOLDING,1.8,-30,2.6,-84,30,GO,4,6,true,235,30,false,5min,
backtest,2026-05-07,05:45,DP Soda Lakes,15,18.2,17.3,15.6,21.2,37.6,100,277,100,75,HOLDING,1.8,-28,4.2,-69,15,GO,4,6,true,235,30,false,5min,
backtest,2026-05-07,06:00,DP Soda Lakes,15,16.9,16.9,11.9,21.2,32.7,83,278,100,83,HOLDING,0.2,-31,5.2,-54,0,GO,6,6,true,235,30,false,5min,
backtest,2026-05-07,06:15,DP Soda Lakes,15,16.8,17.5,11.9,19.6,40,83,288,100,100,HOLDING,-1.4,-29,3.2,-39,-15,GO,6,6,true,235,30,false,5min,
backtest,2026-05-07,06:30,DP Soda Lakes,15,20.7,18.8,18.7,23,40,100,291,100,100,BUILDING,3.7,-28,2.9,-24,-30,GO,7,6,true,235,30,false,5min,
backtest,2026-05-07,06:45,DP Soda Lakes,15,23.1,19.9,21.5,27.6,42.7,100,292,100,100,BUILDING,6.3,-29,4.3,-9,-45,GO,7,6,true,235,30,false,5min,
backtest,2026-05-07,07:00,DP Soda Lakes,15,23.8,22.2,20.6,27.6,42.7,100,294,100,100,BUILDING,3.1,-31,7.1,6,-60,GO,7,6,true,235,30,false,5min,
backtest,2026-05-08,05:00,DP Soda Lakes,15,7.6,7.3,4.1,10.5,15,0,292,92,83,HOLDING,0.8,17,1.9,-113,60,NO_GO,0,6,false,0,0,false,5min,
backtest,2026-05-08,05:15,DP Soda Lakes,15,4.5,6.1,1.9,10.1,15,0,280,92,67,DECAYING,-3.2,18,1.3,-98,45,NO_GO,0,6,false,0,0,false,5min,
backtest,2026-05-08,05:30,DP Soda Lakes,15,4.6,6.1,1.9,8.9,15.4,0,267,100,42,DECAYING,-3,16,1.1,-83,30,NO_GO,0,6,false,0,0,false,5min,
backtest,2026-05-08,05:45,DP Soda Lakes,15,9.2,6.9,4.4,13.6,22.4,0,262,92,33,BUILDING,4.7,13,0.9,-68,15,NO_GO,-2,6,false,0,0,false,5min,
backtest,2026-05-08,06:00,DP Soda Lakes,15,13,8.8,10.9,14.2,22.4,0,268,100,50,BUILDING,8.4,8,0.8,-53,0,MARGINAL,2,6,false,0,0,false,5min,
backtest,2026-05-08,06:15,DP Soda Lakes,15,9.7,9.4,3.7,14.2,20.8,0,276,92,50,HOLDING,0.5,16,1.3,-38,-15,NO_GO,-1,6,false,0,0,false,5min,
backtest,2026-05-08,06:30,DP Soda Lakes,15,5.6,9.3,1.9,8.5,15.2,0,287,92,75,DECAYING,-7.4,14,2,-23,-30,NO_GO,0,6,false,0,0,false,5min,
backtest,2026-05-08,06:45,DP Soda Lakes,15,6.3,8,1.9,8.5,12.8,0,296,100,83,DECAYING,-3.4,19,2.4,-8,-45,NO_GO,0,6,false,0,0,false,5min,
backtest,2026-05-08,07:00,DP Soda Lakes,15,6.6,6.1,5.3,8.4,12.8,0,302,92,83,HOLDING,1,16,2.5,7,-60,NO_GO,0,6,false,0,0,false,5min,
backtest,2026-05-09,05:00,DP Soda Lakes,15,3.7,4.5,2.7,5.3,11,0,283,92,75,HOLDING,-1.7,-7,6.7,-112,60,NO_GO,0,6,false,20,15,false,5min,
backtest,2026-05-09,05:15,DP Soda Lakes,15,4.7,4.4,3.6,5.4,11,0,275,83,67,HOLDING,0.7,-1,4.4,-97,45,NO_GO,0,6,false,20,15,false,5min,
backtest,2026-05-09,05:30,DP Soda Lakes,15,3.8,3.7,2.1,5.4,11,0,275,75,58,HOLDING,0.1,-6,2,-82,30,NO_GO,0,6,false,20,15,false,5min,
backtest,2026-05-09,05:45,DP Soda Lakes,15,2.9,3.8,0.9,4.6,7.8,0,285,67,50,HOLDING,-1.9,-6,2.1,-67,15,NO_GO,0,6,false,20,15,false,5min,
backtest,2026-05-09,06:00,DP Soda Lakes,15,3.4,3.6,0.9,4.6,7.8,0,288,50,42,HOLDING,-0.4,-2,3,-52,0,NO_GO,0,6,false,20,15,false,5min,
backtest,2026-05-09,06:15,DP Soda Lakes,15,4,3.5,2.6,6,8.7,0,300,58,50,HOLDING,1.1,1,2.8,-37,-15,NO_GO,0,6,false,20,15,false,5min,
backtest,2026-05-09,06:30,DP Soda Lakes,15,4,3.7,2.6,6,8.7,0,274,42,42,HOLDING,0.6,0,2.4,-22,-30,NO_GO,0,6,false,20,15,false,5min,
backtest,2026-05-09,06:45,DP Soda Lakes,15,2.8,3.4,2.2,4,7.4,0,292,50,42,HOLDING,-1.2,-6,2.4,-7,-45,NO_GO,0,6,false,20,15,false,5min,
backtest,2026-05-09,07:00,DP Soda Lakes,15,4.5,4.2,2.2,8,13.4,0,284,67,50,HOLDING,0.5,-6,1.9,8,-60,NO_GO,0,6,false,20,15,false,5min,
backtest,2026-05-10,05:00,DP Soda Lakes,15,4.3,5,3.4,5.5,9.2,0,159,100,0,HOLDING,-1.4,8,3,-111,60,NO_GO,0,6,false,0,0,false,5min,
backtest,2026-05-10,05:15,DP Soda Lakes,15,4,4.4,3.3,4.8,7.4,0,170,100,0,HOLDING,-0.9,8,2.7,-96,45,NO_GO,0,6,false,0,0,false,5min,
backtest,2026-05-10,05:30,DP Soda Lakes,15,4,4.2,3.3,5,7.6,0,181,100,0,HOLDING,-0.3,8,1.8,-81,30,NO_GO,0,6,false,0,0,false,5min,
backtest,2026-05-10,05:45,DP Soda Lakes,15,3.7,3.8,2.5,5,7.6,0,186,100,0,HOLDING,-0.3,8,1.3,-66,15,NO_GO,0,6,false,0,0,false,5min,
backtest,2026-05-10,06:00,DP Soda Lakes,15,3.1,3.6,2.5,4.2,5.8,0,183,100,0,HOLDING,-0.9,9,1.1,-51,0,NO_GO,0,6,false,0,0,false,5min,
backtest,2026-05-10,06:15,DP Soda Lakes,15,3.1,3.4,2.8,3.5,5.4,0,181,100,0,HOLDING,-0.5,9,1.5,-36,-15,NO_GO,0,6,false,0,0,false,5min,
backtest,2026-05-10,06:30,DP Soda Lakes,15,2.9,3,2.1,3.5,5.4,0,181,100,0,HOLDING,-0.3,9,2.4,-21,-30,NO_GO,0,6,false,0,0,false,5min,
backtest,2026-05-10,06:45,DP Soda Lakes,15,2.6,2.9,2.1,3,4.9,0,181,100,0,HOLDING,-0.5,9,2.7,-6,-45,NO_GO,0,6,false,0,0,false,5min,
backtest,2026-05-10,07:00,DP Soda Lakes,15,2.5,2.7,2.2,3,4.9,0,184,100,0,HOLDING,-0.3,9,1.6,9,-60,NO_GO,0,6,false,0,0,false,5min,
backtest,2026-05-11,05:00,DP Soda Lakes,15,20.7,18.1,17.4,24.6,31.1,100,274,100,75,BUILDING,5.2,-5,2.8,-110,60,GO,5,6,true,125,105,false,5min,
backtest,2026-05-11,05:15,DP Soda Lakes,15,21,19.5,17.8,24.6,31.1,100,274,100,75,HOLDING,2.8,-4,2.1,-95,45,MARGINAL,3,6,true,125,105,false,5min,
backtest,2026-05-11,05:30,DP Soda Lakes,15,20.1,20.4,17.8,22,30.2,100,276,100,92,HOLDING,-0.6,-5,1.3,-80,30,GO,6,6,true,125,105,false,5min,
backtest,2026-05-11,05:45,DP Soda Lakes,15,19.1,20,16.8,20.5,30.2,100,275,100,83,HOLDING,-1.9,-4,1,-65,15,GO,5,6,true,125,105,false,5min,
backtest,2026-05-11,06:00,DP Soda Lakes,15,18.2,19.1,16.8,19.3,28.2,100,275,100,83,HOLDING,-1.9,-5,1,-50,0,GO,6,6,true,125,105,false,5min,
backtest,2026-05-11,06:15,DP Soda Lakes,15,17.8,18.5,16.5,19.3,28.2,100,274,100,83,HOLDING,-1.3,-6,1.4,-35,-15,GO,6,6,true,125,105,false,5min,
backtest,2026-05-11,06:30,DP Soda Lakes,15,17.3,17.7,15.3,20.5,27.3,100,275,100,83,HOLDING,-0.9,-5,1.1,-20,-30,GO,6,6,true,125,105,false,5min,
backtest,2026-05-11,06:45,DP Soda Lakes,15,16.3,17.1,14.4,20.5,25.7,83,277,100,92,HOLDING,-1.6,-5,1.2,-5,-45,GO,6,6,true,125,105,false,5min,
backtest,2026-05-11,07:00,DP Soda Lakes,15,16.6,16.9,14.4,18.8,26.2,83,278,100,100,HOLDING,-0.7,-6,1.8,10,-60,GO,6,6,true,125,105,false,5min,
backtest,2026-05-12,05:00,DP Soda Lakes,15,10.2,10.3,9,12.5,18.3,0,285,100,83,HOLDING,-0.3,2,4.9,-109,60,MARGINAL,2,6,false,5,20,false,5min,
backtest,2026-05-12,05:15,DP Soda Lakes,15,10.2,10.1,8.5,12.5,17.9,0,289,100,83,HOLDING,0,2,4.8,-94,45,MARGINAL,2,6,false,5,20,false,5min,
backtest,2026-05-12,05:30,DP Soda Lakes,15,10.7,10.4,8.5,12,19.9,0,290,100,100,HOLDING,0.5,-1,5.1,-79,30,MARGINAL,2,6,false,5,20,false,5min,
backtest,2026-05-12,05:45,DP Soda Lakes,15,11.6,10.9,10.1,13.7,19.9,0,288,100,83,HOLDING,1.4,-3,4.6,-64,15,MARGINAL,2,6,false,5,20,false,5min,
backtest,2026-05-12,06:00,DP Soda Lakes,15,12.4,11.5,10.1,16.1,19.5,17,281,100,83,HOLDING,1.7,-1,2.9,-49,0,MARGINAL,2,6,false,5,20,false,5min,
backtest,2026-05-12,06:15,DP Soda Lakes,15,9.9,10.7,4.2,16.1,19.5,17,293,75,58,HOLDING,-1.7,6,1.9,-34,-15,NO_GO,-1,6,false,5,20,false,5min,
backtest,2026-05-12,06:30,DP Soda Lakes,15,9,10.7,4.2,13.2,20.4,0,307,83,58,DECAYING,-3.4,13,4.1,-19,-30,NO_GO,0,6,false,5,20,false,5min,
backtest,2026-05-12,06:45,DP Soda Lakes,15,12,10.9,6.8,13.6,20.4,0,327,75,50,HOLDING,2.1,15,5.5,-4,-45,NO_GO,-1,6,false,5,20,false,5min,
backtest,2026-05-12,07:00,DP Soda Lakes,15,12.3,10.6,8.7,15.9,18.8,17,341,92,33,BUILDING,3.3,17,4,11,-60,NO_GO,-2,6,false,5,20,false,5min,
backtest,2026-05-13,05:00,DP Soda Lakes,15,15.8,16.5,13.8,19.1,25.1,67,274,100,67,HOLDING,-1.5,5,0.6,-108,60,MARGINAL,2,6,false,10,70,true,5min,
backtest,2026-05-13,05:15,DP Soda Lakes,15,17.6,16.5,15.6,19.7,26.2,100,274,100,75,HOLDING,2.2,3,0.8,-93,45,MARGINAL,3,6,false,10,70,true,5min,
backtest,2026-05-13,05:30,DP Soda Lakes,15,17.3,16.5,15.1,19.7,26.2,100,272,100,67,HOLDING,1.5,3,1,-78,30,MARGINAL,3,6,false,10,70,true,5min,
backtest,2026-05-13,05:45,DP Soda Lakes,15,15.6,16.6,11.1,18.5,26.8,67,275,100,83,HOLDING,-2,2,1.4,-63,15,GO,5,6,false,10,70,true,5min,
backtest,2026-05-13,06:00,DP Soda Lakes,15,14.2,15.7,11.1,18.5,26.8,17,283,100,92,DECAYING,-3.1,4,1.5,-48,0,MARGINAL,3,6,false,10,70,true,5min,
backtest,2026-05-13,06:15,DP Soda Lakes,15,14.3,15,11.8,15.6,21.2,33,288,100,92,HOLDING,-1.3,2,1.4,-33,-15,GO,4,6,false,10,70,true,5min,
backtest,2026-05-13,06:30,DP Soda Lakes,15,13.9,14,12.3,15.6,21.2,33,291,100,100,HOLDING,-0.3,2,1.2,-18,-30,GO,4,6,false,10,70,true,5min,
backtest,2026-05-13,06:45,DP Soda Lakes,15,11.7,13,9.9,13,20.1,0,292,100,100,HOLDING,-2.6,1,1.4,-3,-45,MARGINAL,2,6,false,10,70,true,5min,
backtest,2026-05-13,07:00,DP Soda Lakes,15,6.6,10.2,1.4,11.5,16.8,0,276,83,83,DECAYING,-7.3,8,2.3,12,-60,NO_GO,0,6,false,10,70,true,5min,
backtest,2026-05-14,05:00,DP Soda Lakes,15,3.3,4.5,2.6,4.9,8.3,0,303,67,33,HOLDING,-2.4,11,2.7,-107,60,NO_GO,0,6,false,0,5,false,5min,
backtest,2026-05-14,05:15,DP Soda Lakes,15,3.9,3.8,2.6,5.7,9.4,0,290,67,58,HOLDING,0.3,11,2.4,-92,45,NO_GO,0,6,false,0,5,false,5min,
backtest,2026-05-14,05:30,DP Soda Lakes,15,4.4,3.8,2.5,6,10.1,0,288,58,58,HOLDING,1.1,13,2.6,-77,30,NO_GO,0,6,false,0,5,false,5min,
backtest,2026-05-14,05:45,DP Soda Lakes,15,3.2,3.6,1.2,6,10.1,0,296,75,67,HOLDING,-0.7,15,1.9,-62,15,NO_GO,0,6,false,0,5,false,5min,
backtest,2026-05-14,06:00,DP Soda Lakes,15,2.3,3.4,1.2,3.4,6.9,0,292,75,58,HOLDING,-2.1,15,0.8,-47,0,NO_GO,0,6,false,0,5,false,5min,
backtest,2026-05-14,06:15,DP Soda Lakes,15,2.3,2.8,1.4,3,6.7,0,292,67,42,HOLDING,-1,15,1.2,-32,-15,NO_GO,0,6,false,0,5,false,5min,
backtest,2026-05-14,06:30,DP Soda Lakes,15,2,2.2,0.7,3,6.7,0,279,67,33,HOLDING,-0.4,19,2.2,-17,-30,NO_GO,0,6,false,0,5,false,5min,
backtest,2026-05-14,06:45,DP Soda Lakes,15,2.3,2.3,0.7,4.2,6.7,0,279,50,25,HOLDING,0,17,2.6,-2,-45,NO_GO,0,6,false,0,5,false,5min,
backtest,2026-05-14,07:00,DP Soda Lakes,15,2.9,2.4,1.7,4.2,6.5,0,251,42,17,HOLDING,0.9,15,2.2,13,-60,NO_GO,0,6,false,0,5,false,5min,
backtest,2026-05-15,05:00,DP Soda Lakes,15,12.2,11,7.2,17.1,22.4,17,263,92,50,HOLDING,2.3,5,2.6,-106,60,NO_GO,-1,6,true,115,45,false,5min,
backtest,2026-05-15,05:15,DP Soda Lakes,15,15,11.6,12.7,17.1,23.9,50,265,92,58,BUILDING,6.9,6,3.2,-91,45,MARGINAL,2,6,true,115,45,false,5min,
backtest,2026-05-15,05:30,DP Soda Lakes,15,16.4,14.3,13.5,18.7,25.1,83,272,100,83,BUILDING,4.2,6,3.4,-76,30,GO,5,6,true,115,45,false,5min,
backtest,2026-05-15,05:45,DP Soda Lakes,15,17.1,16,16.2,18.7,25.1,100,277,100,100,HOLDING,2.1,8,2.7,-61,15,GO,4,6,true,115,45,false,5min,
backtest,2026-05-15,06:00,DP Soda Lakes,15,16.4,16.4,15.9,16.9,24.4,100,277,100,100,HOLDING,0,8,2.4,-46,0,GO,4,6,true,115,45,false,5min,
backtest,2026-05-15,06:15,DP Soda Lakes,15,16.3,16.7,15.9,16.6,24.4,100,277,100,100,HOLDING,-0.8,8,2.3,-31,-15,GO,4,6,true,115,45,false,5min,
backtest,2026-05-15,06:30,DP Soda Lakes,15,15.8,16.1,12.7,16.6,23.7,83,277,100,100,HOLDING,-0.6,8,2.2,-16,-30,GO,4,6,true,115,45,false,5min,
backtest,2026-05-15,06:45,DP Soda Lakes,15,16.4,16.3,12.7,18.1,26.4,83,276,100,92,HOLDING,0.1,8,2.3,-1,-45,GO,4,6,true,115,45,false,5min,
backtest,2026-05-15,07:00,DP Soda Lakes,15,18,16.9,17.2,19.1,27.7,100,276,100,92,HOLDING,2.2,8,3,14,-60,GO,4,6,true,115,45,false,5min,
backtest,2026-05-16,05:00,DP Soda Lakes,15,15.5,16.3,12.8,17.8,26.4,67,269,100,50,HOLDING,-1.7,-3,3.5,-106,60,MARGINAL,3,6,true,45,45,false,5min,
backtest,2026-05-16,05:15,DP Soda Lakes,15,14.4,15.6,12.8,15.8,21.7,50,270,100,50,HOLDING,-2.5,-3,2.7,-91,45,MARGINAL,2,6,true,45,45,false,5min,
backtest,2026-05-16,05:30,DP Soda Lakes,15,13.5,14.5,11,15.8,21.7,33,271,100,58,HOLDING,-1.9,-2,1.5,-76,30,MARGINAL,2,6,true,45,45,false,5min,
backtest,2026-05-16,05:45,DP Soda Lakes,15,13.4,13.9,11,15.5,21.5,17,273,100,75,HOLDING,-1,-2,2.6,-61,15,MARGINAL,2,6,true,45,45,false,5min,
backtest,2026-05-16,06:00,DP Soda Lakes,15,14.7,14.1,14.2,15.5,22.1,33,272,100,75,HOLDING,1.2,-1,5.5,-46,0,MARGINAL,2,6,true,45,45,false,5min,
backtest,2026-05-16,06:15,DP Soda Lakes,15,15.8,14.6,14.3,19.2,25.1,67,271,100,75,HOLDING,2.5,-2,7.5,-31,-15,MARGINAL,3,6,true,45,45,false,5min,
backtest,2026-05-16,06:30,DP Soda Lakes,15,16.8,15.7,15,19.2,25.7,100,269,100,50,HOLDING,2.1,-3,7.8,-16,-30,MARGINAL,3,6,true,45,45,false,5min,
backtest,2026-05-16,06:45,DP Soda Lakes,15,16.6,16.2,15.3,18.4,25.7,100,266,100,25,HOLDING,0.8,-3,6.9,-1,-45,MARGINAL,1,6,true,45,45,false,5min,
backtest,2026-05-16,07:00,DP Soda Lakes,15,14.7,15.7,11.4,18.4,25.7,50,266,100,25,HOLDING,-2.1,-1,5.4,14,-60,NO_GO,0,6,true,45,45,false,5min,
backtest,2026-05-17,05:00,DP Soda Lakes,15,8.7,8,6.6,10.9,15,0,308,100,92,HOLDING,1.3,20,3.7,-105,60,NO_GO,0,6,false,0,10,false,5min,
backtest,2026-05-17,05:15,DP Soda Lakes,15,8.6,8.7,6.6,9.8,14.8,0,303,100,92,HOLDING,0,18,3.1,-90,45,NO_GO,0,6,false,0,10,false,5min,
backtest,2026-05-17,05:30,DP Soda Lakes,15,9.2,8.9,6.6,10.7,14.8,0,294,100,92,HOLDING,0.4,17,2.6,-75,30,MARGINAL,1,6,false,0,10,false,5min,
backtest,2026-05-17,05:45,DP Soda Lakes,15,8.8,8.7,6.6,10.7,14.5,0,285,100,100,HOLDING,0.1,16,2.6,-60,15,NO_GO,0,6,false,0,10,false,5min,
backtest,2026-05-17,06:00,DP Soda Lakes,15,9.2,9.2,8.2,10.9,14.5,0,281,100,100,HOLDING,0,16,1.9,-45,0,MARGINAL,1,6,false,0,10,false,5min,
backtest,2026-05-17,06:15,DP Soda Lakes,15,9.4,9.1,8.4,10.9,14.5,0,289,100,100,HOLDING,0.6,19,1.1,-30,-15,MARGINAL,1,6,false,0,10,false,5min,
backtest,2026-05-17,06:30,DP Soda Lakes,15,8.3,8.7,6.8,9.4,14.5,0,293,100,100,HOLDING,-0.9,18,1.3,-15,-30,NO_GO,0,6,false,0,10,false,5min,
backtest,2026-05-17,06:45,DP Soda Lakes,15,7.5,8.4,6.8,8.5,11.9,0,300,100,100,HOLDING,-2,18,1.4,0,-45,NO_GO,0,6,false,0,10,false,5min,
backtest,2026-05-17,07:00,DP Soda Lakes,15,7.4,7.8,6.6,8,11.4,0,308,100,100,HOLDING,-0.9,17,1.4,15,-60,NO_GO,0,6,false,0,10,false,5min,
backtest,2026-05-18,05:00,DP Soda Lakes,15,1.5,1.3,0.2,2.6,3.8,0,56,67,0,HOLDING,0.4,9,3.1,-104,60,NO_GO,0,6,false,0,0,false,5min,
backtest,2026-05-18,05:15,DP Soda Lakes,15,1.5,1.6,0.2,2.2,4,0,35,83,0,HOLDING,-0.2,10,3.2,-89,45,NO_GO,0,6,false,0,0,false,5min,
backtest,2026-05-18,05:30,DP Soda Lakes,15,2.3,1.9,1.5,2.9,4.7,0,23,100,0,HOLDING,0.7,10,3.4,-74,30,NO_GO,0,6,false,0,0,false,5min,
backtest,2026-05-18,05:45,DP Soda Lakes,15,2.2,1.8,1.5,2.9,4.7,0,21,100,0,HOLDING,0.7,11,2.9,-59,15,NO_GO,0,6,false,0,0,false,5min,
backtest,2026-05-18,06:00,DP Soda Lakes,15,1.9,2.1,1.5,2.2,4.7,0,20,100,0,HOLDING,-0.4,11,2.9,-44,0,NO_GO,0,6,false,0,0,false,5min,
backtest,2026-05-18,06:15,DP Soda Lakes,15,1.9,2,1.6,2.1,4.5,0,19,100,0,HOLDING,-0.3,11,3.7,-29,-15,NO_GO,0,6,false,0,0,false,5min,
backtest,2026-05-18,06:30,DP Soda Lakes,15,1.7,1.8,1.4,2.1,3.8,0,20,100,0,HOLDING,-0.3,11,4.1,-14,-30,NO_GO,0,6,false,0,0,false,5min,
backtest,2026-05-18,06:45,DP Soda Lakes,15,1.9,1.9,1.4,2.7,4.2,0,17,100,0,HOLDING,0,11,3.9,1,-45,NO_GO,0,6,false,0,0,false,5min,
backtest,2026-05-18,07:00,DP Soda Lakes,15,1.7,1.7,0.5,2.7,4.9,0,25,100,0,HOLDING,0,11,3.5,16,-60,NO_GO,0,6,false,0,0,false,5min,
backtest,2026-05-19,05:00,DP Soda Lakes,15,1.6,2.7,0.3,3.8,6,0,344,83,50,HOLDING,-2.4,10,1.6,-103,60,NO_GO,0,6,false,0,0,false,5min,
backtest,2026-05-19,05:15,DP Soda Lakes,15,2.7,2.4,0.3,4,6.5,0,342,83,50,HOLDING,0.6,10,1.6,-88,45,NO_GO,0,6,false,0,0,false,5min,
backtest,2026-05-19,05:30,DP Soda Lakes,15,2.8,2.2,1.9,4,6.5,0,344,83,42,HOLDING,1.3,10,1.4,-73,30,NO_GO,0,6,false,0,0,false,5min,
backtest,2026-05-19,05:45,DP Soda Lakes,15,2.5,2.6,1.8,3.1,5.6,0,331,92,50,HOLDING,-0.2,10,1.8,-58,15,NO_GO,0,6,false,0,0,false,5min,
backtest,2026-05-19,06:00,DP Soda Lakes,15,2.9,2.9,1.8,4.6,6.9,0,323,100,58,HOLDING,0.1,10,2.3,-43,0,NO_GO,0,6,false,0,0,false,5min,
backtest,2026-05-19,06:15,DP Soda Lakes,15,2.9,2.7,2.4,4.6,6.9,0,334,92,42,HOLDING,0.4,10,1.9,-28,-15,NO_GO,0,6,false,0,0,false,5min,
backtest,2026-05-19,06:30,DP Soda Lakes,15,2.5,2.7,2.3,2.7,4.9,0,352,58,42,HOLDING,-0.4,10,1.5,-13,-30,NO_GO,0,6,false,0,0,false,5min,
backtest,2026-05-19,06:45,DP Soda Lakes,15,3,3,2.3,3.5,5.6,0,34,42,25,HOLDING,0,10,1,2,-45,NO_GO,0,6,false,0,0,false,5min,
backtest,2026-05-19,07:00,DP Soda Lakes,15,3.1,2.8,1.4,4,5.8,0,62,83,0,HOLDING,0.6,10,1,17,-60,NO_GO,0,6,false,0,0,false,5min,
backtest,2026-05-20,05:00,DP Soda Lakes,15,3.2,4.5,2.2,4.8,5.8,0,170,100,0,HOLDING,-2.5,7,6.2,-102,60,NO_GO,0,6,false,0,0,false,5min,
backtest,2026-05-20,05:15,DP Soda Lakes,15,3,3.7,2.2,3.7,5.6,0,188,83,17,HOLDING,-1.4,8,5.5,-87,45,NO_GO,0,6,false,0,0,false,5min,
backtest,2026-05-20,05:30,DP Soda Lakes,15,3.3,3.2,2.8,3.6,5.6,0,230,17,42,HOLDING,0.1,8,5.4,-72,30,NO_GO,0,6,false,0,0,false,5min,
backtest,2026-05-20,05:45,DP Soda Lakes,15,2.6,2.8,1.1,3.6,5.6,0,279,58,58,HOLDING,-0.3,9,4.7,-57,15,NO_GO,0,6,false,0,0,false,5min,
backtest,2026-05-20,06:00,DP Soda Lakes,15,1.4,2.3,0.3,2.6,4.2,0,298,83,83,HOLDING,-1.9,9,4.1,-42,0,NO_GO,0,6,false,0,0,false,5min,
backtest,2026-05-20,06:15,DP Soda Lakes,15,2.3,2.4,0.3,4,5.6,0,305,100,92,HOLDING,-0.4,9,4,-27,-15,NO_GO,0,6,false,0,0,false,5min,
backtest,2026-05-20,06:30,DP Soda Lakes,15,2.8,2.1,1.7,4,5.6,0,314,100,75,HOLDING,1.4,10,3.5,-12,-30,NO_GO,0,6,false,0,0,false,5min,
backtest,2026-05-20,06:45,DP Soda Lakes,15,2.5,2.4,1.7,3.6,4.7,0,309,100,83,HOLDING,0.3,11,2.5,3,-45,NO_GO,0,6,false,0,0,false,5min,
backtest,2026-05-20,07:00,DP Soda Lakes,15,2.4,2.6,1.4,3.6,4.5,0,308,100,83,HOLDING,-0.4,10,2.3,18,-60,NO_GO,0,6,false,0,0,false,5min,
backtest,2026-05-21,05:00,DP Soda Lakes,15,16.1,13.9,14.4,18.3,24.2,67,280,100,92,BUILDING,4.3,-10,2.4,-102,60,GO,7,6,true,80,30,false,5min,
backtest,2026-05-21,05:15,DP Soda Lakes,15,16.8,15.6,15.4,18.3,25.3,100,280,100,100,HOLDING,2.3,-11,2.5,-87,45,GO,6,6,true,80,30,false,5min,
backtest,2026-05-21,05:30,DP Soda Lakes,15,15.2,15.6,12.3,17.4,25.3,50,278,100,100,HOLDING,-0.9,-11,1.6,-72,30,GO,6,6,true,80,30,false,5min,
backtest,2026-05-21,05:45,DP Soda Lakes,15,14.6,15.7,12.3,17.9,25.3,33,277,100,100,HOLDING,-2.1,-11,0.9,-57,15,GO,5,6,true,80,30,false,5min,
backtest,2026-05-21,06:00,DP Soda Lakes,15,17.7,16.4,13.7,21.2,27.5,83,276,100,92,HOLDING,2.5,-11,1.5,-42,0,GO,6,6,true,80,30,false,5min,
backtest,2026-05-21,06:15,DP Soda Lakes,15,21.1,17.9,18.7,23.3,31.5,100,276,100,92,BUILDING,6.5,-12,2.5,-27,-15,GO,7,6,true,80,30,false,5min,
backtest,2026-05-21,06:30,DP Soda Lakes,15,21.9,19.8,19.4,23.3,32.4,100,274,100,83,BUILDING,4.2,-13,3.3,-12,-30,GO,7,6,true,80,30,false,5min,
backtest,2026-05-21,06:45,DP Soda Lakes,15,19.2,20.2,15.5,23.2,32.4,100,276,100,83,HOLDING,-1.9,-13,3.6,3,-45,GO,6,6,true,80,30,false,5min,
backtest,2026-05-21,07:00,DP Soda Lakes,15,17.1,19.5,15.5,18.6,28,100,277,100,83,DECAYING,-4.8,-12,3.2,18,-60,GO,5,6,true,80,30,false,5min,
backtest,2026-05-22,05:00,DP Soda Lakes,15,5.5,5,3.7,6.6,12.3,0,209,75,17,HOLDING,0.9,12,2.4,-101,60,NO_GO,0,6,false,0,0,false,5min,
backtest,2026-05-22,05:15,DP Soda Lakes,15,5.1,5.2,2.5,6.2,9.6,0,231,75,17,HOLDING,-0.2,11,3.4,-86,45,NO_GO,0,6,false,0,0,false,5min,
backtest,2026-05-22,05:30,DP Soda Lakes,15,3.8,4.6,2.4,6.2,9.6,0,272,50,33,HOLDING,-1.7,15,3.8,-71,30,NO_GO,0,6,false,0,0,false,5min,
backtest,2026-05-22,05:45,DP Soda Lakes,15,4.7,4.9,2.4,7.1,9.6,0,296,75,58,HOLDING,-0.4,16,2.7,-56,15,NO_GO,0,6,false,0,0,false,5min,
backtest,2026-05-22,06:00,DP Soda Lakes,15,7.4,5.6,5.1,9.4,13.7,0,304,75,67,BUILDING,3.6,18,2.1,-41,0,NO_GO,0,6,false,0,0,false,5min,
backtest,2026-05-22,06:15,DP Soda Lakes,15,8,6.4,7.2,9.4,13.7,0,309,92,92,BUILDING,3.3,20,3.3,-26,-15,NO_GO,0,6,false,0,0,false,5min,
backtest,2026-05-22,06:30,DP Soda Lakes,15,7,7.2,6,8,11.4,0,302,100,100,HOLDING,-0.4,20,3.3,-11,-30,NO_GO,0,6,false,0,0,false,5min,
backtest,2026-05-22,06:45,DP Soda Lakes,15,6.2,7.1,5.2,7,9.8,0,307,100,100,HOLDING,-1.8,19,2.4,4,-45,NO_GO,0,6,false,0,0,false,5min,
backtest,2026-05-22,07:00,DP Soda Lakes,15,5.7,6.4,4.5,6.5,10.7,0,311,100,92,HOLDING,-1.3,18,2.6,19,-60,NO_GO,0,6,false,0,0,false,5min,
backtest,2026-05-23,05:00,DP Soda Lakes,15,16.5,13.8,15.6,18.4,25.3,100,278,100,83,BUILDING,5.2,-10,2,-100,60,GO,7,6,true,100,40,false,5min,
backtest,2026-05-23,05:15,DP Soda Lakes,15,16,15.9,13.7,18.4,25.3,67,277,100,92,HOLDING,0.2,-14,1.4,-85,45,GO,6,6,true,100,40,false,5min,
backtest,2026-05-23,05:30,DP Soda Lakes,15,15.8,16.1,13.7,17.1,24.6,67,276,100,92,HOLDING,-0.7,-12,1.8,-70,30,GO,6,6,true,100,40,false,5min,
backtest,2026-05-23,05:45,DP Soda Lakes,15,16.5,16.2,14.7,18.5,24.6,83,278,100,92,HOLDING,0.5,-14,2.6,-55,15,GO,6,6,true,100,40,false,5min,
backtest,2026-05-23,06:00,DP Soda Lakes,15,17.2,16.5,14.7,20,25.9,67,279,100,100,HOLDING,1.5,-16,2.8,-40,0,GO,6,6,true,100,40,false,5min,
backtest,2026-05-23,06:15,DP Soda Lakes,15,16.9,16.7,14.6,20,25.9,67,282,100,100,HOLDING,0.5,-16,2.4,-25,-15,GO,6,6,true,100,40,false,5min,
backtest,2026-05-23,06:30,DP Soda Lakes,15,18.4,17.8,14.6,21.2,28.6,83,283,100,100,HOLDING,1.2,-19,2.3,-10,-30,GO,6,6,true,100,40,false,5min,
backtest,2026-05-23,06:45,DP Soda Lakes,15,21.2,19.1,18.6,23.8,31.3,100,284,100,100,BUILDING,4.2,-22,2.7,5,-45,GO,7,6,true,100,40,false,5min,
backtest,2026-05-23,07:00,DP Soda Lakes,15,20.9,19.6,18.6,23.8,31.3,100,285,100,100,HOLDING,2.4,-24,3.2,20,-60,GO,6,6,true,100,40,false,5min,
backtest,2026-05-24,05:00,DP Soda Lakes,15,16.2,14.2,12.8,18.1,23.3,83,277,100,67,BUILDING,4.1,5,2.6,-99,60,MARGINAL,3,6,true,180,80,false,5min,
backtest,2026-05-24,05:15,DP Soda Lakes,15,17.8,15.7,15.9,22.5,27.1,100,277,100,83,BUILDING,4.1,5,2,-84,45,GO,5,6,true,180,80,false,5min,
backtest,2026-05-24,05:30,DP Soda Lakes,15,18.4,17.3,15.9,22.5,29.1,100,274,100,83,HOLDING,2.2,6,2.5,-69,30,GO,4,6,true,180,80,false,5min,
backtest,2026-05-24,05:45,DP Soda Lakes,15,17.1,17.4,15,19.7,29.1,100,275,100,83,HOLDING,-0.7,5,2.6,-54,15,GO,4,6,true,180,80,false,5min,
backtest,2026-05-24,06:00,DP Soda Lakes,15,16.2,17.4,15,17.9,25.3,100,276,100,92,HOLDING,-2.2,4,2.7,-39,0,GO,5,6,true,180,80,false,5min,
backtest,2026-05-24,06:15,DP Soda Lakes,15,17.5,17.3,16,19.8,29.5,100,276,100,92,HOLDING,0.4,6,3.1,-24,-15,GO,4,6,true,180,80,false,5min,
backtest,2026-05-24,06:30,DP Soda Lakes,15,17.9,17.1,16.5,19.8,29.5,100,276,100,92,HOLDING,1.6,5,1.9,-9,-30,GO,4,6,true,180,80,false,5min,
backtest,2026-05-24,06:45,DP Soda Lakes,15,18.3,17.9,16.2,21.4,28.9,100,273,100,75,HOLDING,0.8,4,1.4,6,-45,MARGINAL,3,6,true,180,80,false,5min,
backtest,2026-05-24,07:00,DP Soda Lakes,15,18,17.9,15.7,21.4,28.9,100,271,100,58,HOLDING,0.1,4,1.7,21,-60,MARGINAL,3,6,true,180,80,false,5min,
backtest,2026-05-25,05:00,DP Soda Lakes,15,19.5,18.1,15.1,24,30.2,100,277,100,67,HOLDING,2.9,0,1.3,-99,60,MARGINAL,3,6,true,95,105,false,5min,
backtest,2026-05-25,05:15,DP Soda Lakes,15,20.6,19.1,18.2,24,30.2,100,278,100,67,HOLDING,2.8,-1,1.7,-84,45,MARGINAL,3,6,true,95,105,false,5min,
backtest,2026-05-25,05:30,DP Soda Lakes,15,18.9,19.2,17.9,19.6,28.9,100,279,100,75,HOLDING,-0.6,-1,2.4,-69,30,MARGINAL,3,6,true,95,105,false,5min,
backtest,2026-05-25,05:45,DP Soda Lakes,15,19,19.8,17.9,21.3,30.4,100,274,100,58,HOLDING,-1.6,-1,3.7,-54,15,MARGINAL,3,6,true,95,105,false,5min,
backtest,2026-05-25,06:00,DP Soda Lakes,15,20.9,19.9,18.1,22.9,33.5,100,272,100,58,HOLDING,2,-2,4.6,-39,0,MARGINAL,3,6,true,95,105,false,5min,
backtest,2026-05-25,06:15,DP Soda Lakes,15,21.8,20.4,18.8,23,33.5,100,271,100,58,HOLDING,2.9,-3,4.3,-24,-15,MARGINAL,3,6,true,95,105,false,5min,
backtest,2026-05-25,06:30,DP Soda Lakes,15,20.2,20.6,16.6,23,33.3,100,268,100,42,HOLDING,-0.7,-3,4.4,-9,-30,MARGINAL,1,6,true,95,105,false,5min,
backtest,2026-05-25,06:45,DP Soda Lakes,15,20.5,21.2,16.6,23.4,32.9,100,268,100,50,HOLDING,-1.4,-1,3.7,6,-45,MARGINAL,3,6,true,95,105,false,5min,
backtest,2026-05-25,07:00,DP Soda Lakes,15,18.6,19.4,13.2,23.4,32.9,67,263,92,42,HOLDING,-1.6,-4,2.1,21,-60,MARGINAL,1,6,true,95,105,false,5min,
backtest,2026-05-26,05:00,DP Soda Lakes,15,5.3,9,1.7,11.8,16.3,0,260,83,50,DECAYING,-7.5,-3,1.6,-98,60,NO_GO,0,6,false,0,0,false,5min,
backtest,2026-05-26,05:15,DP Soda Lakes,15,3.8,7.1,1.7,5.5,11,0,277,67,33,DECAYING,-6.4,-5,0.9,-83,45,NO_GO,0,6,false,0,0,false,5min,
backtest,2026-05-26,05:30,DP Soda Lakes,15,8.2,6.7,3.7,11.7,16.8,0,283,67,50,HOLDING,2.9,-6,1,-68,30,NO_GO,0,6,false,0,0,false,5min,
backtest,2026-05-26,05:45,DP Soda Lakes,15,10,6.9,2.1,12.6,18.1,0,291,67,58,BUILDING,6.1,-4,2,-53,15,MARGINAL,1,6,false,0,0,false,5min,
backtest,2026-05-26,06:00,DP Soda Lakes,15,5.1,6.6,1.1,12.6,18.1,0,305,50,50,DECAYING,-3.1,-2,2.4,-38,0,NO_GO,0,6,false,0,0,false,5min,
backtest,2026-05-26,06:15,DP Soda Lakes,15,5.2,7.6,1.1,11.8,17.2,0,257,67,50,DECAYING,-4.8,-5,2.4,-23,-15,NO_GO,0,6,false,0,0,false,5min,
backtest,2026-05-26,06:30,DP Soda Lakes,15,7.4,6.2,3,11.8,17.2,0,247,67,33,HOLDING,2.4,-5,2,-8,-30,NO_GO,0,6,false,0,0,false,5min,
backtest,2026-05-26,06:45,DP Soda Lakes,15,8.9,7,3,12.3,18.6,0,252,75,25,BUILDING,3.7,-6,1.2,7,-45,NO_GO,0,6,false,0,0,false,5min,
backtest,2026-05-26,07:00,DP Soda Lakes,15,11.5,9.4,10.2,12.8,18.6,0,267,100,50,BUILDING,4,-7,0.9,22,-60,MARGINAL,2,6,false,0,0,false,5min,
backtest,2026-05-27,05:00,DP Soda Lakes,15,4.5,4.8,4.2,4.8,9.6,0,309,100,100,HOLDING,-0.6,3,1.9,-98,60,NO_GO,0,6,false,0,0,false,5min,
backtest,2026-05-27,05:15,DP Soda Lakes,15,4.1,4.5,2.3,4.9,9.6,0,304,92,92,HOLDING,-0.7,4,1.5,-83,45,NO_GO,0,6,false,0,0,false,5min,
backtest,2026-05-27,05:30,DP Soda Lakes,15,2.8,3.6,1.2,4.9,8.3,0,287,75,67,HOLDING,-1.7,9,1.1,-68,30,NO_GO,0,6,false,0,0,false,5min,
backtest,2026-05-27,05:45,DP Soda Lakes,15,2,3.1,0.3,3.2,6.5,0,285,67,58,HOLDING,-2.1,10,0.8,-53,15,NO_GO,0,6,false,0,0,false,5min,
backtest,2026-05-27,06:00,DP Soda Lakes,15,2.9,2.8,0.3,5.1,7.6,0,281,42,42,HOLDING,0.1,9,1.1,-38,0,NO_GO,0,6,false,0,0,false,5min,
backtest,2026-05-27,06:15,DP Soda Lakes,15,2.7,2.4,1.3,5.1,7.6,0,280,33,33,HOLDING,0.7,11,1.4,-23,-15,NO_GO,0,6,false,0,0,false,5min,
backtest,2026-05-27,06:30,DP Soda Lakes,15,3.6,3.3,1.3,6.8,11.4,0,305,83,58,HOLDING,0.7,8,1.7,-8,-30,NO_GO,0,6,false,0,0,false,5min,
backtest,2026-05-27,06:45,DP Soda Lakes,15,6,4.4,3.8,7.9,11.4,0,301,83,67,BUILDING,3.3,8,1.9,7,-45,NO_GO,0,6,false,0,0,false,5min,
backtest,2026-05-27,07:00,DP Soda Lakes,15,4.9,4.3,2,7.9,11,0,294,83,67,HOLDING,1.3,9,1.9,22,-60,NO_GO,0,6,false,0,0,false,5min,
backtest,2026-05-28,05:00,DP Soda Lakes,15,12.5,11.1,11.5,14.5,18.3,0,275,100,92,HOLDING,2.9,-2,1.3,-97,60,MARGINAL,2,6,false,5,5,false,5min,
backtest,2026-05-28,05:15,DP Soda Lakes,15,13.4,12.8,11.5,15.8,20.4,17,273,100,67,HOLDING,1.3,-3,2.4,-82,45,MARGINAL,2,6,false,5,5,false,5min,
backtest,2026-05-28,05:30,DP Soda Lakes,15,14.4,13.5,13,15.8,20.4,17,270,100,50,HOLDING,1.8,-3,3.2,-67,30,MARGINAL,2,6,false,5,5,false,5min,
backtest,2026-05-28,05:45,DP Soda Lakes,15,14.6,14,13,16.5,21.9,17,269,100,33,HOLDING,1.2,-4,3.1,-52,15,NO_GO,0,6,false,5,5,false,5min,
backtest,2026-05-28,06:00,DP Soda Lakes,15,14.4,14.4,12.8,16.5,21.9,17,267,100,25,HOLDING,0,-4,2.9,-37,0,NO_GO,0,6,false,5,5,false,5min,
backtest,2026-05-28,06:15,DP Soda Lakes,15,13.2,13.9,12.7,14.1,19.9,0,269,100,42,HOLDING,-1.3,-5,2.5,-22,-15,MARGINAL,1,6,false,5,5,false,5min,
backtest,2026-05-28,06:30,DP Soda Lakes,15,13.7,14.1,12.7,15.9,20.1,17,270,100,50,HOLDING,-0.8,-6,2,-7,-30,MARGINAL,3,6,false,5,5,false,5min,
backtest,2026-05-28,06:45,DP Soda Lakes,15,13.4,13.3,12.2,15.9,20.1,17,272,100,58,HOLDING,0.2,-6,2,8,-45,MARGINAL,3,6,false,5,5,false,5min,
backtest,2026-05-28,07:00,DP Soda Lakes,15,11.8,12.7,10.6,12.5,19,0,272,100,67,HOLDING,-1.9,-6,1.6,23,-60,MARGINAL,1,6,false,5,5,false,5min,
backtest,2026-05-29,05:00,DP Soda Lakes,15,20.7,19.9,15.8,22.6,31.3,100,276,100,100,HOLDING,1.6,5,1.6,-97,60,GO,4,6,false,0,120,true,5min,
backtest,2026-05-29,05:15,DP Soda Lakes,15,18.2,19.2,15.7,22.6,31.3,100,273,100,83,HOLDING,-2,6,3.6,-82,45,GO,4,6,false,0,120,true,5min,
backtest,2026-05-29,05:30,DP Soda Lakes,15,16.1,18.4,14.5,17.2,26.8,83,272,100,67,DECAYING,-4.6,7,4.7,-67,30,MARGINAL,1,6,false,0,120,true,5min,
backtest,2026-05-29,05:45,DP Soda Lakes,15,17.7,17.9,14.5,20.6,26.8,83,267,100,42,HOLDING,-0.5,11,3.8,-52,15,NO_GO,0,6,false,0,120,true,5min,
backtest,2026-05-29,06:00,DP Soda Lakes,15,17.2,16.7,9.6,20.6,26.2,83,264,100,17,HOLDING,1.1,10,2.6,-37,0,NO_GO,0,6,false,0,120,true,5min,
backtest,2026-05-29,06:15,DP Soda Lakes,15,10.4,14.1,2.1,20.2,26.2,33,251,92,8,DECAYING,-7.3,11,2,-22,-15,NO_GO,-4,6,false,0,120,true,5min,
backtest,2026-05-29,06:30,DP Soda Lakes,15,3.4,10.3,0,9.7,19,0,250,83,8,DECAYING,-13.9,11,2,-7,-30,NO_GO,0,6,false,0,120,true,5min,
backtest,2026-05-29,06:45,DP Soda Lakes,15,2.6,6.5,0,5.5,14.8,0,258,67,25,DECAYING,-7.8,14,1.9,8,-45,NO_GO,0,6,false,0,120,true,5min,
backtest,2026-05-29,07:00,DP Soda Lakes,15,7.6,5.5,3.8,11.4,16.3,0,263,67,50,BUILDING,4.2,14,2,23,-60,NO_GO,0,6,false,0,120,true,5min,
backtest,2026-05-30,05:00,DP Soda Lakes,15,17.3,17.8,15.6,19.4,27.3,100,269,100,42,HOLDING,-1,1,0.8,-96,60,MARGINAL,1,6,false,5,100,true,5min,
backtest,2026-05-30,05:15,DP Soda Lakes,15,16.1,16.4,11.6,19.4,27.1,67,274,100,67,HOLDING,-0.7,3,0.5,-81,45,MARGINAL,3,6,false,5,100,true,5min,
backtest,2026-05-30,05:30,DP Soda Lakes,15,14.1,15.7,11.6,16.2,24.6,17,276,100,83,DECAYING,-3.1,3,1.3,-66,30,MARGINAL,3,6,false,5,100,true,5min,
backtest,2026-05-30,05:45,DP Soda Lakes,15,14.9,15.5,13.8,16.1,25.7,50,275,100,75,HOLDING,-1.2,2,2,-51,15,MARGINAL,2,6,false,5,100,true,5min,
backtest,2026-05-30,06:00,DP Soda Lakes,15,14.8,14.5,12.8,16.1,25.7,67,277,100,75,HOLDING,0.7,3,1.9,-36,0,MARGINAL,2,6,false,5,100,true,5min,
backtest,2026-05-30,06:15,DP Soda Lakes,15,14.3,14.6,12.8,15.2,25.3,33,277,100,75,HOLDING,-0.6,3,2.3,-21,-15,MARGINAL,2,6,false,5,100,true,5min,
backtest,2026-05-30,06:30,DP Soda Lakes,15,13.4,14.1,10.7,15.2,23.3,17,281,100,75,HOLDING,-1.5,3,2.9,-6,-30,MARGINAL,2,6,false,5,100,true,5min,
backtest,2026-05-30,06:45,DP Soda Lakes,15,12.7,13.5,10.7,14.8,20.1,0,288,100,92,HOLDING,-1.6,4,3.4,9,-45,MARGINAL,2,6,false,5,100,true,5min,
backtest,2026-05-30,07:00,DP Soda Lakes,15,13.1,13.2,11.9,14.8,21.5,0,288,100,92,HOLDING,-0.3,0,2.1,24,-60,GO,4,6,false,5,100,true,5min,
backtest,2026-05-31,05:00,DP Soda Lakes,15,4.9,4.7,3.4,8.3,11.4,0,293,83,67,HOLDING,0.3,3,3.3,-96,60,NO_GO,0,6,false,5,0,false,5min,
backtest,2026-05-31,05:15,DP Soda Lakes,15,5.6,4.7,2.7,8.7,12.8,0,294,83,67,HOLDING,1.7,8,3.8,-81,45,NO_GO,0,6,false,5,0,false,5min,
backtest,2026-05-31,05:30,DP Soda Lakes,15,5,4.9,2.7,8.7,12.8,0,302,100,67,HOLDING,0.1,3,5.2,-66,30,NO_GO,0,6,false,5,0,false,5min,
backtest,2026-05-31,05:45,DP Soda Lakes,15,3.7,4.6,2.9,4.8,8.7,0,300,83,42,HOLDING,-1.8,9,7.5,-51,15,NO_GO,0,6,false,5,0,false,5min,
backtest,2026-05-31,06:00,DP Soda Lakes,15,3.3,4.1,2.9,4,8.7,0,322,50,33,HOLDING,-1.7,5,10.4,-36,0,NO_GO,0,6,false,5,0,false,5min,
backtest,2026-05-31,06:15,DP Soda Lakes,15,3.4,3.5,2.9,4,10.5,0,340,33,17,HOLDING,-0.3,6,13,-21,-15,NO_GO,0,6,false,5,0,false,5min,
backtest,2026-05-31,06:30,DP Soda Lakes,15,3.6,3.5,2.6,6.1,12.1,0,279,33,8,HOLDING,0.4,6,12.1,-6,-30,NO_GO,0,6,false,5,0,false,5min,
backtest,2026-05-31,06:45,DP Soda Lakes,15,6.1,4.7,2.6,10.6,15.9,0,289,42,25,HOLDING,2.7,1,9,9,-45,NO_GO,0,6,false,5,0,false,5min,
backtest,2026-05-31,07:00,DP Soda Lakes,15,10,6.9,6.2,13.1,18.8,0,270,75,42,BUILDING,6.4,1,9.8,24,-60,NO_GO,-3,6,false,5,0,false,5min,
backtest,2026-06-01,05:00,DP Soda Lakes,15,5.3,4.5,1.7,9.8,15.2,0,285,75,58,HOLDING,1.5,20,3.4,-95,60,NO_GO,0,6,false,10,0,false,5min,
backtest,2026-06-01,05:15,DP Soda Lakes,15,10.3,7,7,12.7,17.9,0,291,100,83,BUILDING,6.6,19,3.6,-80,45,MARGINAL,2,6,false,10,0,false,5min,
backtest,2026-06-01,05:30,DP Soda Lakes,15,12.7,9,11.8,14,18.3,0,288,100,92,BUILDING,7.5,20,4.6,-65,30,MARGINAL,2,6,false,10,0,false,5min,
backtest,2026-06-01,05:45,DP Soda Lakes,15,13.4,11.9,12.6,14,18.6,0,283,100,100,BUILDING,3.1,19,4.6,-50,15,GO,4,6,false,10,0,false,5min,
backtest,2026-06-01,06:00,DP Soda Lakes,15,13.7,13.2,12.7,14.6,20.8,0,276,100,92,HOLDING,1,19,4.4,-35,0,MARGINAL,3,6,false,10,0,false,5min,
backtest,2026-06-01,06:15,DP Soda Lakes,15,14.3,13.9,12.7,15.8,20.8,17,274,100,92,HOLDING,0.8,20,4.1,-20,-15,MARGINAL,3,6,false,10,0,false,5min,
backtest,2026-06-01,06:30,DP Soda Lakes,15,14.6,14.2,14.1,15.8,20.4,17,275,100,92,HOLDING,0.9,19,3.8,-5,-30,MARGINAL,3,6,false,10,0,false,5min,
backtest,2026-06-01,06:45,DP Soda Lakes,15,13.8,14,11.5,14.8,20.6,0,276,100,92,HOLDING,-0.5,19,3.7,10,-45,MARGINAL,3,6,false,10,0,false,5min,
backtest,2026-06-01,07:00,DP Soda Lakes,15,13.7,14.1,11.5,16.5,21.9,17,277,100,100,HOLDING,-1,18,4.3,25,-60,MARGINAL,3,6,false,10,0,false,5min,
backtest,2026-06-02,05:00,DP Soda Lakes,15,9.3,9.2,8,10.4,15.7,0,309,100,100,HOLDING,0.4,8,1.9,-95,60,MARGINAL,1,6,false,0,0,false,5min,
backtest,2026-06-02,05:15,DP Soda Lakes,15,9.5,9.5,8,10.5,15.4,0,314,100,100,HOLDING,0.2,8,2.7,-80,45,MARGINAL,1,6,false,0,0,false,5min,
backtest,2026-06-02,05:30,DP Soda Lakes,15,9.9,9.6,8,11,15.4,0,317,100,100,HOLDING,0.5,10,2.1,-65,30,MARGINAL,1,6,false,0,0,false,5min,
backtest,2026-06-02,05:45,DP Soda Lakes,15,9.5,9.5,8,11,14.5,0,318,100,100,HOLDING,0,9,2,-50,15,MARGINAL,1,6,false,0,0,false,5min,
backtest,2026-06-02,06:00,DP Soda Lakes,15,9.7,9.8,8.9,10.7,14.3,0,314,100,100,HOLDING,-0.2,10,1.8,-35,0,MARGINAL,1,6,false,0,0,false,5min,
backtest,2026-06-02,06:15,DP Soda Lakes,15,9.5,9.5,7.9,10.7,14.3,0,311,100,100,HOLDING,-0.1,10,1.8,-20,-15,MARGINAL,1,6,false,0,0,false,5min,
backtest,2026-06-02,06:30,DP Soda Lakes,15,9.7,9.7,7.9,11.4,14.5,0,311,100,100,HOLDING,-0.1,12,2.3,-5,-30,MARGINAL,1,6,false,0,0,false,5min,
backtest,2026-06-02,06:45,DP Soda Lakes,15,9.5,9.5,7.5,11.4,14.5,0,310,100,100,HOLDING,0.1,13,2.6,10,-45,MARGINAL,1,6,false,0,0,false,5min,
backtest,2026-06-02,07:00,DP Soda Lakes,15,9.6,9.7,7.5,11.8,14.5,0,311,100,100,HOLDING,0,12,3,25,-60,MARGINAL,1,6,false,0,0,false,5min,
backtest,2026-06-03,05:00,DP Soda Lakes,15,10.3,9.6,7.6,12.3,17.2,0,281,100,67,HOLDING,1.4,6,1.8,-94,60,NO_GO,-1,6,false,5,35,true,5min,
backtest,2026-06-03,05:15,DP Soda Lakes,15,8.7,10.3,6.7,11.1,16.6,0,284,100,75,DECAYING,-3.2,7,1.1,-79,45,NO_GO,0,6,false,5,35,true,5min,
backtest,2026-06-03,05:30,DP Soda Lakes,15,9,9.6,6.5,14.8,19.7,0,283,100,75,HOLDING,-1.3,8,1.5,-64,30,NO_GO,-1,6,false,5,35,true,5min,
backtest,2026-06-03,05:45,DP Soda Lakes,15,10.3,9.5,6.5,14.8,20.8,0,289,100,92,HOLDING,1.7,11,2.4,-49,15,MARGINAL,1,6,false,5,35,true,5min,
backtest,2026-06-03,06:00,DP Soda Lakes,15,11.5,10.3,9.8,14.3,20.8,0,292,100,100,HOLDING,2.5,7,3.3,-34,0,MARGINAL,1,6,false,5,35,true,5min,
backtest,2026-06-03,06:15,DP Soda Lakes,15,12.7,11.5,11,14.3,20.6,0,293,100,100,HOLDING,2.4,11,3.4,-19,-15,MARGINAL,1,6,false,5,35,true,5min,
backtest,2026-06-03,06:30,DP Soda Lakes,15,10.2,10.9,3.3,14.1,20.6,0,291,100,83,HOLDING,-1.3,8,3.4,-4,-30,MARGINAL,1,6,false,5,35,true,5min,
backtest,2026-06-03,06:45,DP Soda Lakes,15,8.8,10.7,3.3,12.8,19.2,0,285,100,75,DECAYING,-3.9,7,2.7,11,-45,NO_GO,0,6,false,5,35,true,5min,
backtest,2026-06-03,07:00,DP Soda Lakes,15,11.9,11,6,18.3,22.6,17,283,100,75,HOLDING,1.7,7,1.9,26,-60,NO_GO,-1,6,false,5,35,true,5min,
backtest,2026-06-04,05:00,DP Soda Lakes,15,19.2,18.3,13.6,22.9,32.2,83,281,100,83,HOLDING,1.8,-9,0.9,-94,60,GO,6,6,true,140,80,false,5min,
backtest,2026-06-04,05:15,DP Soda Lakes,15,13.8,17.3,9.1,20.1,31.8,33,278,100,75,DECAYING,-7,-12,1.5,-79,45,MARGINAL,2,6,true,140,80,false,5min,
backtest,2026-06-04,05:30,DP Soda Lakes,15,13.6,16.4,9.1,17,24.2,33,275,100,58,DECAYING,-5.6,-11,2.4,-64,30,MARGINAL,2,6,true,140,80,false,5min,
backtest,2026-06-04,05:45,DP Soda Lakes,15,17.3,15.5,14.4,20,26.4,83,271,100,50,BUILDING,3.5,-11,2.3,-49,15,GO,5,6,true,140,80,false,5min,
backtest,2026-06-04,06:00,DP Soda Lakes,15,18.4,16,16.7,20,29.1,100,274,100,67,BUILDING,4.8,-12,2.1,-34,0,GO,5,6,true,140,80,false,5min,
backtest,2026-06-04,06:15,DP Soda Lakes,15,20,18.6,17.1,23.3,30,100,279,100,75,HOLDING,2.7,-10,1.7,-19,-15,GO,4,6,true,140,80,false,5min,
backtest,2026-06-04,06:30,DP Soda Lakes,15,20.9,19.7,18.3,23.3,30,100,283,100,92,HOLDING,2.5,-12,2.2,-4,-30,GO,6,6,true,140,80,false,5min,
backtest,2026-06-04,06:45,DP Soda Lakes,15,19.8,19.9,18.2,22.5,29.5,100,287,100,100,HOLDING,-0.1,-12,2.5,11,-45,GO,6,6,true,140,80,false,5min,
backtest,2026-06-04,07:00,DP Soda Lakes,15,20.4,20.7,18.2,23.2,30,100,288,100,100,HOLDING,-0.4,-11,1.5,26,-60,GO,6,6,true,140,80,false,5min,
backtest,2026-06-05,05:00,DP Soda Lakes,15,13.8,14.5,11.5,18.3,25.7,33,292,100,100,HOLDING,-1.3,5,2.4,-94,60,MARGINAL,3,6,false,5,110,true,5min,
backtest,2026-06-05,05:15,DP Soda Lakes,15,11.3,13.1,7.9,15.3,25.7,17,305,92,83,DECAYING,-3.6,4,1.8,-79,45,MARGINAL,1,6,false,5,110,true,5min,
backtest,2026-06-05,05:30,DP Soda Lakes,15,9.9,11.9,6,13.4,24.8,0,308,100,58,DECAYING,-3.9,4,1.4,-64,30,NO_GO,-1,6,false,5,110,true,5min,
backtest,2026-06-05,05:45,DP Soda Lakes,15,11.6,11.4,6,13.4,22.6,0,303,92,58,HOLDING,0.3,7,2.4,-49,15,NO_GO,-1,6,false,5,110,true,5min,
backtest,2026-06-05,06:00,DP Soda Lakes,15,10.8,10.3,5.1,13.3,20.4,0,291,75,42,HOLDING,0.9,8,2.9,-34,0,NO_GO,-3,6,false,5,110,true,5min,
backtest,2026-06-05,06:15,DP Soda Lakes,15,9.4,10.5,5.1,11.4,17,0,272,92,42,HOLDING,-2.2,8,2.4,-19,-15,NO_GO,-3,6,false,5,110,true,5min,
backtest,2026-06-05,06:30,DP Soda Lakes,15,11,10.9,9.7,13.4,18.3,0,270,100,67,HOLDING,0.3,8,1.8,-4,-30,NO_GO,-1,6,false,5,110,true,5min,
backtest,2026-06-05,06:45,DP Soda Lakes,15,11.5,10.5,8.5,13.4,18.3,0,270,100,67,HOLDING,2.1,9,1.3,11,-45,NO_GO,-1,6,false,5,110,true,5min,
backtest,2026-06-05,07:00,DP Soda Lakes,15,11.3,11.2,8.5,12.5,18.3,0,275,100,83,HOLDING,0.3,9,1.1,26,-60,MARGINAL,1,6,false,5,110,true,5min,
backtest,2026-06-06,05:00,DP Soda Lakes,15,9.9,10,8.2,12,17.7,0,284,100,100,HOLDING,-0.3,5,1.9,-94,60,MARGINAL,1,6,false,5,5,false,5min,
backtest,2026-06-06,05:15,DP Soda Lakes,15,6.5,8,0.8,12,16.8,0,281,83,83,DECAYING,-3,6,1.1,-79,45,NO_GO,0,6,false,5,5,false,5min,
backtest,2026-06-06,05:30,DP Soda Lakes,15,2.1,6,0.8,4.2,9.2,0,281,58,58,DECAYING,-7.8,7,0.7,-64,30,NO_GO,0,6,false,5,5,false,5min,
backtest,2026-06-06,05:45,DP Soda Lakes,15,1.8,4.1,1,2.9,6.3,0,302,50,50,DECAYING,-4.7,10,0.6,-49,15,NO_GO,0,6,false,5,5,false,5min,
backtest,2026-06-06,06:00,DP Soda Lakes,15,3,2.6,1.2,4.2,8.7,0,309,50,50,HOLDING,0.9,5,1,-34,0,NO_GO,0,6,false,5,5,false,5min,
backtest,2026-06-06,06:15,DP Soda Lakes,15,3.7,2.7,2.8,4.3,10.1,0,310,67,67,HOLDING,1.9,10,1.5,-19,-15,NO_GO,0,6,false,5,5,false,5min,
backtest,2026-06-06,06:30,DP Soda Lakes,15,7.8,5.4,2.8,15.6,18.8,17,300,92,83,BUILDING,4.8,2,2.5,-4,-30,NO_GO,0,6,false,5,5,false,5min,
backtest,2026-06-06,06:45,DP Soda Lakes,15,8.3,6,2.1,15.6,18.8,17,293,75,67,BUILDING,4.7,6,3.2,11,-45,NO_GO,0,6,false,5,5,false,5min,
backtest,2026-06-06,07:00,DP Soda Lakes,15,3.8,5.8,2.1,8,15.2,0,273,58,50,DECAYING,-4.1,13,2.9,26,-60,NO_GO,0,6,false,5,5,false,5min,
backtest,2026-06-07,05:00,DP Soda Lakes,15,5.2,5.5,3.8,7.4,11.2,0,276,92,83,HOLDING,-0.5,0,1.8,-93,60,NO_GO,0,6,false,0,10,false,5min,
backtest,2026-06-07,05:15,DP Soda Lakes,15,4.5,4.8,3.5,5.1,8.9,0,274,92,75,HOLDING,-0.8,3,2,-78,45,NO_GO,0,6,false,0,10,false,5min,
backtest,2026-06-07,05:30,DP Soda Lakes,15,5.8,5.5,3.5,8.6,13.2,0,289,100,92,HOLDING,0.6,3,2.5,-63,30,NO_GO,0,6,false,0,10,false,5min,
backtest,2026-06-07,05:45,DP Soda Lakes,15,8.3,6.4,6.5,11.6,15.9,0,288,100,83,BUILDING,3.9,-2,3.2,-48,15,NO_GO,0,6,false,0,10,false,5min,
backtest,2026-06-07,06:00,DP Soda Lakes,15,9.2,7.5,7.5,11.6,15.9,0,286,100,75,BUILDING,3.3,2,3.8,-33,0,MARGINAL,1,6,false,0,10,false,5min,
backtest,2026-06-07,06:15,DP Soda Lakes,15,5.9,7.1,1.9,10.2,15.9,0,287,83,67,HOLDING,-2.5,3,3.6,-18,-15,NO_GO,0,6,false,0,10,false,5min,
backtest,2026-06-07,06:30,DP Soda Lakes,15,2.4,5.8,1.6,3.8,9.2,0,275,58,42,DECAYING,-6.8,10,3.1,-3,-30,NO_GO,0,6,false,0,10,false,5min,
backtest,2026-06-07,06:45,DP Soda Lakes,15,1.8,3.8,0.8,3.1,5.1,0,235,42,25,DECAYING,-4.1,15,2.8,12,-45,NO_GO,0,6,false,0,10,false,5min,
backtest,2026-06-07,07:00,DP Soda Lakes,15,1.4,1.9,0.7,2.4,4.2,0,103,42,8,HOLDING,-0.9,15,2.8,27,-60,NO_GO,0,6,false,0,10,false,5min,
backtest,2026-06-08,05:00,DP Soda Lakes,15,5.2,4.5,3.7,6.6,10.7,0,300,83,75,HOLDING,1.4,7,1.8,-93,60,NO_GO,0,6,false,0,0,false,5min,
backtest,2026-06-08,05:15,DP Soda Lakes,15,4.4,4.5,3.4,6.6,10.7,0,300,92,92,HOLDING,-0.2,6,3,-78,45,NO_GO,0,6,false,0,0,false,5min,
backtest,2026-06-08,05:30,DP Soda Lakes,15,3.6,4.4,2.8,4.2,10.1,0,299,100,92,HOLDING,-1.6,6,3.8,-63,30,NO_GO,0,6,false,0,0,false,5min,
backtest,2026-06-08,05:45,DP Soda Lakes,15,3,3.7,1.3,4.2,10.1,0,295,83,67,HOLDING,-1.5,13,3.4,-48,15,NO_GO,0,6,false,0,0,false,5min,
backtest,2026-06-08,06:00,DP Soda Lakes,15,3.8,3.7,1.3,7,11.2,0,305,75,58,HOLDING,0.2,9,2.2,-33,0,NO_GO,0,6,false,0,0,false,5min,
backtest,2026-06-08,06:15,DP Soda Lakes,15,4.8,3.9,1.7,7,12.3,0,301,75,50,HOLDING,1.8,10,1.7,-18,-15,NO_GO,0,6,false,0,0,false,5min,
backtest,2026-06-08,06:30,DP Soda Lakes,15,3.6,3.7,1.7,6,12.3,0,308,50,42,HOLDING,-0.2,9,2.7,-3,-30,NO_GO,0,6,false,0,0,false,5min,
backtest,2026-06-08,06:45,DP Soda Lakes,15,2.9,3.9,2.1,4.1,6.7,0,304,75,50,HOLDING,-1.8,11,2.8,12,-45,NO_GO,0,6,false,0,0,false,5min,
backtest,2026-06-08,07:00,DP Soda Lakes,15,4.3,3.9,2.7,7.1,12.1,0,296,75,58,HOLDING,0.7,8,1.8,27,-60,NO_GO,0,6,false,0,0,false,5min,
backtest,2026-06-09,05:00,DP Soda Lakes,15,4.8,4.7,1.9,9.3,13.9,0,264,67,33,HOLDING,0.2,-7,1.3,-93,60,NO_GO,0,6,false,0,35,true,5min,
backtest,2026-06-09,05:15,DP Soda Lakes,15,5.4,4.4,1.9,9.3,13.9,0,248,75,25,HOLDING,2.1,-5,2.1,-78,45,NO_GO,0,6,false,0,35,true,5min,
backtest,2026-06-09,05:30,DP Soda Lakes,15,6,5.4,3,10.7,15.9,0,255,75,25,HOLDING,1.2,-4,2.7,-63,30,NO_GO,0,6,false,0,35,true,5min,
backtest,2026-06-09,05:45,DP Soda Lakes,15,5.2,5.3,2.7,10.7,15.9,0,283,50,17,HOLDING,-0.3,-4,2.2,-48,15,NO_GO,0,6,false,0,35,true,5min,
backtest,2026-06-09,06:00,DP Soda Lakes,15,4.6,5.3,2.7,7.1,10.5,0,326,33,0,HOLDING,-1.4,-10,1.4,-33,0,NO_GO,0,6,false,0,35,true,5min,
backtest,2026-06-09,06:15,DP Soda Lakes,15,5,5.1,3.4,7.1,10.5,0,346,58,8,HOLDING,-0.2,-1,1.7,-18,-15,NO_GO,0,6,false,0,35,true,5min,
backtest,2026-06-09,06:30,DP Soda Lakes,15,4.5,4.6,3.4,5.4,10.1,0,336,67,33,HOLDING,-0.1,-6,3.5,-3,-30,NO_GO,0,6,false,0,35,true,5min,
backtest,2026-06-09,06:45,DP Soda Lakes,15,4.9,4.9,3.8,6.1,9.2,0,321,92,58,HOLDING,-0.1,-6,4.1,12,-45,NO_GO,0,6,false,0,35,true,5min,
backtest,2026-06-09,07:00,DP Soda Lakes,15,4.4,4.5,2.2,6.1,9.2,0,305,100,83,HOLDING,-0.1,-7,3.2,27,-60,NO_GO,0,6,false,0,35,true,5min,
backtest,2026-06-10,05:00,DP Soda Lakes,15,6.2,5.7,5.4,8.1,10.7,0,310,100,92,HOLDING,1,24,6,-93,60,NO_GO,0,6,false,0,0,false,5min,
backtest,2026-06-10,05:15,DP Soda Lakes,15,7,6.2,5.1,8.5,12.5,0,305,100,100,HOLDING,1.6,21,4.3,-78,45,NO_GO,0,6,false,0,0,false,5min,
backtest,2026-06-10,05:30,DP Soda Lakes,15,8.3,7.3,5.1,10.7,15.7,0,302,100,100,HOLDING,2.1,20,3.1,-63,30,NO_GO,0,6,false,0,0,false,5min,
backtest,2026-06-10,05:45,DP Soda Lakes,15,9.9,8.4,8.6,11.5,17.2,0,304,100,100,HOLDING,2.9,20,3.1,-48,15,MARGINAL,1,6,false,0,0,false,5min,
backtest,2026-06-10,06:00,DP Soda Lakes,15,10.7,9.5,9.8,12.5,17.4,0,306,100,100,HOLDING,2.4,20,2.2,-33,0,MARGINAL,1,6,false,0,0,false,5min,
backtest,2026-06-10,06:15,DP Soda Lakes,15,9.4,9.7,6.8,12.5,17.4,0,307,100,100,HOLDING,-0.5,19,1.4,-18,-15,MARGINAL,1,6,false,0,0,false,5min,
backtest,2026-06-10,06:30,DP Soda Lakes,15,5.5,8.1,2.6,8.9,13.4,0,315,92,83,DECAYING,-5.2,20,1.5,-3,-30,NO_GO,0,6,false,0,0,false,5min,
backtest,2026-06-10,06:45,DP Soda Lakes,15,3.1,6.3,1.5,4.9,8.9,0,323,92,75,DECAYING,-6.3,19,2.3,12,-45,NO_GO,0,6,false,0,0,false,5min,
backtest,2026-06-10,07:00,DP Soda Lakes,15,4.1,4.8,1.5,5.8,10.3,0,324,92,75,HOLDING,-1.4,22,2.7,27,-60,NO_GO,0,6,false,0,0,false,5min,
backtest,2026-06-11,05:00,DP Soda Lakes,15,5.1,6.1,3.8,7.1,12.3,0,344,75,25,HOLDING,-2.1,10,2.5,-93,60,NO_GO,0,6,false,0,0,false,5min,
backtest,2026-06-11,05:15,DP Soda Lakes,15,5.5,4.9,3.4,7.5,12.5,0,1,67,8,HOLDING,1.3,13,2.9,-78,45,NO_GO,0,6,false,0,0,false,5min,
backtest,2026-06-11,05:30,DP Soda Lakes,15,3.5,4.3,1.2,7.5,12.5,0,17,75,0,HOLDING,-1.6,15,3.5,-63,30,NO_GO,0,6,false,0,0,false,5min,
backtest,2026-06-11,05:45,DP Soda Lakes,15,2.2,3.8,0.5,3.3,6.7,0,32,58,0,DECAYING,-3.3,20,2.9,-48,15,NO_GO,0,6,false,0,0,false,5min,
backtest,2026-06-11,06:00,DP Soda Lakes,15,2.1,2.8,0.5,3.3,6.7,0,54,50,0,HOLDING,-1.4,21,1.7,-33,0,NO_GO,0,6,false,0,0,false,5min,
backtest,2026-06-11,06:15,DP Soda Lakes,15,2.4,2.3,1.1,3,6.3,0,174,50,0,HOLDING,0.3,21,1.7,-18,-15,NO_GO,0,6,false,0,0,false,5min,
backtest,2026-06-11,06:30,DP Soda Lakes,15,3.3,2.7,2.7,3.9,6.5,0,191,67,0,HOLDING,1.2,22,1.9,-3,-30,NO_GO,0,6,false,0,0,false,5min,
backtest,2026-06-11,06:45,DP Soda Lakes,15,3.7,3.1,3.4,4.2,6.5,0,200,92,0,HOLDING,1.3,21,1.9,12,-45,NO_GO,0,6,false,0,0,false,5min,
backtest,2026-06-11,07:00,DP Soda Lakes,15,3,3.2,1.3,4.2,6.3,0,199,83,8,HOLDING,-0.3,21,1.8,27,-60,NO_GO,0,6,false,0,0,false,5min,
backtest,2026-06-12,05:00,DP Soda Lakes,15,13.1,11.3,12,14.7,20.8,0,276,100,92,BUILDING,3.7,5,2.8,-93,60,GO,4,6,true,35,30,false,5min,
backtest,2026-06-12,05:15,DP Soda Lakes,15,14,13.7,12,16.7,21.5,17,276,100,100,HOLDING,0.6,4,3.1,-78,45,GO,4,6,true,35,30,false,5min,
backtest,2026-06-12,05:30,DP Soda Lakes,15,14.7,13.9,12.7,16.7,22.1,33,276,100,100,HOLDING,1.6,3,3,-63,30,GO,4,6,true,35,30,false,5min,
backtest,2026-06-12,05:45,DP Soda Lakes,15,15.3,14.6,12.7,16.9,23.5,67,275,100,100,HOLDING,1.3,5,2.7,-48,15,GO,4,6,true,35,30,false,5min,
backtest,2026-06-12,06:00,DP Soda Lakes,15,16,15.4,14.2,16.9,24.2,83,275,100,92,HOLDING,1.3,6,2.4,-33,0,GO,4,6,true,35,30,false,5min,
backtest,2026-06-12,06:15,DP Soda Lakes,15,14,14.7,12,16.5,24.2,33,273,100,83,HOLDING,-1.2,6,2.8,-18,-15,MARGINAL,3,6,true,35,30,false,5min,
backtest,2026-06-12,06:30,DP Soda Lakes,15,13.9,15,12,16.1,21.5,33,272,100,75,HOLDING,-2.1,5,3,-3,-30,MARGINAL,1,6,true,35,30,false,5min,
backtest,2026-06-12,06:45,DP Soda Lakes,15,15.4,14.7,14.5,16.3,22.6,83,272,100,75,HOLDING,1.4,5,3.2,12,-45,MARGINAL,2,6,true,35,30,false,5min,
backtest,2026-06-12,07:00,DP Soda Lakes,15,15.1,14.5,12.3,16.3,26.2,83,272,100,75,HOLDING,1.3,5,2.1,27,-60,MARGINAL,2,6,true,35,30,false,5min,
backtest,2026-06-13,05:00,DP Soda Lakes,15,16.6,17.3,15.2,18.2,26.6,100,284,100,92,HOLDING,-1.5,2,3.2,-93,60,GO,5,6,false,0,170,true,5min,
backtest,2026-06-13,05:15,DP Soda Lakes,15,15.3,16.4,12.3,18.2,24.8,67,285,100,100,HOLDING,-2.3,1,2.3,-78,45,GO,5,6,false,0,170,true,5min,
backtest,2026-06-13,05:30,DP Soda Lakes,15,13,14.8,11.1,15.6,23.3,17,284,100,92,DECAYING,-3.5,2,2.7,-63,30,MARGINAL,3,6,false,0,170,true,5min,
backtest,2026-06-13,05:45,DP Soda Lakes,15,12.7,14,11.1,15,21.9,17,275,100,67,HOLDING,-2.5,3,4,-48,15,NO_GO,0,6,false,0,170,true,5min,
backtest,2026-06-13,06:00,DP Soda Lakes,15,12.6,12.8,11.2,15,21.2,17,275,100,67,HOLDING,-0.4,3,3.9,-33,0,NO_GO,0,6,false,0,170,true,5min,
backtest,2026-06-13,06:15,DP Soda Lakes,15,11.1,11.9,8.7,12.4,18.3,0,273,100,58,HOLDING,-1.7,2,2,-18,-15,NO_GO,0,6,false,0,170,true,5min,
backtest,2026-06-13,06:30,DP Soda Lakes,15,10.9,11.7,8.7,12.7,18.3,0,277,100,67,HOLDING,-1.7,5,1.6,-3,-30,NO_GO,-1,6,false,0,170,true,5min,
backtest,2026-06-13,06:45,DP Soda Lakes,15,8.8,9.9,5.1,12.7,18.1,0,287,100,92,HOLDING,-2.2,4,1.7,12,-45,NO_GO,0,6,false,0,170,true,5min,
backtest,2026-06-13,07:00,DP Soda Lakes,15,7.6,9.3,5.1,10.8,15.7,0,293,100,92,DECAYING,-3.2,3,1.3,27,-60,NO_GO,0,6,false,0,170,true,5min,
backtest,2026-06-14,05:00,DP Soda Lakes,15,6.3,5.1,3.8,10.4,12.5,0,89,92,0,HOLDING,2.4,6,5.4,-93,60,NO_GO,0,6,false,0,0,false,5min,
backtest,2026-06-14,05:15,DP Soda Lakes,15,8.1,6,5.5,10.4,12.8,0,95,92,0,BUILDING,4.1,6,5.5,-78,45,NO_GO,0,6,false,0,0,false,5min,
backtest,2026-06-14,05:30,DP Soda Lakes,15,7.5,6.9,5.4,8.8,13.9,0,102,100,0,HOLDING,1.2,6,6.5,-63,30,NO_GO,0,6,false,0,0,false,5min,
backtest,2026-06-14,05:45,DP Soda Lakes,15,5.9,7,3.6,8.8,13.9,0,105,100,0,HOLDING,-2.1,5,5.9,-48,15,NO_GO,0,6,false,0,0,false,5min,
backtest,2026-06-14,06:00,DP Soda Lakes,15,5.2,6.3,3.6,5.7,9.4,0,99,100,0,HOLDING,-2.3,5,6.2,-33,0,NO_GO,0,6,false,0,0,false,5min,
backtest,2026-06-14,06:15,DP Soda Lakes,15,5.2,5.6,4.4,5.7,10.5,0,98,100,0,HOLDING,-0.7,6,6.9,-18,-15,NO_GO,0,6,false,0,0,false,5min,
backtest,2026-06-14,06:30,DP Soda Lakes,15,5.7,5.4,4.4,7.2,10.5,0,102,100,0,HOLDING,0.6,6,6.6,-3,-30,NO_GO,0,6,false,0,0,false,5min,
backtest,2026-06-14,06:45,DP Soda Lakes,15,6.9,6.1,5.8,7.5,11.4,0,112,100,0,HOLDING,1.7,6,5.3,12,-45,NO_GO,0,6,false,0,0,false,5min,
backtest,2026-06-14,07:00,DP Soda Lakes,15,7.2,6.4,5.9,8.2,11.4,0,121,100,0,HOLDING,1.4,6,2.9,27,-60,NO_GO,0,6,false,0,0,false,5min,
backtest,2026-06-15,05:00,DP Soda Lakes,15,3,2.7,2.1,4.8,6.3,0,289,42,33,HOLDING,0.6,15,4.8,-93,60,NO_GO,0,6,false,0,0,false,5min,
backtest,2026-06-15,05:15,DP Soda Lakes,15,3.9,2.9,2.6,4.8,7.8,0,323,75,50,HOLDING,1.9,17,4.7,-78,45,NO_GO,0,6,false,0,0,false,5min,
backtest,2026-06-15,05:30,DP Soda Lakes,15,3.7,3.3,2.7,4.3,7.8,0,311,67,50,HOLDING,0.7,21,3.8,-63,30,NO_GO,0,6,false,0,0,false,5min,
backtest,2026-06-15,05:45,DP Soda Lakes,15,4.6,4.2,2.7,6.8,10.1,0,316,83,58,HOLDING,0.7,19,2.7,-48,15,NO_GO,0,6,false,0,0,false,5min,
backtest,2026-06-15,06:00,DP Soda Lakes,15,5.6,4.6,3.6,6.9,11.2,0,309,92,67,HOLDING,1.9,17,1.8,-33,0,NO_GO,0,6,false,0,0,false,5min,
backtest,2026-06-15,06:15,DP Soda Lakes,15,5.6,5.1,3.6,6.9,11.2,0,302,83,75,HOLDING,1.1,18,1,-18,-15,NO_GO,0,6,false,0,0,false,5min,
backtest,2026-06-15,06:30,DP Soda Lakes,15,6.3,6,5.1,7.7,12.1,0,309,100,92,HOLDING,0.7,17,0.6,-3,-30,NO_GO,0,6,false,0,0,false,5min,
backtest,2026-06-15,06:45,DP Soda Lakes,15,5.7,5.7,2.5,7.7,12.1,0,301,100,92,HOLDING,0,17,1,12,-45,NO_GO,0,6,false,0,0,false,5min,
backtest,2026-06-15,07:00,DP Soda Lakes,15,3.8,5,2.5,6.3,9.6,0,304,100,92,HOLDING,-2.5,16,1.9,27,-60,NO_GO,0,6,false,0,0,false,5min,
backtest,2026-06-16,05:00,DP Soda Lakes,15,16.9,17.5,15.7,18.7,24.6,100,275,100,92,HOLDING,-1.1,7,1.6,-93,60,GO,4,6,true,30,70,false,5min,
backtest,2026-06-16,05:15,DP Soda Lakes,15,15.8,16.7,12.2,18.2,24.4,67,275,100,92,HOLDING,-1.9,7,0.7,-78,45,GO,4,6,true,30,70,false,5min,
backtest,2026-06-16,05:30,DP Soda Lakes,15,12.8,14.8,10.6,16.6,24.4,17,275,100,92,DECAYING,-4.2,6,0.5,-63,30,MARGINAL,2,6,true,30,70,false,5min,
backtest,2026-06-16,05:45,DP Soda Lakes,15,11.4,13.6,10.6,12.4,20.4,0,278,100,92,DECAYING,-4.3,7,0.6,-48,15,NO_GO,0,6,true,30,70,false,5min,
backtest,2026-06-16,06:00,DP Soda Lakes,15,13.7,13.2,11.5,17.4,21.2,33,279,100,92,HOLDING,0.9,7,0.8,-33,0,MARGINAL,3,6,true,30,70,false,5min,
backtest,2026-06-16,06:15,DP Soda Lakes,15,15.5,13.5,13.7,17.4,24.8,67,279,100,92,BUILDING,4.1,8,1.1,-18,-15,GO,5,6,true,30,70,false,5min,
backtest,2026-06-16,06:30,DP Soda Lakes,15,15.9,14.8,14,17,24.8,83,280,100,100,HOLDING,2.3,8,2,-3,-30,GO,4,6,true,30,70,false,5min,
backtest,2026-06-16,06:45,DP Soda Lakes,15,15.8,15.6,14.6,17,22.6,67,278,100,100,HOLDING,0.3,8,2,12,-45,GO,4,6,true,30,70,false,5min,
backtest,2026-06-16,07:00,DP Soda Lakes,15,15.5,15.7,14.6,16.6,22.6,67,276,100,92,HOLDING,-0.4,8,1.4,27,-60,GO,4,6,true,30,70,false,5min,
backtest,2026-06-17,05:00,DP Soda Lakes,15,6.1,8.1,3,9.4,15.7,0,308,100,92,DECAYING,-3.8,-1,4,-93,60,NO_GO,0,6,false,0,0,false,5min,
backtest,2026-06-17,05:15,DP Soda Lakes,15,3.9,6.9,3,5.1,9.6,0,311,100,92,DECAYING,-6.1,2,2.6,-78,45,NO_GO,0,6,false,0,0,false,5min,
backtest,2026-06-17,05:30,DP Soda Lakes,15,4.6,5.4,3.9,5.8,9.6,0,318,100,75,HOLDING,-1.5,2,1.7,-63,30,NO_GO,0,6,false,0,0,false,5min,
backtest,2026-06-17,05:45,DP Soda Lakes,15,3.4,3.6,1.3,5.8,9.6,0,312,75,50,HOLDING,-0.5,6,2.5,-48,15,NO_GO,0,6,false,0,0,false,5min,
backtest,2026-06-17,06:00,DP Soda Lakes,15,2.4,3.5,1.3,3.2,6.9,0,311,58,33,HOLDING,-2.2,6,4.1,-33,0,NO_GO,0,6,false,0,0,false,5min,
backtest,2026-06-17,06:15,DP Soda Lakes,15,2.8,3.1,2.3,3.2,6.9,0,300,50,25,HOLDING,-0.7,4,4.3,-18,-15,NO_GO,0,6,false,0,0,false,5min,
backtest,2026-06-17,06:30,DP Soda Lakes,15,3.1,2.8,2.3,4.2,8.7,0,305,42,17,HOLDING,0.7,7,4.5,-3,-30,NO_GO,0,6,false,0,0,false,5min,
backtest,2026-06-17,06:45,DP Soda Lakes,15,3.3,3,2.2,4.2,8.7,0,311,33,17,HOLDING,0.5,6,6.9,12,-45,NO_GO,0,6,false,0,0,false,5min,
backtest,2026-06-17,07:00,DP Soda Lakes,15,2.3,2.7,1.3,3.2,8.5,0,316,42,17,HOLDING,-0.9,6,8.4,27,-60,NO_GO,0,6,false,0,0,false,5min,
backtest,2026-06-18,05:00,DP Soda Lakes,15,3.6,4,2.3,4.7,8.5,0,296,100,83,HOLDING,-0.7,8,2.5,-93,60,NO_GO,0,6,false,0,0,false,5min,
backtest,2026-06-18,05:15,DP Soda Lakes,15,3.9,3.3,2.3,5.6,8.1,0,280,75,67,HOLDING,1.2,10,3.2,-78,45,NO_GO,0,6,false,0,0,false,5min,
backtest,2026-06-18,05:30,DP Soda Lakes,15,3.7,3.7,2.5,5.6,7.6,0,288,67,58,HOLDING,0.1,9,2.8,-63,30,NO_GO,0,6,false,0,0,false,5min,
backtest,2026-06-18,05:45,DP Soda Lakes,15,4.6,4.2,2.5,6.3,10.1,0,300,75,33,HOLDING,0.7,10,1.6,-48,15,NO_GO,0,6,false,0,0,false,5min,
backtest,2026-06-18,06:00,DP Soda Lakes,15,5.5,4.6,2.2,6.5,10.5,0,321,75,33,HOLDING,1.8,10,1.1,-33,0,NO_GO,0,6,false,0,0,false,5min,
backtest,2026-06-18,06:15,DP Soda Lakes,15,3.9,4.3,2.2,6.5,10.5,0,333,92,42,HOLDING,-0.7,11,0.8,-18,-15,NO_GO,0,6,false,0,0,false,5min,
backtest,2026-06-18,06:30,DP Soda Lakes,15,3.2,4.3,2.1,4.8,8.7,0,323,83,50,HOLDING,-2.3,14,0.5,-3,-30,NO_GO,0,6,false,0,0,false,5min,
backtest,2026-06-18,06:45,DP Soda Lakes,15,4.2,4.1,2.1,5.7,9.2,0,316,83,67,HOLDING,0.3,12,0.7,12,-45,NO_GO,0,6,false,0,0,false,5min,
backtest,2026-06-18,07:00,DP Soda Lakes,15,5.1,4.2,4,6.3,10.7,0,309,92,75,HOLDING,2,12,0.5,27,-60,NO_GO,0,6,false,0,0,false,5min,
backtest,2026-06-19,05:00,DP Soda Lakes,15,15.4,15.4,12.8,17,25.1,67,279,100,100,HOLDING,0,-6,1.6,-93,60,GO,6,6,true,40,20,false,5min,
backtest,2026-06-19,05:15,DP Soda Lakes,15,15.4,15.5,12.8,17.1,25.9,67,277,100,92,HOLDING,-0.3,-6,1.3,-78,45,GO,6,6,true,40,20,false,5min,
backtest,2026-06-19,05:30,DP Soda Lakes,15,16.1,15.7,13.9,17.3,25.9,83,276,100,92,HOLDING,0.6,-8,1.4,-63,30,GO,6,6,true,40,20,false,5min,
backtest,2026-06-19,05:45,DP Soda Lakes,15,15.5,15.4,13.9,17.3,25.5,67,277,100,92,HOLDING,0.1,-6,1.9,-48,15,GO,6,6,true,40,20,false,5min,
backtest,2026-06-19,06:00,DP Soda Lakes,15,15.9,16,13.9,19.1,24.4,67,275,100,83,HOLDING,-0.2,-7,1.9,-33,0,GO,6,6,true,40,20,false,5min,
backtest,2026-06-19,06:15,DP Soda Lakes,15,17,16.3,15.7,19.1,24.6,100,277,100,92,HOLDING,1.5,-5,1.6,-18,-15,GO,6,6,true,40,20,false,5min,
backtest,2026-06-19,06:30,DP Soda Lakes,15,17.4,16.7,15.7,20,26.2,100,279,100,92,HOLDING,1.5,-5,1.8,-3,-30,GO,6,6,true,40,20,false,5min,
backtest,2026-06-19,06:45,DP Soda Lakes,15,16.2,16.6,12.9,20,26.2,67,279,100,92,HOLDING,-0.9,-6,3.4,12,-45,GO,6,6,true,40,20,false,5min,
backtest,2026-06-19,07:00,DP Soda Lakes,15,11.8,14.6,6.8,16.9,25.7,17,284,92,83,DECAYING,-5.7,-9,4.6,27,-60,MARGINAL,2,6,true,40,20,false,5min,
backtest,2026-06-20,05:00,DP Soda Lakes,15,3,4,2.1,3.5,6.5,0,310,92,92,HOLDING,-2,16,0.9,-93,60,NO_GO,0,6,false,0,0,false,5min,
backtest,2026-06-20,05:15,DP Soda Lakes,15,3.7,3.8,3,5.1,10.7,0,312,92,92,HOLDING,-0.1,15,0.9,-78,45,NO_GO,0,6,false,0,0,false,5min,
backtest,2026-06-20,05:30,DP Soda Lakes,15,4.4,3.7,3.1,5.7,10.7,0,309,92,92,HOLDING,1.4,13,0.5,-63,30,NO_GO,0,6,false,0,0,false,5min,
backtest,2026-06-20,05:45,DP Soda Lakes,15,4.8,4.3,3.1,5.7,10.1,0,311,100,100,HOLDING,1.1,15,1.1,-48,15,NO_GO,0,6,false,0,0,false,5min,
backtest,2026-06-20,06:00,DP Soda Lakes,15,3.6,4,1.5,5.5,10.1,0,301,83,83,HOLDING,-0.8,24,1.4,-33,0,NO_GO,0,6,false,0,0,false,5min,
backtest,2026-06-20,06:15,DP Soda Lakes,15,2.5,3.6,0.8,4.1,8.5,0,304,75,75,HOLDING,-2.3,17,0.6,-18,-15,NO_GO,0,6,false,0,0,false,5min,
backtest,2026-06-20,06:30,DP Soda Lakes,15,3.8,3.7,0.8,6.6,10.1,0,305,75,75,HOLDING,0.1,16,0.3,-3,-30,NO_GO,0,6,false,0,0,false,5min,
backtest,2026-06-20,06:45,DP Soda Lakes,15,3.7,3.1,2.1,6.6,10.1,0,301,75,75,HOLDING,1.2,18,1.2,12,-45,NO_GO,0,6,false,0,0,false,5min,
backtest,2026-06-20,07:00,DP Soda Lakes,15,4.6,4.2,2.1,8.1,13.2,0,302,83,83,HOLDING,0.9,13,1.8,27,-60,NO_GO,0,6,false,0,0,false,5min,
backtest,2026-06-21,05:00,DP Soda Lakes,15,4.5,5.3,3.4,5.5,8.7,0,248,33,17,HOLDING,-1.6,-4,0.8,-93,60,NO_GO,0,6,false,0,0,false,5min,
backtest,2026-06-21,05:15,DP Soda Lakes,15,7.1,5.8,3.4,13.6,18.1,0,254,33,25,HOLDING,2.8,-8,0.8,-78,45,NO_GO,0,6,false,0,0,false,5min,
backtest,2026-06-21,05:30,DP Soda Lakes,15,9.4,6.9,6.3,13.6,18.1,0,261,50,50,BUILDING,4.9,-9,0.6,-63,30,MARGINAL,2,6,false,0,0,false,5min,
backtest,2026-06-21,05:45,DP Soda Lakes,15,6.8,7,3.6,12.1,16.6,0,282,75,67,HOLDING,-0.3,-11,0.3,-48,15,NO_GO,0,6,false,0,0,false,5min,
backtest,2026-06-21,06:00,DP Soda Lakes,15,6,7.7,3.6,9.8,13.9,0,276,100,75,DECAYING,-3.4,-13,0.8,-33,0,NO_GO,0,6,false,0,0,false,5min,
backtest,2026-06-21,06:15,DP Soda Lakes,15,9.2,8,4.8,12.1,17.4,0,274,100,58,HOLDING,2.3,-14,1.4,-18,-15,MARGINAL,1,6,false,0,0,false,5min,
backtest,2026-06-21,06:30,DP Soda Lakes,15,11.4,8.7,9.8,12.1,17.4,0,272,100,50,BUILDING,5.4,-14,2,-3,-30,MARGINAL,2,6,false,0,0,false,5min,
backtest,2026-06-21,06:45,DP Soda Lakes,15,11.5,10.3,9.2,12.9,20.4,0,272,100,58,HOLDING,2.4,-14,2.1,12,-45,MARGINAL,1,6,false,0,0,false,5min,
backtest,2026-06-21,07:00,DP Soda Lakes,15,11.6,11.5,9.2,12.9,20.4,0,273,100,67,HOLDING,0.2,-14,2,27,-60,MARGINAL,1,6,false,0,0,false,5min,
backtest,2026-06-22,05:00,DP Soda Lakes,15,3.6,6.8,1.9,6.6,14.1,0,262,92,50,DECAYING,-6.6,8,0.5,-93,60,NO_GO,0,6,false,0,0,false,5min,
backtest,2026-06-22,05:15,DP Soda Lakes,15,3,4.8,1.6,6.3,9.6,0,249,83,25,DECAYING,-3.6,8,0.5,-78,45,NO_GO,0,6,false,0,0,false,5min,
backtest,2026-06-22,05:30,DP Soda Lakes,15,3.6,3.6,1.6,6.3,9.6,0,234,83,8,HOLDING,0.1,7,0.9,-63,30,NO_GO,0,6,false,0,0,false,5min,
backtest,2026-06-22,05:45,DP Soda Lakes,15,3.4,3.2,1.8,4.2,8.9,0,238,75,8,HOLDING,0.4,8,0.8,-48,15,NO_GO,0,6,false,0,0,false,5min,
backtest,2026-06-22,06:00,DP Soda Lakes,15,4,3.8,1.8,8.4,12.8,0,256,50,8,HOLDING,0.3,10,0.8,-33,0,NO_GO,0,6,false,0,0,false,5min,
backtest,2026-06-22,06:15,DP Soda Lakes,15,7.1,5.3,3,9.6,13.4,0,287,42,33,BUILDING,3.7,9,1.1,-18,-15,NO_GO,0,6,false,0,0,false,5min,
backtest,2026-06-22,06:30,DP Soda Lakes,15,9.1,6.5,7.3,10.3,14.3,0,309,67,58,BUILDING,5.1,8,0.7,-3,-30,NO_GO,0,6,false,0,0,false,5min,
backtest,2026-06-22,06:45,DP Soda Lakes,15,8.9,8,7.3,10.3,14.3,0,312,83,83,HOLDING,1.8,9,1.2,12,-45,NO_GO,0,6,false,0,0,false,5min,
backtest,2026-06-22,07:00,DP Soda Lakes,15,8.3,8.7,6.9,9.3,13.2,0,300,100,100,HOLDING,-0.8,7,1.5,27,-60,NO_GO,0,6,false,0,0,false,5min,
backtest,2026-06-23,05:00,DP Soda Lakes,15,8.7,8.7,6.3,10.9,14.8,0,297,100,100,HOLDING,-0.1,-8,1.3,-94,60,NO_GO,0,6,false,15,0,false,5min,
backtest,2026-06-23,05:15,DP Soda Lakes,15,9.9,9.4,7.5,11.6,17,0,293,100,100,HOLDING,0.9,-9,1.3,-79,45,MARGINAL,3,6,false,15,0,false,5min,
backtest,2026-06-23,05:30,DP Soda Lakes,15,9.8,9.2,7.9,11.6,17,0,284,100,92,HOLDING,1.2,-8,2.1,-64,30,MARGINAL,3,6,false,15,0,false,5min,
backtest,2026-06-23,05:45,DP Soda Lakes,15,7.1,8.5,3.4,11.4,15,0,272,92,67,HOLDING,-2.7,-6,2.5,-49,15,NO_GO,0,6,false,15,0,false,5min,
backtest,2026-06-23,06:00,DP Soda Lakes,15,6.4,8.1,3.3,10.1,16.6,0,260,83,50,DECAYING,-3.4,-14,2.6,-34,0,NO_GO,0,6,false,15,0,false,5min,
backtest,2026-06-23,06:15,DP Soda Lakes,15,10,8.6,3.3,13.1,20.8,0,259,83,50,HOLDING,2.9,-14,1.9,-19,-15,MARGINAL,1,6,false,15,0,false,5min,
backtest,2026-06-23,06:30,DP Soda Lakes,15,11.5,9,10.3,13.1,20.8,0,258,83,42,BUILDING,5.2,-16,2.1,-4,-30,NO_GO,0,6,false,15,0,false,5min,
backtest,2026-06-23,06:45,DP Soda Lakes,15,11.7,10.8,10.3,14.4,19.9,0,272,92,67,HOLDING,1.7,-21,2.3,11,-45,MARGINAL,1,6,false,15,0,false,5min,
backtest,2026-06-23,07:00,DP Soda Lakes,15,13.8,12.7,10.9,15.5,21.5,33,277,100,75,HOLDING,2.3,-27,2.6,26,-60,MARGINAL,3,6,false,15,0,false,5min,
backtest,2026-06-24,05:00,DP Soda Lakes,15,5.3,5.1,3.7,7.7,12.3,0,350,100,0,HOLDING,0.5,13,2,-94,60,NO_GO,0,6,false,0,0,false,5min,
backtest,2026-06-24,05:15,DP Soda Lakes,15,5.3,5.2,4.5,7.3,8.7,0,354,100,0,HOLDING,0.2,12,2.4,-79,45,NO_GO,0,6,false,0,0,false,5min,
backtest,2026-06-24,05:30,DP Soda Lakes,15,5.5,5.4,4.4,7.3,8.7,0,359,100,0,HOLDING,0.2,13,3.3,-64,30,NO_GO,0,6,false,0,0,false,5min,
backtest,2026-06-24,05:45,DP Soda Lakes,15,5.1,5.2,4.1,6.1,8.9,0,359,100,0,HOLDING,-0.2,14,4.3,-49,15,NO_GO,0,6,false,0,0,false,5min,
backtest,2026-06-24,06:00,DP Soda Lakes,15,4.4,5,3.3,5.5,8.9,0,358,100,0,HOLDING,-1.1,15,2.9,-34,0,NO_GO,0,6,false,0,0,false,5min,
backtest,2026-06-24,06:15,DP Soda Lakes,15,4.5,4.8,3.3,6.2,8.9,0,358,100,0,HOLDING,-0.6,15,2,-19,-15,NO_GO,0,6,false,0,0,false,5min,
backtest,2026-06-24,06:30,DP Soda Lakes,15,4.1,4.3,1.5,6.2,8.9,0,355,100,0,HOLDING,-0.3,16,1.3,-4,-30,NO_GO,0,6,false,0,0,false,5min,
backtest,2026-06-24,06:45,DP Soda Lakes,15,2.8,3.6,1.5,5.5,8.9,0,355,100,8,HOLDING,-1.7,16,1,11,-45,NO_GO,0,6,false,0,0,false,5min,
backtest,2026-06-24,07:00,DP Soda Lakes,15,2.2,3.2,1.9,3.2,7.4,0,0,100,8,HOLDING,-1.9,15,0.8,26,-60,NO_GO,0,6,false,0,0,false,5min,
backtest,2026-06-25,05:00,DP Soda Lakes,15,1.8,1.8,1.3,2.1,3.8,0,37,42,0,HOLDING,-0.1,4,0.9,-94,60,NO_GO,0,6,false,0,5,false,5min,
backtest,2026-06-25,05:15,DP Soda Lakes,15,2.5,1.9,1.3,3.7,6,0,26,17,25,HOLDING,1.2,7,1.1,-79,45,NO_GO,0,6,false,0,5,false,5min,
backtest,2026-06-25,05:30,DP Soda Lakes,15,2.9,2.3,1.2,4.2,6.5,0,29,33,33,HOLDING,1.1,7,2.7,-64,30,NO_GO,0,6,false,0,5,false,5min,
backtest,2026-06-25,05:45,DP Soda Lakes,15,2.3,2.4,0.8,4.2,6.5,0,316,42,42,HOLDING,-0.2,8,3.6,-49,15,NO_GO,0,6,false,0,5,false,5min,
backtest,2026-06-25,06:00,DP Soda Lakes,15,2.6,2.7,0.8,4.1,6,0,331,50,42,HOLDING,-0.2,9,4.2,-34,0,NO_GO,0,6,false,0,5,false,5min,
backtest,2026-06-25,06:15,DP Soda Lakes,15,3.5,2.9,2.4,4.1,6,0,351,67,17,HOLDING,1.2,9,4.6,-19,-15,NO_GO,0,6,false,0,5,false,5min,
backtest,2026-06-25,06:30,DP Soda Lakes,15,4.7,3.6,3.6,6.2,8.7,0,337,83,25,HOLDING,2,9,5.6,-4,-30,NO_GO,0,6,false,0,5,false,5min,
backtest,2026-06-25,06:45,DP Soda Lakes,15,4.5,4,3.5,6.2,8.7,0,340,100,17,HOLDING,1,8,5.6,11,-45,NO_GO,0,6,false,0,5,false,5min,
backtest,2026-06-25,07:00,DP Soda Lakes,15,3.7,4.2,3.1,4.5,6.5,0,333,100,42,HOLDING,-1,5,5.6,26,-60,NO_GO,0,6,false,0,5,false,5min,
backtest,2026-06-26,05:00,DP Soda Lakes,15,5.8,7.4,2,9.5,15.9,0,275,67,25,DECAYING,-3.1,-2,2,-95,60,NO_GO,0,6,false,5,10,false,5min,
backtest,2026-06-26,05:15,DP Soda Lakes,15,3.2,5.1,2,4.4,13,0,284,50,25,DECAYING,-3.8,-1,2.2,-80,45,NO_GO,0,6,false,5,10,false,5min,
backtest,2026-06-26,05:30,DP Soda Lakes,15,4.4,5.1,2.6,7.3,12.5,0,261,58,25,HOLDING,-1.4,3,1.7,-65,30,NO_GO,0,6,false,5,10,false,5min,
backtest,2026-06-26,05:45,DP Soda Lakes,15,8.5,5.9,5,14.2,22.8,0,256,58,33,BUILDING,5.3,-15,1.4,-50,15,NO_GO,0,6,false,5,10,false,5min,
backtest,2026-06-26,06:00,DP Soda Lakes,15,14.1,9.2,5.6,18.2,23.5,50,261,83,33,BUILDING,9.7,-18,2,-35,0,MARGINAL,2,6,false,5,10,false,5min,
backtest,2026-06-26,06:15,DP Soda Lakes,15,16,12.3,14.1,18.2,23.5,67,259,92,42,BUILDING,7.5,-15,2.7,-20,-15,MARGINAL,3,6,false,5,10,false,5min,
backtest,2026-06-26,06:30,DP Soda Lakes,15,14.9,14.5,13.9,16.5,22.1,33,270,100,58,HOLDING,0.8,-14,2.7,-5,-30,MARGINAL,3,6,false,5,10,false,5min,
backtest,2026-06-26,06:45,DP Soda Lakes,15,10.9,13.5,1.9,15.9,21.7,17,268,100,42,DECAYING,-5.1,-13,2.1,10,-45,NO_GO,-2,6,false,5,10,false,5min,
backtest,2026-06-26,07:00,DP Soda Lakes,15,6.9,10.9,1.9,13.6,20.4,0,271,92,42,DECAYING,-8,-15,2.1,25,-60,NO_GO,0,6,false,5,10,false,5min,
backtest,2026-06-27,05:00,DP Soda Lakes,15,7.4,5.8,4.7,10,15.4,0,301,67,58,BUILDING,3.2,2,2.3,-95,60,NO_GO,0,6,false,0,5,false,5min,
backtest,2026-06-27,05:15,DP Soda Lakes,15,7.6,6.8,5.9,10.6,15.2,0,302,75,58,HOLDING,1.6,3,2.6,-80,45,NO_GO,0,6,false,0,5,false,5min,
backtest,2026-06-27,05:30,DP Soda Lakes,15,8.9,8.2,5.9,11.9,18.1,0,296,92,67,HOLDING,1.5,3,2.5,-65,30,NO_GO,0,6,false,0,5,false,5min,
backtest,2026-06-27,05:45,DP Soda Lakes,15,12.3,9.9,8.9,15.5,23.3,17,308,83,58,BUILDING,4.7,7,2.2,-50,15,NO_GO,0,6,false,0,5,false,5min,
backtest,2026-06-27,06:00,DP Soda Lakes,15,12.8,10.8,8.1,15.5,23.3,17,326,100,58,BUILDING,3.8,6,1.9,-35,0,MARGINAL,2,6,false,0,5,false,5min,
backtest,2026-06-27,06:15,DP Soda Lakes,15,8.5,10.4,4.2,13.4,22.6,0,340,92,42,DECAYING,-3.8,6,1.6,-20,-15,NO_GO,0,6,false,0,5,false,5min,
backtest,2026-06-27,06:30,DP Soda Lakes,15,5.4,9.1,4.2,6.9,13.9,0,4,67,25,DECAYING,-7.4,5,1.9,-5,-30,NO_GO,0,6,false,0,5,false,5min,
backtest,2026-06-27,06:45,DP Soda Lakes,15,5.7,7.1,3.8,7.9,16.3,0,17,75,8,HOLDING,-2.8,4,2.7,10,-45,NO_GO,0,6,false,0,5,false,5min,
backtest,2026-06-27,07:00,DP Soda Lakes,15,5.7,5.6,3,8.1,16.3,0,40,83,0,HOLDING,0.4,6,2.3,25,-60,NO_GO,0,6,false,0,5,false,5min,
backtest,2026-06-28,05:00,DP Soda Lakes,15,3,3.5,1.8,4.5,6.9,0,297,83,67,HOLDING,-1,12,1.5,-95,60,NO_GO,0,6,false,0,0,false,5min,
backtest,2026-06-28,05:15,DP Soda Lakes,15,3.2,3.2,1.8,5.2,8.7,0,299,75,67,HOLDING,-0.2,18,0.9,-80,45,NO_GO,0,6,false,0,0,false,5min,
backtest,2026-06-28,05:30,DP Soda Lakes,15,2.7,2.8,1.1,5.2,8.7,0,298,67,67,HOLDING,-0.3,13,0.9,-65,30,NO_GO,0,6,false,0,0,false,5min,
backtest,2026-06-28,05:45,DP Soda Lakes,15,2.3,2.7,1.1,3.4,6.3,0,304,75,75,HOLDING,-0.9,17,0.8,-50,15,NO_GO,0,6,false,0,0,false,5min,
backtest,2026-06-28,06:00,DP Soda Lakes,15,3.7,3.2,2.4,5.7,8.9,0,309,83,75,HOLDING,1,12,0.6,-35,0,NO_GO,0,6,false,0,0,false,5min,
backtest,2026-06-28,06:15,DP Soda Lakes,15,4.9,3.6,3.6,5.9,9.4,0,303,83,83,HOLDING,2.6,12,0.9,-20,-15,NO_GO,0,6,false,0,0,false,5min,
backtest,2026-06-28,06:30,DP Soda Lakes,15,4.3,4,2.6,5.9,9.4,0,305,92,92,HOLDING,0.6,13,2.4,-5,-30,NO_GO,0,6,false,0,0,false,5min,
backtest,2026-06-28,06:45,DP Soda Lakes,15,3.7,4.3,2.6,4.6,6.9,0,311,100,83,HOLDING,-1.1,12,2.8,10,-45,NO_GO,0,6,false,0,0,false,5min,
backtest,2026-06-28,07:00,DP Soda Lakes,15,3.1,3.7,2.1,4.4,7.4,0,303,92,83,HOLDING,-1.2,12,1.7,25,-60,NO_GO,0,6,false,0,0,false,5min,
backtest,2026-06-29,05:00,DP Soda Lakes,15,2.4,2.7,1.1,3.4,6.9,0,296,42,33,HOLDING,-0.7,15,0.7,-96,60,NO_GO,0,6,false,0,5,false,5min,
backtest,2026-06-29,05:15,DP Soda Lakes,15,2.6,2.5,1.1,3.4,6.5,0,290,50,42,HOLDING,0.3,16,1.2,-81,45,NO_GO,0,6,false,0,5,false,5min,
backtest,2026-06-29,05:30,DP Soda Lakes,15,2.9,2.6,2.1,5.1,9.8,0,313,50,42,HOLDING,0.5,16,1.5,-66,30,NO_GO,0,6,false,0,5,false,5min,
backtest,2026-06-29,05:45,DP Soda Lakes,15,3.1,2.9,1.5,5.4,9.8,0,319,67,33,HOLDING,0.5,17,1.6,-51,15,NO_GO,0,6,false,0,5,false,5min,
backtest,2026-06-29,06:00,DP Soda Lakes,15,2.8,2.9,1.4,5.4,9.8,0,310,75,50,HOLDING,-0.1,20,1.2,-36,0,NO_GO,0,6,false,0,5,false,5min,
backtest,2026-06-29,06:15,DP Soda Lakes,15,2.9,3,1.4,4.1,9.2,0,311,75,50,HOLDING,-0.3,19,0.7,-21,-15,NO_GO,0,6,false,0,5,false,5min,
backtest,2026-06-29,06:30,DP Soda Lakes,15,2.8,2.8,2.1,3.9,9.2,0,288,67,42,HOLDING,-0.1,23,1.1,-6,-30,NO_GO,0,6,false,0,5,false,5min,
backtest,2026-06-29,06:45,DP Soda Lakes,15,2.9,2.9,2.1,5.5,9.8,0,281,75,42,HOLDING,0,18,1,9,-45,NO_GO,0,6,false,0,5,false,5min,
backtest,2026-06-29,07:00,DP Soda Lakes,15,4,3.4,2.1,5.5,9.8,0,284,75,50,HOLDING,1.2,20,0.6,24,-60,NO_GO,0,6,false,0,5,false,5min,
backtest,2026-06-30,05:00,DP Soda Lakes,15,11.7,13.5,10,13.1,18.6,0,274,100,83,DECAYING,-3.7,3,1.8,-96,60,MARGINAL,1,6,false,5,25,false,5min,
backtest,2026-06-30,05:15,DP Soda Lakes,15,11.8,12.8,10,14,21.2,0,277,100,100,HOLDING,-2.1,4,0.8,-81,45,MARGINAL,2,6,false,5,25,false,5min,
backtest,2026-06-30,05:30,DP Soda Lakes,15,13.3,12.5,11.1,15.1,21.5,17,274,100,83,HOLDING,1.7,4,2,-66,30,GO,4,6,false,5,25,false,5min,
backtest,2026-06-30,05:45,DP Soda Lakes,15,12,11.9,8.9,15.1,21.5,17,274,100,83,HOLDING,0.3,5,3.8,-51,15,MARGINAL,1,6,false,5,25,false,5min,
backtest,2026-06-30,06:00,DP Soda Lakes,15,11.1,12.2,8.9,12.6,18.8,0,273,100,83,HOLDING,-2.2,5,3,-36,0,MARGINAL,1,6,false,5,25,false,5min,
backtest,2026-06-30,06:15,DP Soda Lakes,15,12.1,12.1,10.6,12.8,18.8,0,273,100,83,HOLDING,0.1,5,1.6,-21,-15,MARGINAL,1,6,false,5,25,false,5min,
backtest,2026-06-30,06:30,DP Soda Lakes,15,11.9,11.5,10.6,12.8,19.7,0,273,100,83,HOLDING,0.8,5,1.6,-6,-30,MARGINAL,1,6,false,5,25,false,5min,
backtest,2026-06-30,06:45,DP Soda Lakes,15,12.9,12.5,11.7,14.3,20.8,0,272,100,75,HOLDING,0.8,4,2.2,9,-45,MARGINAL,2,6,false,5,25,false,5min,
backtest,2026-06-30,07:00,DP Soda Lakes,15,13.6,12.8,12.8,14.3,21.5,0,274,100,75,HOLDING,1.7,4,2,24,-60,MARGINAL,2,6,false,5,25,false,5min,
backtest,2026-07-01,05:00,DP Soda Lakes,15,11.5,9.2,9.4,13.8,20.1,0,276,100,75,BUILDING,4.5,-22,1.3,-97,60,MARGINAL,2,6,true,50,15,false,5min,
backtest,2026-07-01,05:15,DP Soda Lakes,15,12.7,11.3,9.4,15.5,20.8,17,273,100,75,HOLDING,2.9,-23,1.7,-82,45,MARGINAL,1,6,true,50,15,false,5min,
backtest,2026-07-01,05:30,DP Soda Lakes,15,14.1,12.8,12.2,15.5,21.7,50,276,100,92,HOLDING,2.6,-22,1.9,-67,30,GO,5,6,true,50,15,false,5min,
backtest,2026-07-01,05:45,DP Soda Lakes,15,15,13.9,13.7,16.8,22.6,50,274,100,75,HOLDING,2.3,-25,2.1,-52,15,GO,4,6,true,50,15,false,5min,
backtest,2026-07-01,06:00,DP Soda Lakes,15,16.7,15.4,14.5,19.6,23.7,67,272,100,67,HOLDING,2.6,-27,2.4,-37,0,GO,4,6,true,50,15,false,5min,
backtest,2026-07-01,06:15,DP Soda Lakes,15,18.4,16.7,17.1,20.7,26.2,100,271,100,67,BUILDING,3.4,-27,3.4,-22,-15,GO,5,6,true,50,15,false,5min,
backtest,2026-07-01,06:30,DP Soda Lakes,15,18.6,17.6,16.4,20.7,27.3,100,270,100,58,HOLDING,1.9,-29,2.8,-7,-30,GO,4,6,true,50,15,false,5min,
backtest,2026-07-01,06:45,DP Soda Lakes,15,17,17.7,15.4,20.5,27.3,100,272,100,83,HOLDING,-1.4,-27,1.7,8,-45,GO,6,6,true,50,15,false,5min,
backtest,2026-07-01,07:00,DP Soda Lakes,15,14.5,16.5,13.2,16,22.6,50,273,100,75,DECAYING,-4.1,-25,1.5,23,-60,MARGINAL,2,6,true,50,15,false,5min,
backtest,2026-07-02,05:00,DP Soda Lakes,15,6.7,6.7,5.1,8.3,12.5,0,328,100,67,HOLDING,0,28,0.5,-97,60,NO_GO,0,6,false,0,10,false,5min,
backtest,2026-07-02,05:15,DP Soda Lakes,15,7.4,6.6,6.3,8.3,12.5,0,332,100,50,HOLDING,1.7,24,0.5,-82,45,NO_GO,0,6,false,0,10,false,5min,
backtest,2026-07-02,05:30,DP Soda Lakes,15,7.3,7,6.3,9.1,14.8,0,336,100,25,HOLDING,0.6,28,0.9,-67,30,NO_GO,0,6,false,0,10,false,5min,
backtest,2026-07-02,05:45,DP Soda Lakes,15,7.1,7.3,5.1,9.1,14.8,0,340,100,8,HOLDING,-0.3,29,1.2,-52,15,NO_GO,0,6,false,0,10,false,5min,
backtest,2026-07-02,06:00,DP Soda Lakes,15,6.4,6.9,4.9,7.7,14.8,0,342,100,8,HOLDING,-0.9,28,1.5,-37,0,NO_GO,0,6,false,0,10,false,5min,
backtest,2026-07-02,06:15,DP Soda Lakes,15,6.3,6.7,4.5,7.7,12.1,0,343,100,8,HOLDING,-0.8,26,2.2,-22,-15,NO_GO,0,6,false,0,10,false,5min,
backtest,2026-07-02,06:30,DP Soda Lakes,15,8.1,7.3,4.5,12,14.3,0,339,100,25,HOLDING,1.7,26,2.5,-7,-30,NO_GO,0,6,false,0,10,false,5min,
backtest,2026-07-02,06:45,DP Soda Lakes,15,9.2,7.7,7.5,12,14.3,0,334,100,50,HOLDING,2.9,26,1.9,8,-45,NO_GO,-1,6,false,0,10,false,5min,
backtest,2026-07-02,07:00,DP Soda Lakes,15,6.8,7.5,4.4,9.2,13.7,0,327,100,67,HOLDING,-1.3,26,1.1,23,-60,NO_GO,0,6,false,0,10,false,5min,
backtest,2026-07-03,05:00,DP Soda Lakes,15,18,17.7,15.6,19.9,27.3,100,280,100,92,HOLDING,0.7,-3,4.4,-98,60,GO,5,6,true,65,120,false,5min,
backtest,2026-07-03,05:15,DP Soda Lakes,15,17.6,17.7,16.3,19,26.6,100,277,100,92,HOLDING,-0.2,-4,4.3,-83,45,GO,5,6,true,65,120,false,5min,
backtest,2026-07-03,05:30,DP Soda Lakes,15,18.8,18.4,16.3,22.2,29.1,100,276,100,92,HOLDING,0.8,-4,3.8,-68,30,GO,5,6,true,65,120,false,5min,
backtest,2026-07-03,05:45,DP Soda Lakes,15,21.3,19.5,18.7,24.6,30.4,100,274,100,67,BUILDING,3.7,-6,2.9,-53,15,GO,5,6,true,65,120,false,5min,
backtest,2026-07-03,06:00,DP Soda Lakes,15,23,20.9,20.9,24.6,30.9,100,273,100,67,BUILDING,4.2,-6,1.7,-38,0,GO,5,6,true,65,120,false,5min,
backtest,2026-07-03,06:15,DP Soda Lakes,15,22.8,22.1,20.4,24,31.8,100,271,100,50,HOLDING,1.5,-7,2.6,-23,-15,GO,4,6,true,65,120,false,5min,
backtest,2026-07-03,06:30,DP Soda Lakes,15,22.8,22.9,20.4,23.8,34.5,100,269,100,33,HOLDING,-0.3,-8,3.7,-8,-30,MARGINAL,2,6,true,65,120,false,5min,
backtest,2026-07-03,06:45,DP Soda Lakes,15,23,22.9,21.2,23.8,36,100,269,100,33,HOLDING,0.2,-7,2.8,7,-45,MARGINAL,2,6,true,65,120,false,5min,
backtest,2026-07-03,07:00,DP Soda Lakes,15,20.3,21.5,16.1,23.4,36,100,272,100,42,HOLDING,-2.4,-6,3,22,-60,MARGINAL,2,6,true,65,120,false,5min,
backtest,2026-07-04,05:00,DP Soda Lakes,15,18.3,16.3,16.2,20.6,26.6,100,279,100,100,BUILDING,3.9,3,3.2,-98,60,GO,6,6,true,35,95,false,5min,
backtest,2026-07-04,05:15,DP Soda Lakes,15,18.4,17.5,17,20.6,26.6,100,278,100,100,HOLDING,1.7,3,2.6,-83,45,GO,5,6,true,35,95,false,5min,
backtest,2026-07-04,05:30,DP Soda Lakes,15,19.9,19.1,17,23,29.5,100,276,100,92,HOLDING,1.6,3,2.9,-68,30,GO,5,6,true,35,95,false,5min,
backtest,2026-07-04,05:45,DP Soda Lakes,15,20.6,19.5,19.3,23,29.5,100,274,100,75,HOLDING,2.2,4,3,-53,15,MARGINAL,3,6,true,35,95,false,5min,
backtest,2026-07-04,06:00,DP Soda Lakes,15,20.2,20.1,19.3,22.4,29.5,100,274,100,75,HOLDING,0.3,4,1.6,-38,0,MARGINAL,3,6,true,35,95,false,5min,
backtest,2026-07-04,06:15,DP Soda Lakes,15,19,19.8,14,22.4,29.5,83,271,100,58,HOLDING,-1.6,4,1.2,-23,-15,MARGINAL,3,6,true,35,95,false,5min,
backtest,2026-07-04,06:30,DP Soda Lakes,15,16.3,18.3,14,19.8,28.6,67,268,100,42,DECAYING,-3.9,4,1.3,-8,-30,NO_GO,0,6,true,35,95,false,5min,
backtest,2026-07-04,06:45,DP Soda Lakes,15,14.4,16.7,11.2,16.6,24.6,33,272,100,58,DECAYING,-4.6,4,0.9,7,-45,MARGINAL,1,6,true,35,95,false,5min,
backtest,2026-07-04,07:00,DP Soda Lakes,15,13.2,14.8,11.2,14.9,21.7,0,271,100,50,DECAYING,-3.1,3,0.9,22,-60,MARGINAL,1,6,true,35,95,false,5min,
backtest,2026-07-05,05:00,DP Soda Lakes,15,15.1,14.8,12.3,17.6,27.1,50,289,100,100,HOLDING,0.6,6,1.2,-99,60,GO,4,6,false,20,20,false,5min,
backtest,2026-07-05,05:15,DP Soda Lakes,15,9.6,12.9,4,14.1,22.4,0,289,83,83,DECAYING,-6.6,6,1.2,-84,45,NO_GO,0,6,false,20,20,false,5min,
backtest,2026-07-05,05:30,DP Soda Lakes,15,6.9,11,4,9.3,15.9,0,288,83,83,DECAYING,-8.2,5,1.1,-69,30,NO_GO,0,6,false,20,20,false,5min,
backtest,2026-07-05,05:45,DP Soda Lakes,15,9.1,9.3,5.4,12.5,18.6,0,288,83,83,HOLDING,-0.5,6,1.1,-54,15,MARGINAL,1,6,false,20,20,false,5min,
backtest,2026-07-05,06:00,DP Soda Lakes,15,10.6,8.8,7.5,12.5,18.6,0,282,92,67,BUILDING,3.7,6,1.6,-39,0,NO_GO,0,6,false,20,20,false,5min,
backtest,2026-07-05,06:15,DP Soda Lakes,15,9,9.1,3.5,11.6,15.4,0,281,92,67,HOLDING,-0.1,8,1.7,-24,-15,NO_GO,-1,6,false,20,20,false,5min,
backtest,2026-07-05,06:30,DP Soda Lakes,15,7.5,9,2.4,12.2,16.3,0,283,83,50,DECAYING,-3.2,4,1.4,-9,-30,NO_GO,0,6,false,20,20,false,5min,
backtest,2026-07-05,06:45,DP Soda Lakes,15,9.8,9.4,2.4,13.4,17,0,283,83,50,HOLDING,0.7,4,1.3,6,-45,NO_GO,0,6,false,20,20,false,5min,
backtest,2026-07-05,07:00,DP Soda Lakes,15,10.6,9,5.2,13.4,17.4,0,285,83,67,BUILDING,3.1,7,1.6,21,-60,NO_GO,0,6,false,20,20,false,5min,
backtest,2026-07-06,05:00,DP Soda Lakes,15,11.7,9.6,9.8,12.9,18.3,0,284,100,92,BUILDING,4.1,0,3.6,-99,60,MARGINAL,3,6,false,5,0,false,5min,
backtest,2026-07-06,05:15,DP Soda Lakes,15,10.7,10.3,9.8,11.9,18.3,0,287,100,92,HOLDING,0.7,0,2.8,-84,45,MARGINAL,2,6,false,5,0,false,5min,
backtest,2026-07-06,05:30,DP Soda Lakes,15,10.9,11.3,10,12.2,17,0,291,100,100,HOLDING,-0.8,-1,2.5,-69,30,MARGINAL,2,6,false,5,0,false,5min,
backtest,2026-07-06,05:45,DP Soda Lakes,15,11.2,10.9,10.2,12.6,18.3,0,293,100,100,HOLDING,0.5,0,1.9,-54,15,MARGINAL,2,6,false,5,0,false,5min,
backtest,2026-07-06,06:00,DP Soda Lakes,15,10.2,10.6,6.1,12.6,18.3,0,293,100,100,HOLDING,-0.7,1,2.1,-39,0,MARGINAL,2,6,false,5,0,false,5min,
backtest,2026-07-06,06:15,DP Soda Lakes,15,6.4,8.8,2.2,11.5,18.3,0,298,100,92,DECAYING,-4.8,0,3.1,-24,-15,NO_GO,0,6,false,5,0,false,5min,
backtest,2026-07-06,06:30,DP Soda Lakes,15,4.8,7.5,2.2,8.1,12.8,0,306,100,75,DECAYING,-5.4,1,3.1,-9,-30,NO_GO,0,6,false,5,0,false,5min,
backtest,2026-07-06,06:45,DP Soda Lakes,15,6.8,6.6,4.3,8.6,12.8,0,310,100,75,HOLDING,0.5,1,3.2,6,-45,NO_GO,0,6,false,5,0,false,5min,
backtest,2026-07-06,07:00,DP Soda Lakes,15,9.5,7.1,7,14.6,18.1,0,313,100,75,BUILDING,4.7,1,3.6,21,-60,MARGINAL,1,6,false,5,0,false,5min,
backtest,2026-07-07,05:00,DP Soda Lakes,15,6.4,6.5,3.6,8,11.4,0,321,92,75,HOLDING,-0.2,4,2.6,-100,60,NO_GO,0,6,false,0,0,false,5min,
backtest,2026-07-07,05:15,DP Soda Lakes,15,7.7,7.8,6,11.5,14.5,0,315,100,92,HOLDING,-0.4,5,3.1,-85,45,NO_GO,0,6,false,0,0,false,5min,
backtest,2026-07-07,05:30,DP Soda Lakes,15,8.9,7.6,6.4,11.5,14.5,0,316,100,92,HOLDING,2.5,7,3.6,-70,30,NO_GO,0,6,false,0,0,false,5min,
backtest,2026-07-07,05:45,DP Soda Lakes,15,8.2,7.9,6.2,9.8,13.7,0,307,100,100,HOLDING,0.6,4,3.8,-55,15,NO_GO,0,6,false,0,0,false,5min,
backtest,2026-07-07,06:00,DP Soda Lakes,15,9.4,9.1,6.2,14.6,17.4,0,301,100,100,HOLDING,0.6,4,3.1,-40,0,MARGINAL,2,6,false,0,0,false,5min,
backtest,2026-07-07,06:15,DP Soda Lakes,15,11.7,10,8.5,14.6,18.3,0,288,100,92,BUILDING,3.5,3,2.8,-25,-15,MARGINAL,3,6,false,0,0,false,5min,
backtest,2026-07-07,06:30,DP Soda Lakes,15,11.7,10.6,9.9,14.4,18.3,0,276,100,67,HOLDING,2.3,3,2.6,-10,-30,NO_GO,0,6,false,0,0,false,5min,
backtest,2026-07-07,06:45,DP Soda Lakes,15,11,11.3,9.3,12.3,18.3,0,273,100,67,HOLDING,-0.7,3,1.9,5,-45,NO_GO,0,6,false,0,0,false,5min,
backtest,2026-07-07,07:00,DP Soda Lakes,15,6.7,9.2,2.3,11.5,18.3,0,267,75,42,DECAYING,-5,5,1.2,20,-60,NO_GO,0,6,false,0,0,false,5min,
backtest,2026-07-08,05:00,DP Soda Lakes,15,11.3,10.9,6.8,14.8,19.2,0,284,100,92,HOLDING,0.9,7,3.2,-100,60,MARGINAL,1,6,false,15,15,false,5min,
backtest,2026-07-08,05:15,DP Soda Lakes,15,13.5,11.1,11.2,14.8,20.8,0,280,100,75,BUILDING,4.8,8,2.5,-85,45,MARGINAL,2,6,false,15,15,false,5min,
backtest,2026-07-08,05:30,DP Soda Lakes,15,14.6,13,11.2,17.1,24.8,50,275,100,83,BUILDING,3.2,7,1.4,-70,30,GO,4,6,false,15,15,false,5min,
backtest,2026-07-08,05:45,DP Soda Lakes,15,12.2,12.8,4.7,17.1,24.8,50,270,83,67,HOLDING,-1.3,7,2.1,-55,15,NO_GO,-1,6,false,15,15,false,5min,
backtest,2026-07-08,06:00,DP Soda Lakes,15,6.9,10.7,3,12.1,19.9,0,272,83,67,DECAYING,-7.7,6,3.2,-40,0,NO_GO,0,6,false,15,15,false,5min,
backtest,2026-07-08,06:15,DP Soda Lakes,15,6.2,9.2,3,11.9,18.3,0,270,83,58,DECAYING,-6,6,3.4,-25,-15,NO_GO,0,6,false,15,15,false,5min,
backtest,2026-07-08,06:30,DP Soda Lakes,15,10.6,8.7,4.3,16.1,22.6,33,268,83,50,BUILDING,3.7,7,2.9,-10,-30,NO_GO,0,6,false,15,15,false,5min,
backtest,2026-07-08,06:45,DP Soda Lakes,15,14.6,10.4,11.1,16.1,22.6,50,269,100,50,BUILDING,8.4,8,2,5,-45,MARGINAL,2,6,false,15,15,false,5min,
backtest,2026-07-08,07:00,DP Soda Lakes,15,11.7,11.1,2.9,15.7,21.9,17,268,100,42,HOLDING,1.1,7,1.3,20,-60,NO_GO,-3,6,false,15,15,false,5min,
backtest,2026-07-09,05:00,DP Soda Lakes,15,5.1,5.3,2.1,9.2,13.2,0,289,92,58,HOLDING,-0.3,-5,1.5,-101,60,NO_GO,0,6,false,25,5,false,5min,
backtest,2026-07-09,05:15,DP Soda Lakes,15,5.8,5.7,2.1,9.2,13.9,0,275,83,42,HOLDING,0.2,-7,1.7,-86,45,NO_GO,0,6,false,25,5,false,5min,
backtest,2026-07-09,05:30,DP Soda Lakes,15,6.8,6,2.1,8.9,14.1,0,284,83,50,HOLDING,1.6,-3,1.5,-71,30,NO_GO,0,6,false,25,5,false,5min,
backtest,2026-07-09,05:45,DP Soda Lakes,15,7.9,6.8,6,9.3,14.1,0,291,75,58,HOLDING,2.1,-5,2.7,-56,15,NO_GO,0,6,false,25,5,false,5min,
backtest,2026-07-09,06:00,DP Soda Lakes,15,7.5,7.2,6,9.3,13,0,287,83,58,HOLDING,0.8,-4,4.3,-41,0,NO_GO,0,6,false,25,5,false,5min,
backtest,2026-07-09,06:15,DP Soda Lakes,15,5.6,6.7,2.4,7.9,12.1,0,281,75,58,HOLDING,-2.3,-4,4.2,-26,-15,NO_GO,0,6,false,25,5,false,5min,
backtest,2026-07-09,06:30,DP Soda Lakes,15,6.1,6.8,2.4,10.3,19.9,0,270,83,58,HOLDING,-1.4,-13,2.1,-11,-30,NO_GO,0,6,false,25,5,false,5min,
backtest,2026-07-09,06:45,DP Soda Lakes,15,6.9,6.2,4.5,10.3,19.9,0,265,83,58,HOLDING,1.3,-9,0.8,4,-45,NO_GO,0,6,false,25,5,false,5min,
backtest,2026-07-09,07:00,DP Soda Lakes,15,5.3,5.7,4.3,7.6,13.2,0,254,83,42,HOLDING,-0.8,-13,0.9,19,-60,NO_GO,0,6,false,25,5,false,5min,
backtest,2026-07-10,05:00,DP Soda Lakes,15,5.4,4.3,1.9,10.6,14.3,0,350,42,8,HOLDING,2.2,3,2.6,-102,60,NO_GO,0,6,false,0,5,false,5min,
backtest,2026-07-10,05:15,DP Soda Lakes,15,8.3,5.5,3.3,11.1,15,0,315,50,33,BUILDING,5.5,4,2.6,-87,45,NO_GO,0,6,false,0,5,false,5min,
backtest,2026-07-10,05:30,DP Soda Lakes,15,10.6,8,7.9,13,19.9,0,301,67,58,BUILDING,5.2,3,2.2,-72,30,MARGINAL,1,6,false,0,5,false,5min,
backtest,2026-07-10,05:45,DP Soda Lakes,15,12.3,10.3,10.3,15.7,19.9,17,288,92,83,BUILDING,4.1,2,2.8,-57,15,MARGINAL,3,6,false,0,5,false,5min,
backtest,2026-07-10,06:00,DP Soda Lakes,15,13.1,11.8,10.3,15.7,21.7,17,292,100,100,HOLDING,2.5,3,3.9,-42,0,GO,4,6,false,0,5,false,5min,
backtest,2026-07-10,06:15,DP Soda Lakes,15,13.2,12.8,11.9,14.9,21.7,0,292,100,100,HOLDING,0.9,2,4.2,-27,-15,GO,4,6,false,0,5,false,5min,
backtest,2026-07-10,06:30,DP Soda Lakes,15,12,12.5,9.1,13.2,20.4,0,290,100,100,HOLDING,-1,2,2.9,-12,-30,MARGINAL,2,6,false,0,5,false,5min,
backtest,2026-07-10,06:45,DP Soda Lakes,15,12,12.6,9.1,14,19.2,0,287,100,92,HOLDING,-1.2,0,1.4,3,-45,MARGINAL,2,6,false,0,5,false,5min,
backtest,2026-07-10,07:00,DP Soda Lakes,15,13.3,12.6,11.4,14.4,19.7,0,281,100,75,HOLDING,1.2,-1,1.3,18,-60,MARGINAL,2,6,false,0,5,false,5min,
backtest,2026-07-11,05:00,DP Soda Lakes,15,14.3,12.3,13.2,15.1,20.8,33,287,100,100,BUILDING,3.9,-4,2.9,-102,60,GO,5,6,false,10,35,true,5min,
backtest,2026-07-11,05:15,DP Soda Lakes,15,14,13.6,13.1,15.1,21.5,17,284,100,100,HOLDING,0.7,-6,2.3,-87,45,GO,5,6,false,10,35,true,5min,
backtest,2026-07-11,05:30,DP Soda Lakes,15,15.2,14.7,13.1,18.1,23.9,50,277,100,100,HOLDING,0.9,-5,2,-72,30,GO,6,6,false,10,35,true,5min,
backtest,2026-07-11,05:45,DP Soda Lakes,15,16.6,15.3,15.4,18.1,23.9,100,274,100,83,HOLDING,2.6,-4,2.3,-57,15,GO,5,6,false,10,35,true,5min,
backtest,2026-07-11,06:00,DP Soda Lakes,15,16.4,15.8,14.6,17.4,24.8,83,274,100,83,HOLDING,1.2,-4,2.5,-42,0,GO,5,6,false,10,35,true,5min,
backtest,2026-07-11,06:15,DP Soda Lakes,15,15,15.8,12.2,17.4,24.8,50,277,100,83,HOLDING,-1.6,-3,2.3,-27,-15,GO,5,6,false,10,35,true,5min,
backtest,2026-07-11,06:30,DP Soda Lakes,15,10.8,13.6,7,15.5,22.6,17,285,100,83,DECAYING,-5.6,-3,2.4,-12,-30,MARGINAL,1,6,false,10,35,true,5min,
backtest,2026-07-11,06:45,DP Soda Lakes,15,9,12,7,11.6,15,0,289,100,100,DECAYING,-6,-3,1.5,3,-45,MARGINAL,1,6,false,10,35,true,5min,
backtest,2026-07-11,07:00,DP Soda Lakes,15,11.6,11.2,8.6,14.4,19.7,0,290,100,100,HOLDING,0.8,-5,1.1,18,-60,MARGINAL,3,6,false,10,35,true,5min,
backtest,2026-07-12,05:00,DP Soda Lakes,15,16.2,15.7,14.6,18.3,26.6,83,285,100,100,HOLDING,1,-7,2.3,-103,60,GO,6,6,true,80,70,false,5min,
backtest,2026-07-12,05:15,DP Soda Lakes,15,19.5,17.8,15.3,23.9,28.6,100,285,100,100,BUILDING,3.4,-7,2.1,-88,45,GO,7,6,true,80,70,false,5min,
backtest,2026-07-12,05:30,DP Soda Lakes,15,21.1,18.7,19.3,23.9,29.3,100,281,100,92,BUILDING,4.9,-8,1.1,-73,30,GO,7,6,true,80,70,false,5min,
backtest,2026-07-12,05:45,DP Soda Lakes,15,19.7,19.6,17.8,21.3,29.3,100,278,100,92,HOLDING,0.2,-8,0.5,-58,15,GO,6,6,true,80,70,false,5min,
backtest,2026-07-12,06:00,DP Soda Lakes,15,20.7,20.9,17.8,22.4,29.5,100,278,100,92,HOLDING,-0.5,-9,1.3,-43,0,GO,6,6,true,80,70,false,5min,
backtest,2026-07-12,06:15,DP Soda Lakes,15,20.5,20.1,16.9,22.4,29.5,100,275,100,67,HOLDING,0.8,-8,2.3,-28,-15,GO,4,6,true,80,70,false,5min,
backtest,2026-07-12,06:30,DP Soda Lakes,15,17.9,19.3,14.7,20.4,28.4,83,274,100,58,HOLDING,-2.7,-8,1.9,-13,-30,GO,4,6,true,80,70,false,5min,
backtest,2026-07-12,06:45,DP Soda Lakes,15,18,19.2,14.7,20.7,28.6,83,272,100,42,HOLDING,-2.5,-7,2,2,-45,MARGINAL,2,6,true,80,70,false,5min,
backtest,2026-07-12,07:00,DP Soda Lakes,15,19.3,18.6,17.6,20.7,28.6,100,267,100,25,HOLDING,1.3,-8,2.2,17,-60,MARGINAL,2,6,true,80,70,false,5min,
backtest,2026-07-13,05:00,DP Soda Lakes,15,8.7,7.1,6.1,11.4,17,0,301,100,100,BUILDING,3.2,-3,3.9,-104,60,NO_GO,0,6,false,0,0,false,5min,
backtest,2026-07-13,05:15,DP Soda Lakes,15,8.7,7.9,6.2,11.4,17,0,305,100,100,HOLDING,1.6,-4,2.6,-89,45,NO_GO,0,6,false,0,0,false,5min,
backtest,2026-07-13,05:30,DP Soda Lakes,15,7,7.8,3.2,9.9,16.3,0,307,100,100,HOLDING,-1.7,-2,1.1,-74,30,NO_GO,0,6,false,0,0,false,5min,
backtest,2026-07-13,05:45,DP Soda Lakes,15,7.9,8.3,3.2,10,14.3,0,308,100,100,HOLDING,-0.8,-4,1.1,-59,15,NO_GO,0,6,false,0,0,false,5min,
backtest,2026-07-13,06:00,DP Soda Lakes,15,8.4,7.7,7.2,10,14.1,0,307,100,100,HOLDING,1.4,-3,1.9,-44,0,NO_GO,0,6,false,0,0,false,5min,
backtest,2026-07-13,06:15,DP Soda Lakes,15,6.1,7,3.1,8.2,14.1,0,297,100,83,HOLDING,-1.8,1,1.5,-29,-15,NO_GO,0,6,false,0,0,false,5min,
backtest,2026-07-13,06:30,DP Soda Lakes,15,6.5,7.4,3.1,11,14.8,0,296,100,83,HOLDING,-1.9,-1,1.2,-14,-30,NO_GO,0,6,false,0,0,false,5min,
backtest,2026-07-13,06:45,DP Soda Lakes,15,9.2,7.6,5,11.3,15.7,0,291,100,83,BUILDING,3.1,-2,2.2,1,-45,MARGINAL,3,6,false,0,0,false,5min,
backtest,2026-07-13,07:00,DP Soda Lakes,15,9.7,8.1,8.9,11.3,15.7,0,285,100,83,BUILDING,3.2,-2,3.5,16,-60,MARGINAL,3,6,false,0,0,false,5min,
backtest,2026-07-14,05:00,DP Soda Lakes,15,13.7,13,11.4,14.9,21.7,0,270,100,58,HOLDING,1.3,2,1.2,-105,60,MARGINAL,2,6,false,5,5,false,5min,
backtest,2026-07-14,05:15,DP Soda Lakes,15,13.5,13.5,11,15.6,21.2,17,270,100,50,HOLDING,0.1,2,2.4,-90,45,MARGINAL,2,6,false,5,5,false,5min,
backtest,2026-07-14,05:30,DP Soda Lakes,15,13.9,13.8,11,15.6,21.2,17,271,100,67,HOLDING,0.2,1,3,-75,30,MARGINAL,2,6,false,5,5,false,5min,
backtest,2026-07-14,05:45,DP Soda Lakes,15,13.5,13.5,10,14.9,21,0,274,100,67,HOLDING,0,2,1.6,-60,15,MARGINAL,2,6,false,5,5,false,5min,
backtest,2026-07-14,06:00,DP Soda Lakes,15,12.1,13,10,14.9,20.1,0,277,100,83,HOLDING,-1.8,3,1.1,-45,0,MARGINAL,2,6,false,5,5,false,5min,
backtest,2026-07-14,06:15,DP Soda Lakes,15,12.4,12.9,10.4,15,18.8,17,278,100,92,HOLDING,-1.2,2,1.7,-30,-15,MARGINAL,2,6,false,5,5,false,5min,
backtest,2026-07-14,06:30,DP Soda Lakes,15,12.1,12.1,9.8,15,18.8,17,278,100,92,HOLDING,0,2,2.1,-15,-30,MARGINAL,2,6,false,5,5,false,5min,
backtest,2026-07-14,06:45,DP Soda Lakes,15,10.8,11.6,9.2,13.1,19,0,279,100,92,HOLDING,-1.6,3,1.8,0,-45,MARGINAL,2,6,false,5,5,false,5min,
backtest,2026-07-14,07:00,DP Soda Lakes,15,12.2,12.2,9.2,13.9,19.2,0,277,100,83,HOLDING,0.1,2,1.2,15,-60,MARGINAL,2,6,false,5,5,false,5min,
backtest,2026-07-15,05:00,DP Soda Lakes,15,9.3,8.1,8,10.8,15.4,0,290,100,92,HOLDING,2.3,1,1.9,-105,60,MARGINAL,2,6,false,0,0,false,5min,
backtest,2026-07-15,05:15,DP Soda Lakes,15,8.4,8.5,7.6,9.1,13.9,0,287,100,92,HOLDING,-0.1,1,1.4,-90,45,NO_GO,0,6,false,0,0,false,5min,
backtest,2026-07-15,05:30,DP Soda Lakes,15,8.5,8.9,7.6,9.3,14.1,0,287,100,92,HOLDING,-0.7,1,3.1,-75,30,NO_GO,0,6,false,0,0,false,5min,
backtest,2026-07-15,05:45,DP Soda Lakes,15,8.6,8.5,7.8,9.3,15,0,294,100,100,HOLDING,0.1,2,3.6,-60,15,NO_GO,0,6,false,0,0,false,5min,
backtest,2026-07-15,06:00,DP Soda Lakes,15,8.2,8.3,7,9.1,15,0,297,100,100,HOLDING,-0.4,2,3,-45,0,NO_GO,0,6,false,0,0,false,5min,
backtest,2026-07-15,06:15,DP Soda Lakes,15,8.2,8.4,7,10,14.1,0,298,100,100,HOLDING,-0.4,2,2.4,-30,-15,NO_GO,0,6,false,0,0,false,5min,
backtest,2026-07-15,06:30,DP Soda Lakes,15,8.4,8.3,6.8,10,14.1,0,296,100,100,HOLDING,0.3,2,1.8,-15,-30,NO_GO,0,6,false,0,0,false,5min,
backtest,2026-07-15,06:45,DP Soda Lakes,15,7.8,8,6,9.2,13.7,0,295,100,100,HOLDING,-0.4,3,1,0,-45,NO_GO,0,6,false,0,0,false,5min,
backtest,2026-07-15,07:00,DP Soda Lakes,15,7.7,8.1,6,8.9,14.8,0,293,100,100,HOLDING,-0.7,4,0.9,15,-60,NO_GO,0,6,false,0,0,false,5min,
backtest,2026-07-16,05:00,DP Soda Lakes,15,5.7,6.2,5.3,6,10.7,0,311,100,92,HOLDING,-1,2,2.4,-106,60,NO_GO,0,6,false,0,0,false,5min,
backtest,2026-07-16,05:15,DP Soda Lakes,15,5.6,6,4.6,6,11.9,0,308,100,92,HOLDING,-0.7,1,2.4,-91,45,NO_GO,0,6,false,0,0,false,5min,
backtest,2026-07-16,05:30,DP Soda Lakes,15,5.3,5.5,3.9,5.9,11.9,0,288,92,75,HOLDING,-0.4,3,2.6,-76,30,NO_GO,0,6,false,0,0,false,5min,
backtest,2026-07-16,05:45,DP Soda Lakes,15,7.1,6.4,3.9,9.6,14.8,0,280,92,75,HOLDING,1.5,2,3.1,-61,15,NO_GO,0,6,false,0,0,false,5min,
backtest,2026-07-16,06:00,DP Soda Lakes,15,8.5,6.9,7,9.6,14.8,0,280,92,75,BUILDING,3.3,2,2.6,-46,0,NO_GO,0,6,false,0,0,false,5min,
backtest,2026-07-16,06:15,DP Soda Lakes,15,7.2,7.2,5.1,8.9,14.8,0,285,92,75,HOLDING,0.1,3,2.8,-31,-15,NO_GO,0,6,false,0,0,false,5min,
backtest,2026-07-16,06:30,DP Soda Lakes,15,5.2,6.9,2.8,7.8,12.1,0,290,100,83,DECAYING,-3.3,3,3.3,-16,-30,NO_GO,0,6,false,0,0,false,5min,
backtest,2026-07-16,06:45,DP Soda Lakes,15,4.4,5.8,2.8,5.3,8.9,0,298,100,83,HOLDING,-2.8,3,3,-1,-45,NO_GO,0,6,false,0,0,false,5min,
backtest,2026-07-16,07:00,DP Soda Lakes,15,5.7,5.5,4.6,7.2,11,0,296,100,75,HOLDING,0.5,5,2.4,14,-60,NO_GO,0,6,false,0,0,false,5min,
backtest,2026-07-17,05:00,DP Soda Lakes,15,7.2,5.2,1.9,13.8,19.5,0,252,75,33,BUILDING,4,-4,2.2,-107,60,NO_GO,0,6,false,10,15,false,5min,
backtest,2026-07-17,05:15,DP Soda Lakes,15,12.2,7.2,11.1,13.8,19.5,0,249,92,42,BUILDING,9.9,-5,2.3,-92,45,NO_GO,0,6,false,10,15,false,5min,
backtest,2026-07-17,05:30,DP Soda Lakes,15,12.8,10,11.1,14.4,19.9,0,261,92,67,BUILDING,5.7,-5,1.6,-77,30,GO,4,6,false,10,15,false,5min,
backtest,2026-07-17,05:45,DP Soda Lakes,15,14.2,13.2,11.9,17.2,23.3,17,273,100,83,HOLDING,2,-3,1,-62,15,GO,4,6,false,10,15,false,5min,
backtest,2026-07-17,06:00,DP Soda Lakes,15,15.5,14.1,13.1,17.2,24.4,50,273,100,75,HOLDING,2.6,-5,1.8,-47,0,GO,4,6,false,10,15,false,5min,
backtest,2026-07-17,06:15,DP Soda Lakes,15,14.9,14.6,13.4,16.9,24.4,33,272,100,58,HOLDING,0.7,-4,1.8,-32,-15,MARGINAL,2,6,false,10,15,false,5min,
backtest,2026-07-17,06:30,DP Soda Lakes,15,13.1,14.3,10.9,14.2,20.4,0,272,100,50,HOLDING,-2.3,-5,2.6,-17,-30,MARGINAL,3,6,false,10,15,false,5min,
backtest,2026-07-17,06:45,DP Soda Lakes,15,12.7,13.8,10.9,14.7,20.4,0,274,100,58,HOLDING,-2.3,-3,3.2,-2,-45,NO_GO,0,6,false,10,15,false,5min,
backtest,2026-07-17,07:00,DP Soda Lakes,15,14.4,13.7,11,17.3,21.7,33,273,100,58,HOLDING,1.3,-5,1.3,13,-60,MARGINAL,3,6,false,10,15,false,5min,
backtest,2026-07-18,05:00,DP Soda Lakes,15,14.7,13.8,13.3,16,22.1,50,285,100,100,HOLDING,1.7,4,2.6,-108,60,GO,4,6,false,10,15,false,5min,
backtest,2026-07-18,05:15,DP Soda Lakes,15,15.3,14.3,13.9,16.6,23.5,67,284,100,100,HOLDING,1.9,4,3,-93,45,GO,5,6,false,10,15,false,5min,
backtest,2026-07-18,05:30,DP Soda Lakes,15,15.3,15,14,16.6,23.9,50,281,100,92,HOLDING,0.7,4,3.8,-78,30,GO,5,6,false,10,15,false,5min,
backtest,2026-07-18,05:45,DP Soda Lakes,15,15.3,15.3,14.5,16.1,23.9,67,277,100,83,HOLDING,0,4,3.7,-63,15,GO,5,6,false,10,15,false,5min,
backtest,2026-07-18,06:00,DP Soda Lakes,15,14,14.6,11.3,15.7,22.4,50,275,100,83,HOLDING,-1.4,4,3.2,-48,0,GO,4,6,false,10,15,false,5min,
backtest,2026-07-18,06:15,DP Soda Lakes,15,12.9,14.1,11.3,14.4,21.9,0,273,100,75,HOLDING,-2.4,5,2.6,-33,-15,MARGINAL,1,6,false,10,15,false,5min,
backtest,2026-07-18,06:30,DP Soda Lakes,15,14.3,14.2,11.4,16.2,21.9,33,275,100,83,HOLDING,0.4,5,2.4,-18,-30,MARGINAL,3,6,false,10,15,false,5min,
backtest,2026-07-18,06:45,DP Soda Lakes,15,15.5,14.2,13.2,17.3,23.3,67,274,100,92,HOLDING,2.7,5,2.6,-3,-45,GO,4,6,false,10,15,false,5min,
backtest,2026-07-18,07:00,DP Soda Lakes,15,15.4,14.9,13.2,17.3,23.3,67,273,100,83,HOLDING,1.1,5,2.2,12,-60,GO,4,6,false,10,15,false,5min,
backtest,2026-07-19,05:00,DP Soda Lakes,15,12.8,13.5,11.1,14.9,19,0,276,100,75,HOLDING,-1.5,5,3,-108,60,MARGINAL,1,6,false,10,5,false,5min,
backtest,2026-07-19,05:15,DP Soda Lakes,15,11.5,12.7,8.8,13.7,18.6,0,276,100,83,HOLDING,-2.4,6,1.7,-93,45,MARGINAL,1,6,false,10,5,false,5min,
backtest,2026-07-19,05:30,DP Soda Lakes,15,10.3,11.5,8.8,12,17.7,0,273,100,75,HOLDING,-2.4,5,2.3,-78,30,NO_GO,-1,6,false,10,5,false,5min,
backtest,2026-07-19,05:45,DP Soda Lakes,15,10.7,11.1,9.6,11.8,17.2,0,273,100,67,HOLDING,-0.9,7,2.5,-63,15,NO_GO,-1,6,false,10,5,false,5min,
backtest,2026-07-19,06:00,DP Soda Lakes,15,12.2,11.2,9.6,14.2,19.7,0,273,100,75,HOLDING,1.8,6,1.3,-48,0,NO_GO,-1,6,false,10,5,false,5min,
backtest,2026-07-19,06:15,DP Soda Lakes,15,12.3,11.5,10.2,14.2,19.7,0,274,100,75,HOLDING,1.6,7,1.8,-33,-15,NO_GO,-1,6,false,10,5,false,5min,
backtest,2026-07-19,06:30,DP Soda Lakes,15,12.2,12.2,10.2,13.1,19,0,274,100,83,HOLDING,0,6,2.7,-18,-30,MARGINAL,1,6,false,10,5,false,5min,
backtest,2026-07-19,06:45,DP Soda Lakes,15,12.9,12.6,12,13.6,19,0,272,100,67,HOLDING,0.6,7,2.8,-3,-45,MARGINAL,1,6,false,10,5,false,5min,
backtest,2026-07-19,07:00,DP Soda Lakes,15,14.2,13.2,12,16.4,22.8,33,271,100,67,HOLDING,2,7,3,12,-60,MARGINAL,1,6,false,10,5,false,5min,
backtest,2026-07-20,05:00,DP Soda Lakes,15,14.6,15,12.1,17.6,22.8,33,279,100,83,HOLDING,-0.9,-6,2,-109,60,GO,5,6,true,35,20,false,5min,
backtest,2026-07-20,05:15,DP Soda Lakes,15,15.2,15.8,12.1,17.6,23.9,50,283,100,83,HOLDING,-1.1,-5,1.3,-94,45,GO,6,6,true,35,20,false,5min,
backtest,2026-07-20,05:30,DP Soda Lakes,15,15.4,15,12.9,17.6,23.9,50,277,100,67,HOLDING,0.9,-5,1.2,-79,30,GO,4,6,true,35,20,false,5min,
backtest,2026-07-20,05:45,DP Soda Lakes,15,15.6,15.4,12.9,18.4,23.7,67,278,100,75,HOLDING,0.4,-5,1.7,-64,15,GO,4,6,true,35,20,false,5min,
backtest,2026-07-20,06:00,DP Soda Lakes,15,15.6,15.5,11.6,18.4,24.4,67,276,100,75,HOLDING,0.1,-5,2.3,-49,0,GO,4,6,true,35,20,false,5min,
backtest,2026-07-20,06:15,DP Soda Lakes,15,14.3,15,11.6,17.4,24.4,17,272,100,58,HOLDING,-1.3,-7,1.7,-34,-15,MARGINAL,3,6,true,35,20,false,5min,
backtest,2026-07-20,06:30,DP Soda Lakes,15,14.9,15.2,13,17.2,23.5,33,273,100,58,HOLDING,-0.7,-6,0.7,-19,-30,MARGINAL,3,6,true,35,20,false,5min,
backtest,2026-07-20,06:45,DP Soda Lakes,15,14.5,14.4,11,17.4,23.5,50,270,100,50,HOLDING,0.2,-5,0.7,-4,-45,MARGINAL,3,6,true,35,20,false,5min,
backtest,2026-07-20,07:00,DP Soda Lakes,15,14.6,14.7,11,17.4,22.8,50,270,100,58,HOLDING,-0.3,-6,0.9,11,-60,MARGINAL,3,6,true,35,20,false,5min,
backtest,2026-07-21,05:00,DP Soda Lakes,15,8.2,9.3,6.9,9.2,15.7,0,270,100,50,HOLDING,-2.2,3,3.8,-110,60,NO_GO,0,6,false,0,15,false,5min,
backtest,2026-07-21,05:15,DP Soda Lakes,15,6,7.9,3.8,8.1,12.1,0,272,100,58,DECAYING,-3.6,5,5.1,-95,45,NO_GO,0,6,false,0,15,false,5min,
backtest,2026-07-21,05:30,DP Soda Lakes,15,5.2,6.7,3.8,6,11.6,0,283,100,75,HOLDING,-3,10,5.4,-80,30,NO_GO,0,6,false,0,15,false,5min,
backtest,2026-07-21,05:45,DP Soda Lakes,15,5,5.5,3.4,6,11.6,0,298,92,75,HOLDING,-1,10,4.5,-65,15,NO_GO,0,6,false,0,15,false,5min,
backtest,2026-07-21,06:00,DP Soda Lakes,15,4.6,4.9,3.4,7.1,11.4,0,315,100,75,HOLDING,-0.6,15,5.4,-50,0,NO_GO,0,6,false,0,15,false,5min,
backtest,2026-07-21,06:15,DP Soda Lakes,15,6.9,6,3.8,11,16.8,0,329,100,58,HOLDING,1.9,24,5.4,-35,-15,NO_GO,0,6,false,0,15,false,5min,
backtest,2026-07-21,06:30,DP Soda Lakes,15,8,6.3,6.4,11,16.8,0,337,100,33,BUILDING,3.4,28,3.6,-20,-30,NO_GO,0,6,false,0,15,false,5min,
backtest,2026-07-21,06:45,DP Soda Lakes,15,8.5,7.7,6.4,11.9,19,0,342,100,17,HOLDING,1.5,29,4,-5,-45,NO_GO,0,6,false,0,15,false,5min,
backtest,2026-07-21,07:00,DP Soda Lakes,15,9.3,8.6,7.2,11.9,19,0,343,100,8,HOLDING,1.4,27,4.3,10,-60,NO_GO,-3,6,false,0,15,false,5min,
backtest,2026-07-22,05:00,DP Soda Lakes,15,6.7,7,5.4,7.5,13.2,0,267,100,42,HOLDING,-0.7,1,2.1,-111,60,NO_GO,0,6,false,10,0,false,5min,
backtest,2026-07-22,05:15,DP Soda Lakes,15,5.7,6.6,2.4,7.5,13.9,0,264,100,33,HOLDING,-1.8,1,1.9,-96,45,NO_GO,0,6,false,10,0,false,5min,
backtest,2026-07-22,05:30,DP Soda Lakes,15,4.8,5.7,2.4,6.8,13.9,0,259,92,25,HOLDING,-1.9,1,2.4,-81,30,NO_GO,0,6,false,10,0,false,5min,
backtest,2026-07-22,05:45,DP Soda Lakes,15,6.9,6.3,3,9.4,14.8,0,260,92,25,HOLDING,1.2,0,1.9,-66,15,NO_GO,0,6,false,10,0,false,5min,
backtest,2026-07-22,06:00,DP Soda Lakes,15,8.6,6.7,7.9,9.4,14.8,0,260,92,25,BUILDING,3.9,0,1.6,-51,0,NO_GO,0,6,false,10,0,false,5min,
backtest,2026-07-22,06:15,DP Soda Lakes,15,6.1,6.5,2.5,8.8,13.2,0,259,92,33,HOLDING,-0.8,0,2.2,-36,-15,NO_GO,0,6,false,10,0,false,5min,
backtest,2026-07-22,06:30,DP Soda Lakes,15,3.6,6.1,1.3,6.8,10.7,0,269,92,42,DECAYING,-5,3,2.9,-21,-30,NO_GO,0,6,false,10,0,false,5min,
backtest,2026-07-22,06:45,DP Soda Lakes,15,7.4,6.7,1.3,11.5,16.8,0,272,92,67,HOLDING,1.3,0,2.8,-6,-45,NO_GO,0,6,false,10,0,false,5min,
backtest,2026-07-22,07:00,DP Soda Lakes,15,12.7,8.2,10.9,16.3,22.1,17,274,83,75,BUILDING,9.1,-2,2.5,9,-60,MARGINAL,1,6,false,10,0,false,5min,
backtest,2026-07-23,05:00,DP Soda Lakes,15,7.6,5.6,0.9,11,17.7,0,263,67,42,BUILDING,3.9,-10,1.9,-112,60,NO_GO,0,6,false,0,0,false,5min,
backtest,2026-07-23,05:15,DP Soda Lakes,15,9.9,7.3,7.2,11.1,17.7,0,267,83,58,BUILDING,5.1,-12,1.8,-97,45,MARGINAL,2,6,false,0,0,false,5min,
backtest,2026-07-23,05:30,DP Soda Lakes,15,8.3,7.9,5.4,11.1,16.6,0,272,92,58,HOLDING,0.7,-10,2.4,-82,30,NO_GO,0,6,false,0,0,false,5min,
backtest,2026-07-23,05:45,DP Soda Lakes,15,9.3,9.6,5.4,12.6,18.8,0,273,100,58,HOLDING,-0.6,-11,2.5,-67,15,MARGINAL,1,6,false,0,0,false,5min,
backtest,2026-07-23,06:00,DP Soda Lakes,15,10.8,9.5,9.8,12.6,18.8,0,277,100,67,HOLDING,2.6,-9,2.6,-52,0,MARGINAL,1,6,false,0,0,false,5min,
backtest,2026-07-23,06:15,DP Soda Lakes,15,9.6,9.4,7.9,11.5,18.6,0,284,100,75,HOLDING,0.4,-10,2.5,-37,-15,MARGINAL,1,6,false,0,0,false,5min,
backtest,2026-07-23,06:30,DP Soda Lakes,15,8.4,9.6,6.9,9.6,14.5,0,295,100,92,HOLDING,-2.4,-10,3,-22,-30,NO_GO,0,6,false,0,0,false,5min,
backtest,2026-07-23,06:45,DP Soda Lakes,15,8.2,8.9,6.9,9.1,13.9,0,303,100,100,HOLDING,-1.5,-11,3.5,-7,-45,NO_GO,0,6,false,0,0,false,5min,
backtest,2026-07-23,07:00,DP Soda Lakes,15,8.9,8.6,6.9,11.4,17.4,0,308,100,100,HOLDING,0.5,-10,2.9,8,-60,NO_GO,0,6,false,0,0,false,5min,
backtest,2026-07-24,05:00,DP Soda Lakes,15,18.9,16.2,17.3,20.4,27.1,100,279,100,75,BUILDING,5.4,-18,3.1,-113,60,GO,5,6,false,20,65,true,5min,
backtest,2026-07-24,05:15,DP Soda Lakes,15,18.9,17.9,17.5,20,27.1,100,279,100,75,HOLDING,2,-15,2.1,-98,45,GO,4,6,false,20,65,true,5min,
backtest,2026-07-24,05:30,DP Soda Lakes,15,16.8,17.8,13.3,20,27.1,83,283,100,92,HOLDING,-2.1,-14,1.8,-83,30,GO,6,6,false,20,65,true,5min,
backtest,2026-07-24,05:45,DP Soda Lakes,15,13.1,16,9.3,16.3,23.5,33,287,100,92,DECAYING,-5.8,-20,1.4,-68,15,GO,4,6,false,20,65,true,5min,
backtest,2026-07-24,06:00,DP Soda Lakes,15,13.2,15,9.3,17,22.1,17,286,100,83,DECAYING,-3.5,-18,1.8,-53,0,GO,4,6,false,20,65,true,5min,
backtest,2026-07-24,06:15,DP Soda Lakes,15,15,14.1,13.4,17,22.1,50,280,92,67,HOLDING,1.9,-18,2,-38,-15,MARGINAL,3,6,false,20,65,true,5min,
backtest,2026-07-24,06:30,DP Soda Lakes,15,15,14.1,13.4,16.3,21.7,67,274,92,50,HOLDING,1.8,-19,3.8,-23,-30,GO,4,6,false,20,65,true,5min,
backtest,2026-07-24,06:45,DP Soda Lakes,15,13.8,14.4,12.1,16.3,20.8,33,272,100,50,HOLDING,-1.2,-17,4.7,-8,-45,MARGINAL,3,6,false,20,65,true,5min,
backtest,2026-07-24,07:00,DP Soda Lakes,15,13.7,14.4,11.7,16.7,21.2,33,268,100,33,HOLDING,-1.3,-16,4,7,-60,MARGINAL,1,6,false,20,65,true,5min,
backtest,2026-07-25,05:00,DP Soda Lakes,15,13.4,12.4,11.6,15.2,20.4,17,292,100,100,HOLDING,2,0,2.1,-114,60,GO,4,6,true,60,15,false,5min,
backtest,2026-07-25,05:15,DP Soda Lakes,15,12.5,13,11.4,14.6,21.7,0,289,100,100,HOLDING,-1.1,0,1.8,-99,45,MARGINAL,2,6,true,60,15,false,5min,
backtest,2026-07-25,05:30,DP Soda Lakes,15,13.3,13.4,11.4,16,21.7,17,282,100,92,HOLDING,0,1,2.6,-84,30,GO,4,6,true,60,15,false,5min,
backtest,2026-07-25,05:45,DP Soda Lakes,15,15.8,14.1,13.7,18.1,24.6,50,280,100,92,BUILDING,3.4,0,3.5,-69,15,GO,6,6,true,60,15,false,5min,
backtest,2026-07-25,06:00,DP Soda Lakes,15,18.2,15.8,14.7,21.5,28.4,83,277,100,83,BUILDING,4.9,1,4,-54,0,GO,6,6,true,60,15,false,5min,
backtest,2026-07-25,06:15,DP Soda Lakes,15,18.7,17.3,16.5,21.5,28.4,100,277,100,83,HOLDING,2.9,1,3.2,-39,-15,GO,5,6,true,60,15,false,5min,
backtest,2026-07-25,06:30,DP Soda Lakes,15,17.2,17.7,16,18.8,25.3,100,277,100,83,HOLDING,-1,1,2.6,-24,-30,GO,5,6,true,60,15,false,5min,
backtest,2026-07-25,06:45,DP Soda Lakes,15,17.1,17.9,16,17.9,25.3,100,275,100,75,HOLDING,-1.6,2,3,-9,-45,MARGINAL,3,6,true,60,15,false,5min,
backtest,2026-07-25,07:00,DP Soda Lakes,15,16.7,17,14.3,17.9,28.2,83,273,100,67,HOLDING,-0.5,0,2.6,6,-60,MARGINAL,3,6,true,60,15,false,5min,
backtest,2026-07-26,05:00,DP Soda Lakes,15,16.6,15.9,14.6,19.1,25.9,83,276,100,83,HOLDING,1.5,0,4.1,-114,60,GO,5,6,true,60,65,false,5min,
backtest,2026-07-26,05:15,DP Soda Lakes,15,18.1,17,14.6,19.8,28,83,275,100,75,HOLDING,2.1,0,4.1,-99,45,MARGINAL,3,6,true,60,65,false,5min,
backtest,2026-07-26,05:30,DP Soda Lakes,15,18.6,17.6,17,20.1,28,100,274,100,75,HOLDING,2,1,2.7,-84,30,MARGINAL,3,6,true,60,65,false,5min,
backtest,2026-07-26,05:45,DP Soda Lakes,15,17.5,17.8,16.1,20.1,28,100,270,100,67,HOLDING,-0.6,0,2.2,-69,15,MARGINAL,3,6,true,60,65,false,5min,
backtest,2026-07-26,06:00,DP Soda Lakes,15,17.6,18.1,16.1,19.3,27.5,100,271,100,67,HOLDING,-1,1,3.1,-54,0,MARGINAL,3,6,true,60,65,false,5min,
backtest,2026-07-26,06:15,DP Soda Lakes,15,17.6,17.5,15.2,19.3,26.4,100,273,100,83,HOLDING,0.1,2,1.9,-39,-15,GO,5,6,true,60,65,false,5min,
backtest,2026-07-26,06:30,DP Soda Lakes,15,16.9,17.3,15.2,18.7,25.3,100,275,100,92,HOLDING,-0.7,2,2.3,-24,-30,GO,5,6,true,60,65,false,5min,
backtest,2026-07-26,06:45,DP Soda Lakes,15,16.3,16.9,12.6,18.7,25.3,83,277,100,100,HOLDING,-1.2,3,3.5,-9,-45,GO,5,6,true,60,65,false,5min,
backtest,2026-07-26,07:00,DP Soda Lakes,15,16.8,16.9,12.6,19.5,24.8,83,278,100,100,HOLDING,-0.1,2,3.1,6,-60,GO,5,6,true,60,65,false,5min,
backtest,2026-07-27,05:00,DP Soda Lakes,15,5.4,8,3.1,7.7,12.1,0,304,100,58,DECAYING,-5.2,5,3.9,-115,60,NO_GO,0,6,false,0,30,true,5min,
backtest,2026-07-27,05:15,DP Soda Lakes,15,6.5,5.9,5,7.7,12.1,0,306,100,67,HOLDING,1.3,6,2.2,-100,45,NO_GO,0,6,false,0,30,true,5min,
backtest,2026-07-27,05:30,DP Soda Lakes,15,6.5,5.9,5.5,7.4,11.6,0,294,83,42,HOLDING,1.1,3,2.7,-85,30,NO_GO,0,6,false,0,30,true,5min,
backtest,2026-07-27,05:45,DP Soda Lakes,15,7.4,7,5.5,9.7,15,0,277,100,58,HOLDING,0.9,3,3.3,-70,15,NO_GO,0,6,false,0,30,true,5min,
backtest,2026-07-27,06:00,DP Soda Lakes,15,9.3,7.9,7.3,11.6,16.3,0,272,100,58,HOLDING,2.8,3,3.1,-55,0,NO_GO,0,6,false,0,30,true,5min,
backtest,2026-07-27,06:15,DP Soda Lakes,15,9.7,8.5,8.5,11.6,16.3,0,273,100,58,HOLDING,2.2,5,2.1,-40,-15,NO_GO,-1,6,false,0,30,true,5min,
backtest,2026-07-27,06:30,DP Soda Lakes,15,8.4,8.8,5.7,10.2,14.3,0,281,100,83,HOLDING,-0.9,5,1.8,-25,-30,NO_GO,0,6,false,0,30,true,5min,
backtest,2026-07-27,06:45,DP Soda Lakes,15,7.3,8.5,5.7,9.4,14.3,0,290,100,92,HOLDING,-2.4,4,2.4,-10,-45,NO_GO,0,6,false,0,30,true,5min,
backtest,2026-07-27,07:00,DP Soda Lakes,15,5.2,6.8,3.1,7.5,11,0,298,100,100,DECAYING,-3.2,5,3.5,5,-60,NO_GO,0,6,false,0,30,true,5min,
backtest,2026-07-28,05:00,DP Soda Lakes,15,10.3,11.4,7.7,12,18.1,0,276,100,75,HOLDING,-2.3,-2,2,-116,60,NO_GO,0,6,false,20,60,true,5min,
backtest,2026-07-28,05:15,DP Soda Lakes,15,9.2,10.9,6.9,11.6,16.1,0,280,100,92,DECAYING,-3.3,-2,2.9,-101,45,MARGINAL,1,6,false,20,60,true,5min,
backtest,2026-07-28,05:30,DP Soda Lakes,15,10.8,10.5,6.9,13.1,17.7,0,281,100,100,HOLDING,0.5,-1,3.5,-86,30,MARGINAL,2,6,false,20,60,true,5min,
backtest,2026-07-28,05:45,DP Soda Lakes,15,12.1,10.7,9.8,13.1,19.7,0,281,100,100,HOLDING,2.9,0,3.5,-71,15,MARGINAL,2,6,false,20,60,true,5min,
backtest,2026-07-28,06:00,DP Soda Lakes,15,12.9,11.8,11.8,14.7,22.1,0,277,100,92,HOLDING,2.1,-2,3.8,-56,0,GO,4,6,false,20,60,true,5min,
backtest,2026-07-28,06:15,DP Soda Lakes,15,14.7,13.4,11.8,17.9,22.4,17,274,100,83,HOLDING,2.6,-1,3.5,-41,-15,GO,4,6,false,20,60,true,5min,
backtest,2026-07-28,06:30,DP Soda Lakes,15,16.2,14.5,14.7,17.9,22.4,67,272,100,67,BUILDING,3.3,-2,2.8,-26,-30,GO,4,6,false,20,60,true,5min,
backtest,2026-07-28,06:45,DP Soda Lakes,15,16,15.3,14.8,17.4,23,83,273,100,67,HOLDING,1.3,-1,3.5,-11,-45,MARGINAL,3,6,false,20,60,true,5min,
backtest,2026-07-28,07:00,DP Soda Lakes,15,15.4,15.8,14.1,17.6,24.6,50,274,100,75,HOLDING,-0.7,-1,4,4,-60,MARGINAL,3,6,false,20,60,true,5min,
backtest,2026-07-29,05:00,DP Soda Lakes,15,12,11.7,10.8,14.6,24.8,0,270,100,58,HOLDING,0.5,-14,2.5,-117,60,MARGINAL,1,6,true,40,10,false,5min,
backtest,2026-07-29,05:15,DP Soda Lakes,15,13.1,12.1,8.6,16.1,24.8,33,269,100,58,HOLDING,2,-15,2.8,-102,45,MARGINAL,3,6,true,40,10,false,5min,
backtest,2026-07-29,05:30,DP Soda Lakes,15,12.9,12.4,8.6,16.1,25.9,33,277,92,75,HOLDING,0.9,-15,4.3,-87,30,MARGINAL,3,6,true,40,10,false,5min,
backtest,2026-07-29,05:45,DP Soda Lakes,15,12.4,12.7,9.5,14.4,25.9,0,282,92,83,HOLDING,-0.7,-15,6.2,-72,15,MARGINAL,3,6,true,40,10,false,5min,
backtest,2026-07-29,06:00,DP Soda Lakes,15,14.2,13.6,11.1,16.6,25.7,50,284,100,92,HOLDING,1.3,-13,3.8,-57,0,GO,5,6,true,40,10,false,5min,
backtest,2026-07-29,06:15,DP Soda Lakes,15,13.4,12.9,9.6,16.6,25.7,50,279,100,83,HOLDING,1,-15,2.8,-42,-15,GO,5,6,true,40,10,false,5min,
backtest,2026-07-29,06:30,DP Soda Lakes,15,9.6,11.9,6.3,11.3,25.7,0,282,100,83,DECAYING,-4.6,-18,3.9,-27,-30,MARGINAL,2,6,true,40,10,false,5min,
backtest,2026-07-29,06:45,DP Soda Lakes,15,9.3,11.4,6.3,12.8,21,0,282,100,83,DECAYING,-4.1,-16,3.1,-12,-45,MARGINAL,2,6,true,40,10,false,5min,
backtest,2026-07-29,07:00,DP Soda Lakes,15,12.1,10.9,6.9,16.8,25.1,17,280,100,83,HOLDING,2.5,-18,1.6,3,-60,MARGINAL,3,6,true,40,10,false,5min,
backtest,2026-07-30,05:00,DP Soda Lakes,15,5.5,8.1,2.4,9.3,14.5,0,272,83,50,DECAYING,-5.3,-12,2.3,-118,60,NO_GO,0,6,false,25,5,false,5min,
backtest,2026-07-30,05:15,DP Soda Lakes,15,7.1,8.1,2.4,10.8,19.7,0,271,83,50,HOLDING,-1.9,-13,1.8,-103,45,NO_GO,0,6,false,25,5,false,5min,
backtest,2026-07-30,05:30,DP Soda Lakes,15,11.5,8.5,9.5,14.1,20.6,0,274,83,67,BUILDING,6,-13,1.8,-88,30,MARGINAL,2,6,false,25,5,false,5min,
backtest,2026-07-30,05:45,DP Soda Lakes,15,13.1,10.1,10.7,14.1,21,0,275,83,67,BUILDING,6,-15,2,-73,15,GO,4,6,false,25,5,false,5min,
backtest,2026-07-30,06:00,DP Soda Lakes,15,14.7,13.1,12.3,17.7,24.4,33,274,100,83,BUILDING,3.2,-15,3.8,-58,0,GO,6,6,false,25,5,false,5min,
backtest,2026-07-30,06:15,DP Soda Lakes,15,15.3,14.3,14.3,17.7,24.4,50,277,100,92,HOLDING,2.2,-15,5.3,-43,-15,GO,6,6,false,25,5,false,5min,
backtest,2026-07-30,06:30,DP Soda Lakes,15,14.7,14.7,13.8,15.8,24.4,33,278,100,92,HOLDING,0,-16,3.5,-28,-30,GO,5,6,false,25,5,false,5min,
backtest,2026-07-30,06:45,DP Soda Lakes,15,14.7,15,13.8,15.8,25.3,17,278,100,92,HOLDING,-0.7,-16,2.1,-13,-45,GO,5,6,false,25,5,false,5min,
backtest,2026-07-30,07:00,DP Soda Lakes,15,14.3,14.5,13.3,14.9,25.3,0,278,100,83,HOLDING,-0.4,-16,3,2,-60,GO,5,6,false,25,5,false,5min,
backtest,2026-07-31,05:00,DP Soda Lakes,15,5.5,5.6,4.4,6.2,12.1,0,299,100,100,HOLDING,-0.2,12,1.7,-119,60,NO_GO,0,6,false,0,0,false,5min,
backtest,2026-07-31,05:15,DP Soda Lakes,15,7.3,6.6,5.7,10.2,14.8,0,297,100,100,HOLDING,1.5,9,2,-104,45,NO_GO,0,6,false,0,0,false,5min,
backtest,2026-07-31,05:30,DP Soda Lakes,15,9.7,7.6,7.7,11.7,15.9,0,289,100,92,BUILDING,4.2,9,2.6,-89,30,MARGINAL,2,6,false,0,0,false,5min,
backtest,2026-07-31,05:45,DP Soda Lakes,15,10.3,8.8,9.2,11.7,15.9,0,284,100,92,BUILDING,3,12,2.4,-74,15,MARGINAL,2,6,false,0,0,false,5min,
backtest,2026-07-31,06:00,DP Soda Lakes,15,10,9.9,9.2,10.7,17,0,279,100,75,HOLDING,0.3,12,2.1,-59,0,NO_GO,-1,6,false,0,0,false,5min,
backtest,2026-07-31,06:15,DP Soda Lakes,15,11,10.7,10,12.9,17,0,273,100,67,HOLDING,0.7,13,2.2,-44,-15,NO_GO,-1,6,false,0,0,false,5min,
backtest,2026-07-31,06:30,DP Soda Lakes,15,11.6,10.8,11.1,12.9,17,0,274,100,75,HOLDING,1.6,12,2,-29,-30,NO_GO,-1,6,false,0,0,false,5min,
backtest,2026-07-31,06:45,DP Soda Lakes,15,11.4,11.2,10.4,12.3,16.6,0,274,100,75,HOLDING,0.4,13,1.3,-14,-45,NO_GO,-1,6,false,0,0,false,5min,
backtest,2026-07-31,07:00,DP Soda Lakes,15,11.6,11.6,10.4,13.4,18.3,0,276,100,92,HOLDING,-0.1,13,2.3,1,-60,MARGINAL,1,6,false,0,0,false,5min,
backtest,2026-08-01,05:00,DP Soda Lakes,15,16.5,16.7,14.9,17.2,23.9,83,277,100,83,HOLDING,-0.5,-1,1.6,-120,60,GO,5,6,false,10,90,true,5min,
backtest,2026-08-01,05:15,DP Soda Lakes,15,16.1,16.6,14.9,16.8,23.7,83,275,100,83,HOLDING,-0.9,-2,2,-105,45,GO,5,6,false,10,90,true,5min,
backtest,2026-08-01,05:30,DP Soda Lakes,15,15.5,16,13.9,16.4,23.7,67,274,100,83,HOLDING,-1,-1,1.8,-90,30,GO,5,6,false,10,90,true,5min,
backtest,2026-08-01,05:45,DP Soda Lakes,15,15.1,15.6,13.9,15.9,23,67,272,100,67,HOLDING,-1,-1,2,-75,15,MARGINAL,3,6,false,10,90,true,5min,
backtest,2026-08-01,06:00,DP Soda Lakes,15,15.7,15.6,14.1,17.1,23,83,270,100,58,HOLDING,0.2,0,2.4,-60,0,MARGINAL,3,6,false,10,90,true,5min,
backtest,2026-08-01,06:15,DP Soda Lakes,15,15.3,15.2,13.4,17.1,22.8,67,271,100,58,HOLDING,0.2,-1,3.2,-45,-15,MARGINAL,3,6,false,10,90,true,5min,
backtest,2026-08-01,06:30,DP Soda Lakes,15,14.6,15.2,13.4,15.9,25.7,50,274,100,67,HOLDING,-1,-3,3.8,-30,-30,MARGINAL,2,6,false,10,90,true,5min,
backtest,2026-08-01,06:45,DP Soda Lakes,15,13.9,14.6,12,15.5,25.7,33,277,100,92,HOLDING,-1.4,-1,3.9,-15,-45,GO,4,6,false,10,90,true,5min,
backtest,2026-08-01,07:00,DP Soda Lakes,15,12.8,13.7,10.8,15.4,22.1,17,282,100,100,HOLDING,-1.8,-1,3.1,0,-60,GO,4,6,false,10,90,true,5min,
retrospective,2026-07-30,06:00,DP Soda Lakes,15,14.3,14.5,13.3,14.9,25.3,0,278,100,83,HOLDING,-0.4,-16,,2,0,GO,4,6,false,25,10,false,5min,"Real call, retrospective. Assistant said go; 16.0 mph through the 6am hour, session was good."
retrospective,2026-07-31,06:00,DP Soda Lakes,15,11.6,11.6,10.4,13.4,18.3,0,276,100,92,HOLDING,-0.1,13,,1,0,NO_GO,0,6,false,0,0,false,5min,"Real call, retrospective. Assistant said too light; user drove out at 6am and visually confirmed very light, did not go out. Only people on the water were struggling."
live,2026-08-01,05:46,DP Soda Lakes,15,14.7,15.1,13.9,15.5,25.7,50,280,100,100,HOLDING,-0.6,-2,3.7,-13,14,,,,,,,,,"light session per group - underpowered, marginal call was warranted"
